date,team,rank,points
1872-11-30,Scotland,1,1500.0
1872-11-30,England,2,1500.0
1873-03-08,England,1,1516.0
1873-03-08,Scotland,2,1484.0
1874-03-07,Scotland,1,1501.47
1874-03-07,England,2,1498.53
1875-03-06,Scotland,1,1501.33
1875-03-06,England,2,1498.67
1876-03-25,Scotland,1,1532.42
1876-03-25,Wales,2,1484.79
1876-03-25,England,3,1482.79
1877-03-05,Scotland,1,1559.35
1877-03-05,Wales,2,1471.59
1877-03-05,England,3,1469.06
1878-03-23,Scotland,1,1582.82
1878-03-23,Wales,2,1460.06
1878-03-23,England,3,1457.13
1879-04-07,Scotland,1,1572.7
1879-04-07,England,2,1494.15
1879-04-07,Wales,3,1433.16
1880-03-27,Scotland,1,1594.04
1880-03-27,England,2,1495.48
1880-03-27,Wales,3,1410.48
1881-03-14,Scotland,1,1613.37
1881-03-14,England,2,1464.89
1881-03-14,Wales,3,1421.74
1882-03-25,Scotland,1,1632.51
1882-03-25,Northern Ireland,2,1463.62
1882-03-25,England,3,1454.8
1882-03-25,Wales,4,1449.06
1883-03-17,Scotland,1,1649.54
1883-03-17,England,2,1476.59
1883-03-17,Northern Ireland,3,1446.93
1883-03-17,Wales,4,1426.94
1884-03-29,Scotland,1,1672.51
1884-03-29,England,2,1495.54
1884-03-29,Wales,3,1422.72
1884-03-29,Northern Ireland,4,1409.22
1885-11-28,Scotland,1,1676.85
1885-11-28,Canada,2,1516.0
1885-11-28,England,3,1511.22
1885-11-28,United States,4,1484.0
1885-11-28,Wales,5,1434.94
1885-11-28,Northern Ireland,6,1376.99
1886-11-25,Scotland,1,1680.74
1886-11-25,England,2,1540.11
1886-11-25,United States,3,1501.47
1886-11-25,Canada,4,1498.53
1886-11-25,Wales,5,1429.42
1886-11-25,Northern Ireland,6,1349.73
1887-03-21,Scotland,1,1700.09
1887-03-21,England,2,1548.42
1887-03-21,United States,3,1501.47
1887-03-21,Canada,4,1498.53
1887-03-21,Wales,5,1394.1
1887-03-21,Northern Ireland,6,1357.39
1888-09-19,Scotland,1,1694.57
1888-09-19,England,2,1586.53
1888-09-19,United States,3,1501.47
1888-09-19,Canada,4,1490.43
1888-09-19,Wales,5,1394.69
1888-09-19,Northern Ireland,6,1332.31
1889-04-27,Scotland,1,1697.94
1889-04-27,England,2,1588.67
1889-04-27,United States,3,1501.47
1889-04-27,Canada,4,1490.43
1889-04-27,Wales,5,1411.0
1889-04-27,Northern Ireland,6,1310.5
1890-04-05,Scotland,1,1701.3
1890-04-05,England,2,1607.08
1890-04-05,United States,3,1501.47
1890-04-05,Canada,4,1490.43
1890-04-05,Wales,5,1408.58
1890-04-05,Northern Ireland,6,1291.15
1891-04-04,Scotland,1,1688.55
1891-04-04,England,2,1638.95
1891-04-04,United States,3,1501.47
1891-04-04,Canada,4,1490.43
1891-04-04,Wales,5,1375.97
1891-04-04,Northern Ireland,6,1304.63
1892-04-02,Scotland,1,1677.81
1892-04-02,England,2,1666.83
1892-04-02,United States,3,1501.47
1892-04-02,Canada,4,1490.43
1892-04-02,Wales,5,1362.87
1892-04-02,Northern Ireland,6,1300.58
1893-04-01,England,1,1691.44
1893-04-01,Scotland,2,1668.87
1893-04-01,United States,3,1501.47
1893-04-01,Canada,4,1490.43
1893-04-01,Wales,5,1353.83
1893-04-01,Northern Ireland,6,1293.97
1894-04-07,England,1,1682.49
1894-04-07,Scotland,2,1677.06
1894-04-07,United States,3,1501.47
1894-04-07,Canada,4,1490.43
1894-04-07,Wales,5,1357.84
1894-04-07,Northern Ireland,6,1290.71
1895-04-06,England,1,1689.45
1895-04-06,Scotland,2,1653.18
1895-04-06,United States,3,1501.47
1895-04-06,Canada,4,1490.43
1895-04-06,Wales,5,1377.92
1895-04-06,Northern Ireland,6,1287.55
1896-04-04,England,1,1678.6
1896-04-04,Scotland,2,1664.28
1896-04-04,United States,3,1501.47
1896-04-04,Canada,4,1490.43
1896-04-04,Wales,5,1379.44
1896-04-04,Northern Ireland,6,1285.78
1897-04-03,Scotland,1,1674.11
1897-04-03,England,2,1668.84
1897-04-03,United States,3,1501.47
1897-04-03,Canada,4,1490.43
1897-04-03,Wales,5,1365.81
1897-04-03,Northern Ireland,6,1299.34
1898-04-02,England,1,1693.0
1898-04-02,Scotland,2,1665.6
1898-04-02,United States,3,1501.47
1898-04-02,Canada,4,1490.43
1898-04-02,Wales,5,1338.4
1898-04-02,Northern Ireland,6,1311.09
1899-04-08,England,1,1714.24
1899-04-08,Scotland,2,1658.55
1899-04-08,United States,3,1501.47
1899-04-08,Canada,4,1490.43
1899-04-08,Northern Ireland,5,1321.42
1899-04-08,Wales,6,1313.89
1900-04-07,England,1,1686.27
1900-04-07,Scotland,2,1683.79
1900-04-07,United States,3,1501.47
1900-04-07,Canada,4,1490.43
1900-04-07,Wales,5,1339.49
1900-04-07,Northern Ireland,6,1298.56
1901-03-30,England,1,1692.48
1901-03-30,Scotland,2,1675.6
1901-03-30,United States,3,1501.47
1901-03-30,Canada,4,1490.43
1901-03-30,Wales,5,1361.14
1901-03-30,Northern Ireland,6,1278.89
1902-10-12,England,1,1683.36
1902-10-12,Scotland,2,1683.15
1902-10-12,Argentina,3,1516.0
1902-10-12,Austria,4,1516.0
1902-10-12,United States,5,1501.47
1902-10-12,Canada,6,1490.43
1902-10-12,Uruguay,7,1484.0
1902-10-12,Hungary,8,1484.0
1902-10-12,Wales,9,1349.41
1902-10-12,Northern Ireland,10,1292.18
1903-10-11,Scotland,1,1675.58
1903-10-11,England,2,1672.94
1903-10-11,Austria,3,1516.13
1903-10-11,United States,4,1501.47
1903-10-11,Uruguay,5,1501.47
1903-10-11,Hungary,6,1500.6
1903-10-11,Argentina,7,1498.53
1903-10-11,Canada,8,1490.43
1903-10-11,Czechoslovakia,9,1483.26
1903-10-11,Northern Ireland,10,1335.26
1903-10-11,Wales,11,1324.32
1904-10-09,England,1,1680.4
1904-10-09,Scotland,2,1636.63
1904-10-09,Austria,3,1516.24
1904-10-09,United States,4,1501.47
1904-10-09,Uruguay,5,1501.47
1904-10-09,Hungary,6,1500.5
1904-10-09,Belgium,7,1500.0
1904-10-09,France,8,1500.0
1904-10-09,Argentina,9,1498.53
1904-10-09,Canada,10,1490.43
1904-10-09,Czechoslovakia,11,1483.26
1904-10-09,Northern Ireland,12,1359.34
1904-10-09,Wales,13,1331.74
1905-08-15,England,1,1686.73
1905-08-15,Scotland,2,1602.44
1905-08-15,Netherlands,3,1531.33
1905-08-15,Guernsey,4,1531.26
1905-08-15,Trinidad and Tobago,5,1516.0
1905-08-15,Austria,6,1515.52
1905-08-15,United States,7,1501.47
1905-08-15,Uruguay,8,1501.33
1905-08-15,Hungary,9,1501.22
1905-08-15,Argentina,10,1498.67
1905-08-15,France,11,1498.53
1905-08-15,Canada,12,1490.43
1905-08-15,Belgium,13,1486.14
1905-08-15,Jersey,14,1484.74
1905-08-15,Switzerland,15,1484.0
1905-08-15,Alderney,16,1484.0
1905-08-15,Guyana,17,1484.0
1905-08-15,Czechoslovakia,18,1483.26
1905-08-15,Northern Ireland,19,1364.04
1905-08-15,Wales,20,1354.88
1906-11-04,England,1,1674.66
1906-11-04,Scotland,2,1604.76
1906-11-04,Guernsey,3,1558.35
1906-11-04,Belgium,4,1535.75
1906-11-04,Hungary,5,1516.37
1906-11-04,Trinidad and Tobago,6,1516.0
1906-11-04,South Africa,7,1515.94
1906-11-04,Argentina,8,1514.89
1906-11-04,United States,9,1501.47
1906-11-04,Austria,10,1498.79
1906-11-04,Netherlands,11,1498.29
1906-11-04,Canada,12,1490.43
1906-11-04,Czechoslovakia,13,1484.84
1906-11-04,Switzerland,14,1484.0
1906-11-04,Guyana,15,1484.0
1906-11-04,France,16,1481.96
1906-11-04,Jersey,17,1470.87
1906-11-04,Alderney,18,1470.79
1906-11-04,Uruguay,19,1469.17
1906-11-04,Wales,20,1375.01
1906-11-04,Northern Ireland,21,1353.67
1907-11-03,England,1,1665.02
1907-11-03,Scotland,2,1589.95
1907-11-03,Guernsey,3,1571.1
1907-11-03,Belgium,4,1517.09
1907-11-03,Trinidad and Tobago,5,1516.0
1907-11-03,South Africa,6,1515.94
1907-11-03,Argentina,7,1514.89
1907-11-03,Hungary,8,1512.43
1907-11-03,United States,9,1501.47
1907-11-03,France,10,1499.62
1907-11-03,Austria,11,1499.31
1907-11-03,Netherlands,12,1499.29
1907-11-03,Canada,13,1490.43
1907-11-03,Czechoslovakia,14,1488.27
1907-11-03,Switzerland,15,1484.0
1907-11-03,Guyana,16,1484.0
1907-11-03,Jersey,17,1474.11
1907-11-03,Uruguay,18,1469.17
1907-11-03,Alderney,19,1454.79
1907-11-03,Wales,20,1424.89
1907-11-03,Northern Ireland,21,1328.23
1908-11-01,England,1,1705.56
1908-11-01,Scotland,2,1607.55
1908-11-01,Netherlands,3,1574.46
1908-11-01,Guernsey,4,1561.12
1908-11-01,Hungary,5,1518.18
1908-11-01,Belgium,6,1516.32
1908-11-01,Trinidad and Tobago,7,1516.0
1908-11-01,South Africa,8,1515.94
1908-11-01,Denmark,9,1515.25
1908-11-01,Argentina,10,1507.72
1908-11-01,United States,11,1501.47
1908-11-01,Austria,12,1496.49
1908-11-01,Jersey,13,1494.92
1908-11-01,Canada,14,1490.43
1908-11-01,Switzerland,15,1486.16
1908-11-01,Guyana,16,1484.0
1908-11-01,Norway,17,1484.0
1908-11-01,Uruguay,18,1476.34
1908-11-01,Sweden,19,1472.72
1908-11-01,France,20,1468.53
1908-11-01,Germany,21,1467.7
1908-11-01,Czechoslovakia,22,1466.51
1908-11-01,Alderney,23,1443.96
1908-11-01,Wales,24,1389.82
1908-11-01,Northern Ireland,25,1338.85
1909-11-07,England,1,1745.69
1909-11-07,Netherlands,2,1599.98
1909-11-07,Guernsey,3,1584.38
1909-11-07,Scotland,4,1578.4
1909-11-07,Argentina,5,1533.01
1909-11-07,Trinidad and Tobago,6,1516.0
1909-11-07,South Africa,7,1515.94
1909-11-07,Denmark,8,1515.25
1909-11-07,Hungary,9,1512.8
1909-11-07,Belgium,10,1505.78
1909-11-07,United States,11,1501.47
1909-11-07,Canada,12,1490.43
1909-11-07,Germany,13,1486.09
1909-11-07,Guyana,14,1484.0
1909-11-07,Norway,15,1484.0
1909-11-07,Jersey,16,1481.93
1909-11-07,Austria,17,1479.11
1909-11-07,Sweden,18,1472.72
1909-11-07,Switzerland,19,1469.31
1909-11-07,Czechoslovakia,20,1466.51
1909-11-07,France,21,1453.55
1909-11-07,Uruguay,22,1451.05
1909-11-07,Alderney,23,1433.68
1909-11-07,Wales,24,1422.1
1909-11-07,Northern Ireland,25,1316.83
1910-11-27,England,1,1713.14
1910-11-27,Netherlands,2,1615.95
1910-11-27,Scotland,3,1585.02
1910-11-27,Guernsey,4,1564.39
1910-11-27,Argentina,5,1539.1
1910-11-27,Belgium,6,1538.99
1910-11-27,Russia,7,1527.62
1910-11-27,Hungary,8,1527.37
1910-11-27,Trinidad and Tobago,9,1516.0
1910-11-27,South Africa,10,1515.94
1910-11-27,Jersey,11,1515.72
1910-11-27,Denmark,12,1515.25
1910-11-27,United States,13,1501.47
1910-11-27,Uruguay,14,1501.16
1910-11-27,Italy,15,1496.47
1910-11-27,Canada,16,1490.43
1910-11-27,Sweden,17,1489.24
1910-11-27,Guyana,18,1484.0
1910-11-27,Austria,19,1481.37
1910-11-27,Norway,20,1467.48
1910-11-27,Germany,21,1464.84
1910-11-27,Switzerland,22,1454.08
1910-11-27,Chile,23,1443.81
1910-11-27,Czechoslovakia,24,1438.89
1910-11-27,France,25,1427.54
1910-11-27,Wales,26,1422.08
1910-11-27,Alderney,27,1419.89
1910-11-27,Northern Ireland,28,1342.78
1911-12-17,England,1,1715.75
1911-12-17,Netherlands,2,1639.9
1911-12-17,Scotland,3,1590.59
1911-12-17,Hungary,4,1556.31
1911-12-17,Guernsey,5,1555.43
1911-12-17,Belgium,6,1539.99
1911-12-17,Jersey,7,1534.39
1911-12-17,Argentina,8,1531.5
1911-12-17,Russia,9,1527.62
1911-12-17,Sweden,10,1518.89
1911-12-17,Trinidad and Tobago,11,1516.0
1911-12-17,South Africa,12,1515.94
1911-12-17,Denmark,13,1515.25
1911-12-17,Uruguay,14,1508.76
1911-12-17,United States,15,1501.47
1911-12-17,Austria,16,1499.62
1911-12-17,Canada,17,1490.43
1911-12-17,Guyana,18,1484.0
1911-12-17,Finland,19,1483.45
1911-12-17,Luxembourg,20,1479.28
1911-12-17,Switzerland,21,1474.06
1911-12-17,Italy,22,1462.77
1911-12-17,Norway,23,1451.7
1911-12-17,Chile,24,1443.81
1911-12-17,Germany,25,1442.31
1911-12-17,Czechoslovakia,26,1438.89
1911-12-17,Wales,27,1435.57
1911-12-17,France,28,1415.05
1911-12-17,Alderney,29,1410.19
1911-12-17,Northern Ireland,30,1321.09
1912-12-22,England,1,1718.5
1912-12-22,Netherlands,2,1669.44
1912-12-22,Hungary,3,1618.67
1912-12-22,Scotland,4,1610.43
1912-12-22,Guernsey,5,1578.72
1912-12-22,Denmark,6,1561.8
1912-12-22,Uruguay,7,1533.22
1912-12-22,Sweden,8,1526.55
1912-12-22,Belgium,9,1523.94
1912-12-22,Jersey,10,1520.23
1912-12-22,Austria,11,1518.71
1912-12-22,Trinidad and Tobago,12,1516.0
1912-12-22,South Africa,13,1515.94
1912-12-22,Argentina,14,1507.03
1912-12-22,United States,15,1501.47
1912-12-22,Catalonia,16,1496.11
1912-12-22,Finland,17,1494.71
1912-12-22,Canada,18,1490.43
1912-12-22,Guyana,19,1484.0
1912-12-22,Luxembourg,20,1479.28
1912-12-22,France,21,1458.25
1912-12-22,Russia,22,1448.79
1912-12-22,Chile,23,1443.81
1912-12-22,Germany,24,1443.31
1912-12-22,Czechoslovakia,25,1438.89
1912-12-22,Switzerland,26,1428.57
1912-12-22,Italy,27,1426.37
1912-12-22,Norway,28,1411.68
1912-12-22,Alderney,29,1401.05
1912-12-22,Wales,30,1400.42
1912-12-22,Northern Ireland,31,1333.66
1913-11-23,England,1,1707.17
1913-11-23,Hungary,2,1652.68
1913-11-23,Netherlands,3,1642.32
1913-11-23,Denmark,4,1598.78
1913-11-23,Scotland,5,1596.2
1913-11-23,Guernsey,6,1592.53
1913-11-23,Belgium,7,1572.34
1913-11-23,Argentina,8,1528.45
1913-11-23,Uruguay,9,1522.85
1913-11-23,Jersey,10,1517.14
1913-11-23,Trinidad and Tobago,11,1516.0
1913-11-23,Philippines,12,1516.0
1913-11-23,South Africa,13,1515.94
1913-11-23,Austria,14,1509.3
1913-11-23,Sweden,15,1505.73
1913-11-23,United States,16,1501.47
1913-11-23,Catalonia,17,1496.11
1913-11-23,Finland,18,1494.71
1913-11-23,Canada,19,1490.43
1913-11-23,France,20,1489.98
1913-11-23,Guyana,21,1484.0
1913-11-23,China,22,1484.0
1913-11-23,Luxembourg,23,1463.02
1913-11-23,Czechoslovakia,24,1438.89
1913-11-23,Russia,25,1434.66
1913-11-23,Chile,26,1432.76
1913-11-23,Italy,27,1421.76
1913-11-23,Wales,28,1415.96
1913-11-23,Switzerland,29,1411.21
1913-11-23,Germany,30,1406.9
1913-11-23,Norway,31,1406.72
1913-11-23,Alderney,32,1390.33
1913-11-23,Northern Ireland,33,1343.69
1914-11-08,England,1,1663.83
1914-11-08,Hungary,2,1641.01
1914-11-08,Netherlands,3,1637.24
1914-11-08,Denmark,4,1617.38
1914-11-08,Guernsey,5,1612.39
1914-11-08,Scotland,6,1600.38
1914-11-08,Sweden,7,1542.66
1914-11-08,Belgium,8,1529.3
1914-11-08,Argentina,9,1525.4
1914-11-08,Uruguay,10,1521.87
1914-11-08,Austria,11,1520.85
1914-11-08,Trinidad and Tobago,12,1516.0
1914-11-08,Philippines,13,1516.0
1914-11-08,South Africa,14,1515.94
1914-11-08,Jersey,15,1504.89
1914-11-08,Brazil,16,1504.03
1914-11-08,United States,17,1501.47
1914-11-08,Catalonia,18,1496.11
1914-11-08,Canada,19,1490.43
1914-11-08,Guyana,20,1484.0
1914-11-08,China,21,1484.0
1914-11-08,Luxembourg,22,1481.16
1914-11-08,Finland,23,1479.22
1914-11-08,France,24,1460.03
1914-11-08,Italy,25,1457.94
1914-11-08,Czechoslovakia,26,1438.89
1914-11-08,Russia,27,1437.26
1914-11-08,Chile,28,1432.76
1914-11-08,Germany,29,1416.69
1914-11-08,Switzerland,30,1401.45
1914-11-08,Wales,31,1399.49
1914-11-08,Northern Ireland,32,1399.3
1914-11-08,Norway,33,1387.91
1914-11-08,Alderney,34,1382.72
1915-11-07,England,1,1663.83
1915-11-07,Denmark,2,1647.95
1915-11-07,Netherlands,3,1637.24
1915-11-07,Hungary,4,1624.79
1915-11-07,Guernsey,5,1612.39
1915-11-07,Scotland,6,1600.38
1915-11-07,Austria,7,1537.07
1915-11-07,Argentina,8,1536.71
1915-11-07,Belgium,9,1529.3
1915-11-07,Basque Country,10,1528.71
1915-11-07,Sweden,11,1522.47
1915-11-07,Trinidad and Tobago,12,1516.0
1915-11-07,South Africa,13,1515.94
1915-11-07,Uruguay,14,1510.56
1915-11-07,Jersey,15,1504.89
1915-11-07,Brazil,16,1504.03
1915-11-07,China,17,1502.8
1915-11-07,United States,18,1501.47
1915-11-07,Philippines,19,1497.2
1915-11-07,Canada,20,1490.43
1915-11-07,Guyana,21,1484.0
1915-11-07,Luxembourg,22,1481.16
1915-11-07,Finland,23,1479.22
1915-11-07,Italy,24,1471.36
1915-11-07,Catalonia,25,1467.4
1915-11-07,France,26,1460.03
1915-11-07,Czechoslovakia,27,1438.89
1915-11-07,Russia,28,1437.26
1915-11-07,Chile,29,1432.76
1915-11-07,Germany,30,1416.69
1915-11-07,Wales,31,1399.49
1915-11-07,Northern Ireland,32,1399.3
1915-11-07,Switzerland,33,1388.03
1915-11-07,Alderney,34,1382.72
1915-11-07,Norway,35,1377.54
1916-11-05,England,1,1663.83
1916-11-05,Denmark,2,1646.34
1916-11-05,Netherlands,3,1637.24
1916-11-05,Guernsey,4,1612.39
1916-11-05,Scotland,5,1600.38
1916-11-05,Hungary,6,1597.55
1916-11-05,Argentina,7,1585.36
1916-11-05,Austria,8,1564.31
1916-11-05,Basque Country,9,1550.35
1916-11-05,Belgium,10,1529.3
1916-11-05,Sweden,11,1522.07
1916-11-05,Trinidad and Tobago,12,1516.0
1916-11-05,South Africa,13,1515.94
1916-11-05,United States,14,1511.67
1916-11-05,Brazil,15,1505.74
1916-11-05,Jersey,16,1504.89
1916-11-05,China,17,1502.8
1916-11-05,Uruguay,18,1499.56
1916-11-05,Philippines,19,1497.2
1916-11-05,Canada,20,1490.43
1916-11-05,Guyana,21,1484.0
1916-11-05,Luxembourg,22,1481.16
1916-11-05,Finland,23,1479.22
1916-11-05,Italy,24,1471.36
1916-11-05,France,25,1460.03
1916-11-05,Catalonia,26,1445.76
1916-11-05,Czechoslovakia,27,1438.89
1916-11-05,Russia,28,1437.26
1916-11-05,Germany,29,1416.69
1916-11-05,Wales,30,1399.49
1916-11-05,Northern Ireland,31,1399.3
1916-11-05,Chile,32,1393.4
1916-11-05,Switzerland,33,1388.03
1916-11-05,Alderney,34,1382.72
1916-11-05,Norway,35,1369.34
1917-12-26,England,1,1663.83
1917-12-26,Denmark,2,1662.21
1917-12-26,Hungary,3,1647.13
1917-12-26,Netherlands,4,1637.24
1917-12-26,Guernsey,5,1612.39
1917-12-26,Scotland,6,1600.38
1917-12-26,Argentina,7,1586.55
1917-12-26,Uruguay,8,1557.91
1917-12-26,Basque Country,9,1550.35
1917-12-26,China,10,1534.36
1917-12-26,Belgium,11,1529.3
1917-12-26,Sweden,12,1519.41
1917-12-26,Trinidad and Tobago,13,1516.0
1917-12-26,South Africa,14,1515.94
1917-12-26,United States,15,1511.67
1917-12-26,Philippines,16,1510.85
1917-12-26,Jersey,17,1504.89
1917-12-26,Austria,18,1502.73
1917-12-26,Canada,19,1490.43
1917-12-26,Guyana,20,1484.0
1917-12-26,Luxembourg,21,1481.16
1917-12-26,Finland,22,1479.22
1917-12-26,Brazil,23,1476.03
1917-12-26,Italy,24,1471.36
1917-12-26,France,25,1460.03
1917-12-26,Japan,26,1454.78
1917-12-26,Catalonia,27,1445.76
1917-12-26,Czechoslovakia,28,1438.89
1917-12-26,Russia,29,1437.26
1917-12-26,Germany,30,1416.69
1917-12-26,Switzerland,31,1400.03
1917-12-26,Wales,32,1399.49
1917-12-26,Northern Ireland,33,1399.3
1917-12-26,Alderney,34,1382.72
1917-12-26,Chile,35,1363.57
1917-12-26,Norway,36,1356.13
1918-10-20,Hungary,1,1680.18
1918-10-20,England,2,1663.83
1918-10-20,Denmark,3,1660.12
1918-10-20,Netherlands,4,1637.24
1918-10-20,Guernsey,5,1612.39
1918-10-20,Scotland,6,1600.38
1918-10-20,Argentina,7,1598.57
1918-10-20,Basque Country,8,1550.35
1918-10-20,Uruguay,9,1545.88
1918-10-20,China,10,1534.36
1918-10-20,Belgium,11,1529.3
1918-10-20,Trinidad and Tobago,12,1516.0
1918-10-20,South Africa,13,1515.94
1918-10-20,United States,14,1511.67
1918-10-20,Philippines,15,1510.85
1918-10-20,Jersey,16,1504.89
1918-10-20,Canada,17,1490.43
1918-10-20,Austria,18,1487.11
1918-10-20,Sweden,19,1486.71
1918-10-20,Guyana,20,1484.0
1918-10-20,Luxembourg,21,1481.16
1918-10-20,Finland,22,1479.22
1918-10-20,Brazil,23,1476.03
1918-10-20,Italy,24,1471.36
1918-10-20,France,25,1460.03
1918-10-20,Japan,26,1454.78
1918-10-20,Catalonia,27,1445.76
1918-10-20,Czechoslovakia,28,1438.89
1918-10-20,Russia,29,1437.26
1918-10-20,Germany,30,1416.69
1918-10-20,Wales,31,1399.49
1918-10-20,Northern Ireland,32,1399.3
1918-10-20,Norway,33,1390.92
1918-10-20,Alderney,34,1382.72
1918-10-20,Switzerland,35,1382.59
1918-10-20,Chile,36,1363.57
1919-12-07,Hungary,1,1672.62
1919-12-07,England,2,1653.56
1919-12-07,Denmark,3,1625.4
1919-12-07,Guernsey,4,1623.59
1919-12-07,Netherlands,5,1614.33
1919-12-07,Scotland,6,1600.38
1919-12-07,Uruguay,7,1598.58
1919-12-07,Argentina,8,1557.52
1919-12-07,Basque Country,9,1550.35
1919-12-07,China,10,1546.09
1919-12-07,Belgium,11,1536.19
1919-12-07,Brazil,12,1533.32
1919-12-07,Trinidad and Tobago,13,1516.0
1919-12-07,South Africa,14,1515.94
1919-12-07,Czechoslovakia,15,1510.05
1919-12-07,Philippines,16,1499.13
1919-12-07,France,17,1496.36
1919-12-07,Austria,18,1494.67
1919-12-07,Jersey,19,1493.69
1919-12-07,United States,20,1492.21
1919-12-07,Sweden,21,1491.04
1919-12-07,Italy,22,1488.04
1919-12-07,Guyana,23,1484.0
1919-12-07,Greece,24,1482.6
1919-12-07,Luxembourg,25,1481.16
1919-12-07,Finland,26,1463.75
1919-12-07,Norway,27,1459.69
1919-12-07,Paraguay,28,1455.55
1919-12-07,Japan,29,1454.78
1919-12-07,Romania,30,1450.6
1919-12-07,Catalonia,31,1445.76
1919-12-07,Canada,32,1445.61
1919-12-07,Russia,33,1437.26
1919-12-07,Germany,34,1416.69
1919-12-07,Northern Ireland,35,1409.57
1919-12-07,Wales,36,1399.49
1919-12-07,Alderney,37,1382.72
1919-12-07,Switzerland,38,1382.59
1919-12-07,Chile,39,1339.08
1920-11-07,England,1,1648.94
1920-11-07,Uruguay,2,1621.42
1920-11-07,Hungary,3,1617.02
1920-11-07,Guernsey,4,1607.98
1920-11-07,Denmark,5,1592.79
1920-11-07,Scotland,6,1585.6
1920-11-07,Netherlands,7,1582.68
1920-11-07,Belgium,8,1570.18
1920-11-07,Argentina,9,1559.53
1920-11-07,Spain,10,1554.68
1920-11-07,Basque Country,11,1550.35
1920-11-07,China,12,1546.09
1920-11-07,Czechoslovakia,13,1537.65
1920-11-07,Austria,14,1535.23
1920-11-07,Trinidad and Tobago,15,1516.0
1920-11-07,South Africa,16,1515.94
1920-11-07,Brazil,17,1512.76
1920-11-07,France,18,1510.05
1920-11-07,Egypt,19,1499.54
1920-11-07,Philippines,20,1499.13
1920-11-07,United States,21,1492.21
1920-11-07,Italy,22,1488.15
1920-11-07,Finland,23,1484.33
1920-11-07,Guyana,24,1484.0
1920-11-07,Jersey,25,1483.4
1920-11-07,Estonia,26,1482.48
1920-11-07,Luxembourg,27,1470.39
1920-11-07,Yugoslavia,28,1468.42
1920-11-07,Greece,29,1467.44
1920-11-07,Sweden,30,1457.46
1920-11-07,Paraguay,31,1455.55
1920-11-07,Japan,32,1454.78
1920-11-07,Switzerland,33,1453.11
1920-11-07,Romania,34,1450.6
1920-11-07,Catalonia,35,1445.76
1920-11-07,Canada,36,1445.61
1920-11-07,Russia,37,1437.26
1920-11-07,Wales,38,1434.01
1920-11-07,Norway,39,1426.89
1920-11-07,Germany,40,1416.73
1920-11-07,Alderney,41,1408.62
1920-11-07,Northern Ireland,42,1394.46
1920-11-07,Chile,43,1334.8
1921-12-18,Scotland,1,1628.97
1921-12-18,England,2,1625.29
1921-12-18,Hungary,3,1624.67
1921-12-18,Uruguay,4,1603.83
1921-12-18,Denmark,5,1594.82
1921-12-18,Guernsey,6,1594.37
1921-12-18,Netherlands,7,1591.96
1921-12-18,Argentina,8,1582.13
1921-12-18,China,9,1580.67
1921-12-18,Spain,10,1568.18
1921-12-18,Austria,11,1564.78
1921-12-18,Belgium,12,1551.17
1921-12-18,Basque Country,13,1550.35
1921-12-18,Czechoslovakia,14,1544.23
1921-12-18,Italy,15,1535.46
1921-12-18,Costa Rica,16,1531.26
1921-12-18,Jersey,17,1516.99
1921-12-18,Trinidad and Tobago,18,1516.0
1921-12-18,South Africa,19,1515.94
1921-12-18,Philippines,20,1510.75
1921-12-18,Brazil,21,1501.84
1921-12-18,Guyana,22,1500.74
1921-12-18,Egypt,23,1499.54
1921-12-18,United States,24,1492.21
1921-12-18,Poland,25,1489.06
1921-12-18,Portugal,26,1486.5
1921-12-18,Guatemala,27,1484.74
1921-12-18,El Salvador,28,1484.0
1921-12-18,Suriname,29,1483.26
1921-12-18,Finland,30,1481.98
1921-12-18,Catalonia,31,1481.03
1921-12-18,Luxembourg,32,1470.39
1921-12-18,France,33,1469.01
1921-12-18,Greece,34,1467.44
1921-12-18,Norway,35,1464.79
1921-12-18,Provence,36,1464.73
1921-12-18,Estonia,37,1463.52
1921-12-18,Paraguay,38,1461.47
1921-12-18,Yugoslavia,39,1455.56
1921-12-18,Romania,40,1450.6
1921-12-18,Switzerland,41,1448.76
1921-12-18,Wales,42,1447.54
1921-12-18,Russia,43,1437.26
1921-12-18,Canada,44,1437.04
1921-12-18,Germany,45,1417.11
1921-12-18,Sweden,46,1412.88
1921-12-18,Japan,47,1408.58
1921-12-18,Alderney,48,1388.64
1921-12-18,Northern Ireland,49,1383.15
1921-12-18,Chile,50,1334.8
1922-12-17,Uruguay,1,1633.28
1922-12-17,Scotland,2,1629.29
1922-12-17,England,3,1623.64
1922-12-17,Guernsey,4,1620.74
1922-12-17,Hungary,5,1595.53
1922-12-17,Spain,6,1592.36
1922-12-17,China,7,1580.67
1922-12-17,Austria,8,1577.77
1922-12-17,Brazil,9,1564.6
1922-12-17,Argentina,10,1553.09
1922-12-17,Belgium,11,1552.49
1922-12-17,Czechoslovakia,12,1550.96
1922-12-17,Netherlands,13,1550.71
1922-12-17,Italy,14,1550.64
1922-12-17,Denmark,15,1534.79
1922-12-17,Costa Rica,16,1531.26
1922-12-17,New Zealand,17,1529.2
1922-12-17,Trinidad and Tobago,18,1516.0
1922-12-17,Galicia,19,1516.0
1922-12-17,South Africa,20,1515.94
1922-12-17,Brittany,21,1514.64
1922-12-17,Philippines,22,1510.75
1922-12-17,Basque Country,23,1510.25
1922-12-17,Poland,24,1505.32
1922-12-17,Jersey,25,1505.13
1922-12-17,Guyana,26,1500.74
1922-12-17,Egypt,27,1499.54
1922-12-17,Latvia,28,1497.58
1922-12-17,United States,29,1492.21
1922-12-17,Norway,30,1486.95
1922-12-17,Guatemala,31,1484.74
1922-12-17,El Salvador,32,1484.0
1922-12-17,Central Spain,33,1484.0
1922-12-17,Suriname,34,1483.26
1922-12-17,Catalonia,35,1481.03
1922-12-17,Portugal,36,1474.73
1922-12-17,Australia,37,1470.8
1922-12-17,Switzerland,38,1469.52
1922-12-17,Romania,39,1467.98
1922-12-17,Greece,40,1467.44
1922-12-17,Provence,41,1464.73
1922-12-17,Wales,42,1461.87
1922-12-17,Sweden,43,1461.25
1922-12-17,France,44,1460.35
1922-12-17,Paraguay,45,1458.0
1922-12-17,Luxembourg,46,1455.75
1922-12-17,Finland,47,1454.01
1922-12-17,Estonia,48,1449.44
1922-12-17,Germany,49,1448.57
1922-12-17,Yugoslavia,50,1446.11
1922-12-17,Russia,51,1437.26
1922-12-17,Canada,52,1437.04
1922-12-17,Japan,53,1408.58
1922-12-17,Alderney,54,1374.13
1922-12-17,Northern Ireland,55,1358.14
1922-12-17,Chile,56,1315.2
1923-12-16,Guernsey,1,1643.17
1923-12-16,Scotland,2,1643.15
1923-12-16,Uruguay,3,1639.81
1923-12-16,England,4,1626.05
1923-12-16,Hungary,5,1621.92
1923-12-16,China,6,1601.29
1923-12-16,Spain,7,1595.38
1923-12-16,Czechoslovakia,8,1587.39
1923-12-16,Argentina,9,1583.0
1923-12-16,Belgium,10,1569.64
1923-12-16,Netherlands,11,1567.66
1923-12-16,Denmark,12,1560.94
1923-12-16,Austria,13,1550.17
1923-12-16,Italy,14,1547.44
1923-12-16,New Zealand,15,1539.23
1923-12-16,Mexico,16,1535.49
1923-12-16,Brazil,17,1533.7
1923-12-16,Costa Rica,18,1531.26
1923-12-16,Asturias,19,1517.44
1923-12-16,Trinidad and Tobago,20,1516.0
1923-12-16,South Africa,21,1515.94
1923-12-16,Basque Country,22,1510.25
1923-12-16,Philippines,23,1509.9
1923-12-16,Brittany,24,1509.89
1923-12-16,Central Spain,25,1501.37
1923-12-16,Suriname,26,1500.07
1923-12-16,Egypt,27,1499.54
1923-12-16,Turkey,28,1497.43
1923-12-16,Galicia,29,1496.46
1923-12-16,Latvia,30,1496.21
1923-12-16,Jersey,31,1494.52
1923-12-16,United States,32,1492.21
1923-12-16,Sweden,33,1486.87
1923-12-16,Yugoslavia,34,1485.92
1923-12-16,Andalusia,35,1484.74
1923-12-16,El Salvador,36,1484.0
1923-12-16,Guyana,37,1483.93
1923-12-16,Norway,38,1481.73
1923-12-16,Lithuania,39,1481.69
1923-12-16,Poland,40,1481.32
1923-12-16,Catalonia,41,1481.03
1923-12-16,Greece,42,1467.44
1923-12-16,Provence,43,1464.73
1923-12-16,Portugal,44,1463.61
1923-12-16,Australia,45,1460.77
1923-12-16,Russia,46,1454.73
1923-12-16,Estonia,47,1452.49
1923-12-16,Paraguay,48,1452.45
1923-12-16,Guatemala,49,1449.25
1923-12-16,Germany,50,1447.56
1923-12-16,Romania,51,1446.2
1923-12-16,Luxembourg,52,1442.44
1923-12-16,Wales,53,1439.15
1923-12-16,Switzerland,54,1437.23
1923-12-16,Canada,55,1437.04
1923-12-16,Finland,56,1424.14
1923-12-16,France,57,1409.2
1923-12-16,Northern Ireland,58,1400.11
1923-12-16,Japan,59,1388.81
1923-12-16,Alderney,60,1362.31
1923-12-16,Chile,61,1315.2
1924-12-21,Uruguay,1,1667.62
1924-12-21,England,2,1630.42
1924-12-21,Scotland,3,1624.74
1924-12-21,Hungary,4,1610.22
1924-12-21,Sweden,5,1607.19
1924-12-21,Argentina,6,1603.09
1924-12-21,China,7,1601.29
1924-12-21,Spain,8,1601.24
1924-12-21,Austria,9,1598.38
1924-12-21,Czechoslovakia,10,1595.85
1924-12-21,Guernsey,11,1595.25
1924-12-21,Netherlands,12,1555.57
1924-12-21,Italy,13,1552.84
1924-12-21,Denmark,14,1552.37
1924-12-21,Switzerland,15,1552.27
1924-12-21,New Zealand,16,1539.23
1924-12-21,Mexico,17,1535.49
1924-12-21,Brazil,18,1533.7
1924-12-21,Costa Rica,19,1531.26
1924-12-21,Jersey,20,1525.67
1924-12-21,Basque Country,21,1524.4
1924-12-21,Asturias,22,1517.44
1924-12-21,Trinidad and Tobago,23,1516.0
1924-12-21,Curaçao,24,1516.0
1924-12-21,Belgium,25,1513.56
1924-12-21,South Africa,26,1510.68
1924-12-21,United States,27,1510.56
1924-12-21,Philippines,28,1509.9
1924-12-21,Brittany,29,1506.83
1924-12-21,Central Spain,30,1501.37
1924-12-21,Republic of Ireland,31,1501.34
1924-12-21,Suriname,32,1500.07
1924-12-21,Wales,33,1498.37
1924-12-21,Galicia,34,1496.46
1924-12-21,Egypt,35,1491.5
1924-12-21,Turkey,36,1488.11
1924-12-21,Andalusia,37,1484.74
1924-12-21,El Salvador,38,1484.0
1924-12-21,Aruba,39,1484.0
1924-12-21,Guyana,40,1483.93
1924-12-21,Russia,41,1473.09
1924-12-21,Paraguay,42,1471.98
1924-12-21,Bulgaria,43,1471.93
1924-12-21,Germany,44,1471.54
1924-12-21,Australia,45,1468.03
1924-12-21,Greece,46,1467.44
1924-12-21,Lithuania,47,1466.22
1924-12-21,Provence,48,1464.73
1924-12-21,Poland,49,1464.52
1924-12-21,Portugal,50,1463.61
1924-12-21,Latvia,51,1456.0
1924-12-21,Catalonia,52,1455.84
1924-12-21,Yugoslavia,53,1453.04
1924-12-21,Guatemala,54,1449.25
1924-12-21,Finland,55,1441.65
1924-12-21,Luxembourg,56,1433.81
1924-12-21,Canada,57,1429.78
1924-12-21,Norway,58,1426.02
1924-12-21,Romania,59,1414.9
1924-12-21,France,60,1401.35
1924-12-21,Japan,61,1388.81
1924-12-21,Alderney,62,1379.07
1924-12-21,Estonia,63,1372.84
1924-12-21,Northern Ireland,64,1364.76
1924-12-21,Chile,65,1296.84
1925-12-25,Scotland,1,1664.96
1925-12-25,Spain,2,1657.79
1925-12-25,Guernsey,3,1627.31
1925-12-25,China,4,1626.51
1925-12-25,Argentina,5,1625.98
1925-12-25,Sweden,6,1625.01
1925-12-25,England,7,1620.36
1925-12-25,Czechoslovakia,8,1612.62
1925-12-25,Uruguay,9,1611.64
1925-12-25,Austria,10,1611.33
1925-12-25,Netherlands,11,1591.74
1925-12-25,Denmark,12,1558.04
1925-12-25,Hungary,13,1555.72
1925-12-25,Brazil,14,1554.27
1925-12-25,Jamaica,15,1543.75
1925-12-25,Italy,16,1541.73
1925-12-25,New Zealand,17,1539.23
1925-12-25,Mexico,18,1535.49
1925-12-25,Costa Rica,19,1531.26
1925-12-25,Switzerland,20,1531.14
1925-12-25,Basque Country,21,1524.4
1925-12-25,Asturias,22,1517.44
1925-12-25,Trinidad and Tobago,23,1516.0
1925-12-25,Curaçao,24,1516.0
1925-12-25,Jersey,25,1513.45
1925-12-25,South Africa,26,1510.68
1925-12-25,Philippines,27,1508.77
1925-12-25,United States,28,1505.01
1925-12-25,Brittany,29,1503.51
1925-12-25,Central Spain,30,1501.37
1925-12-25,Republic of Ireland,31,1501.34
1925-12-25,Suriname,32,1500.07
1925-12-25,Belgium,33,1497.43
1925-12-25,Galicia,34,1496.46
1925-12-25,Egypt,35,1491.5
1925-12-25,Russia,36,1491.03
1925-12-25,Andalusia,37,1484.74
1925-12-25,Paraguay,38,1484.51
1925-12-25,El Salvador,39,1484.0
1925-12-25,Aruba,40,1484.0
1925-12-25,Guyana,41,1483.93
1925-12-25,Portugal,42,1483.45
1925-12-25,Germany,43,1483.35
1925-12-25,Catalonia,44,1479.48
1925-12-25,Turkey,45,1479.21
1925-12-25,Australia,46,1468.03
1925-12-25,Greece,47,1467.44
1925-12-25,Provence,48,1464.73
1925-12-25,Wales,49,1464.64
1925-12-25,Poland,50,1457.57
1925-12-25,Haiti,51,1456.25
1925-12-25,Guatemala,52,1449.25
1925-12-25,Lithuania,53,1445.53
1925-12-25,Bulgaria,54,1438.22
1925-12-25,Luxembourg,55,1437.12
1925-12-25,Latvia,56,1435.78
1925-12-25,Canada,57,1435.34
1925-12-25,Yugoslavia,58,1432.28
1925-12-25,Norway,59,1423.82
1925-12-25,Romania,60,1421.34
1925-12-25,Estonia,61,1412.54
1925-12-25,Finland,62,1409.1
1925-12-25,France,63,1378.44
1925-12-25,Northern Ireland,64,1374.77
1925-12-25,Japan,65,1364.72
1925-12-25,Alderney,66,1359.24
1925-12-25,Chile,67,1296.84
1926-12-26,Scotland,1,1690.39
1926-12-26,Spain,2,1672.01
1926-12-26,Austria,3,1666.66
1926-12-26,Uruguay,4,1651.77
1926-12-26,Argentina,5,1631.89
1926-12-26,China,6,1626.51
1926-12-26,Guernsey,7,1606.25
1926-12-26,Czechoslovakia,8,1604.08
1926-12-26,Hungary,9,1598.72
1926-12-26,England,10,1587.41
1926-12-26,Sweden,11,1576.54
1926-12-26,Jamaica,12,1569.88
1926-12-26,Denmark,13,1564.25
1926-12-26,Italy,14,1554.28
1926-12-26,Brazil,15,1554.27
1926-12-26,Jersey,16,1543.06
1926-12-26,New Zealand,17,1539.23
1926-12-26,Mexico,18,1535.49
1926-12-26,Costa Rica,19,1531.26
1926-12-26,Netherlands,20,1524.76
1926-12-26,Basque Country,21,1524.4
1926-12-26,United States,22,1517.84
1926-12-26,Asturias,23,1517.44
1926-12-26,Trinidad and Tobago,24,1516.0
1926-12-26,Kenya,25,1516.0
1926-12-26,South Africa,26,1510.68
1926-12-26,Germany,27,1509.28
1926-12-26,Philippines,28,1508.77
1926-12-26,Brittany,29,1503.51
1926-12-26,Central Spain,30,1501.37
1926-12-26,Suriname,31,1500.07
1926-12-26,Galicia,32,1496.46
1926-12-26,Switzerland,33,1496.04
1926-12-26,Poland,34,1491.65
1926-12-26,Egypt,35,1491.5
1926-12-26,Russia,36,1491.03
1926-12-26,Curaçao,37,1490.96
1926-12-26,Republic of Ireland,38,1488.06
1926-12-26,Andalusia,39,1484.74
1926-12-26,El Salvador,40,1484.0
1926-12-26,Aruba,41,1484.0
1926-12-26,Uganda,42,1484.0
1926-12-26,Guyana,43,1483.93
1926-12-26,Belgium,44,1475.9
1926-12-26,Romania,45,1470.39
1926-12-26,Portugal,46,1469.82
1926-12-26,Catalonia,47,1468.52
1926-12-26,Australia,48,1468.03
1926-12-26,Greece,49,1467.44
1926-12-26,Provence,50,1464.73
1926-12-26,Wales,51,1460.87
1926-12-26,Haiti,52,1455.15
1926-12-26,France,53,1450.05
1926-12-26,Guatemala,54,1449.25
1926-12-26,Turkey,55,1445.89
1926-12-26,Paraguay,56,1443.16
1926-12-26,Bolivia,57,1442.16
1926-12-26,Latvia,58,1437.89
1926-12-26,Luxembourg,59,1437.12
1926-12-26,Estonia,60,1425.61
1926-12-26,Canada,61,1422.5
1926-12-26,Norway,62,1422.15
1926-12-26,Finland,63,1414.7
1926-12-26,Lithuania,64,1412.6
1926-12-26,Yugoslavia,65,1406.52
1926-12-26,Bulgaria,66,1405.94
1926-12-26,Northern Ireland,67,1397.78
1926-12-26,Japan,68,1364.72
1926-12-26,Alderney,69,1350.69
1926-12-26,Chile,70,1349.99
1927-12-10,Czechoslovakia,1,1686.12
1927-12-10,Argentina,2,1666.81
1927-12-10,Scotland,3,1665.66
1927-12-10,Spain,4,1665.59
1927-12-10,Austria,5,1655.69
1927-12-10,Uruguay,6,1655.3
1927-12-10,China,7,1641.95
1927-12-10,Guernsey,8,1619.72
1927-12-10,Hungary,9,1594.68
1927-12-10,Denmark,10,1593.45
1927-12-10,Italy,11,1586.31
1927-12-10,England,12,1583.16
1927-12-10,Sweden,13,1580.18
1927-12-10,Jamaica,14,1569.88
1927-12-10,Brazil,15,1554.27
1927-12-10,Netherlands,16,1542.16
1927-12-10,Jersey,17,1537.53
1927-12-10,Mexico,18,1535.49
1927-12-10,Costa Rica,19,1531.26
1927-12-10,Basque Country,20,1524.4
1927-12-10,United States,21,1517.84
1927-12-10,Asturias,22,1517.44
1927-12-10,Trinidad and Tobago,23,1516.0
1927-12-10,Kenya,24,1516.0
1927-12-10,Honduras,25,1513.13
1927-12-10,South Africa,26,1510.68
1927-12-10,Germany,27,1510.23
1927-12-10,New Zealand,28,1506.24
1927-12-10,Brittany,29,1503.51
1927-12-10,Central Spain,30,1501.37
1927-12-10,Suriname,31,1500.07
1927-12-10,Galicia,32,1496.46
1927-12-10,Peru,33,1494.34
1927-12-10,Wales,34,1493.64
1927-12-10,Egypt,35,1491.5
1927-12-10,Russia,36,1491.03
1927-12-10,Curaçao,37,1490.96
1927-12-10,Poland,38,1489.79
1927-12-10,Republic of Ireland,39,1488.06
1927-12-10,Andalusia,40,1484.74
1927-12-10,Aruba,41,1484.0
1927-12-10,Uganda,42,1484.0
1927-12-10,Guyana,43,1483.93
1927-12-10,Philippines,44,1476.63
1927-12-10,Switzerland,45,1472.88
1927-12-10,Portugal,46,1472.74
1927-12-10,El Salvador,47,1470.87
1927-12-10,Catalonia,48,1468.52
1927-12-10,Australia,49,1468.03
1927-12-10,Greece,50,1467.44
1927-12-10,Provence,51,1464.73
1927-12-10,Turkey,52,1457.05
1927-12-10,Canada,53,1455.48
1927-12-10,Haiti,54,1455.15
1927-12-10,Romania,55,1452.97
1927-12-10,Belgium,56,1450.72
1927-12-10,Guatemala,57,1449.25
1927-12-10,Paraguay,58,1443.16
1927-12-10,Estonia,59,1441.43
1927-12-10,Luxembourg,60,1428.62
1927-12-10,Latvia,61,1427.11
1927-12-10,Yugoslavia,62,1426.63
1927-12-10,Northern Ireland,63,1421.52
1927-12-10,France,64,1417.36
1927-12-10,Bolivia,65,1414.19
1927-12-10,Norway,66,1397.58
1927-12-10,Finland,67,1393.92
1927-12-10,Lithuania,68,1382.79
1927-12-10,Japan,69,1381.42
1927-12-10,Bulgaria,70,1379.3
1927-12-10,Chile,71,1345.17
1927-12-10,Alderney,72,1342.75
1928-12-07,Czechoslovakia,1,1711.34
1928-12-07,Argentina,2,1684.75
1928-12-07,Austria,3,1683.43
1928-12-07,Scotland,4,1662.26
1928-12-07,Uruguay,5,1655.64
1928-12-07,Spain,6,1643.77
1928-12-07,Italy,7,1643.05
1928-12-07,China,8,1641.95
1928-12-07,England,9,1609.89
1928-12-07,Guernsey,10,1605.17
1928-12-07,Hungary,11,1587.83
1928-12-07,Denmark,12,1581.81
1928-12-07,Sweden,13,1580.76
1928-12-07,Jamaica,14,1569.88
1928-12-07,Jersey,15,1557.48
1928-12-07,Brazil,16,1554.27
1928-12-07,Germany,17,1541.49
1928-12-07,Costa Rica,18,1531.26
1928-12-07,Basque Country,19,1524.4
1928-12-07,Asturias,20,1517.44
1928-12-07,Ukraine,21,1516.67
1928-12-07,Trinidad and Tobago,22,1514.53
1928-12-07,Egypt,23,1512.6
1928-12-07,South Africa,24,1510.68
1928-12-07,Portugal,25,1510.63
1928-12-07,United States,26,1507.17
1928-12-07,New Zealand,27,1506.24
1928-12-07,Brittany,28,1503.51
1928-12-07,Poland,29,1502.89
1928-12-07,Republic of Ireland,30,1502.01
1928-12-07,Uganda,31,1501.47
1928-12-07,Central Spain,32,1501.37
1928-12-07,Mexico,33,1500.84
1928-12-07,Suriname,34,1500.07
1928-12-07,Kenya,35,1498.53
1928-12-07,Galicia,36,1496.46
1928-12-07,Honduras,37,1495.2
1928-12-07,Peru,38,1494.34
1928-12-07,Russia,39,1491.03
1928-12-07,Curaçao,40,1490.96
1928-12-07,El Salvador,41,1488.8
1928-12-07,Guyana,42,1485.4
1928-12-07,Wales,43,1485.29
1928-12-07,Netherlands,44,1485.19
1928-12-07,Andalusia,45,1484.74
1928-12-07,Aruba,46,1484.0
1928-12-07,Paraguay,47,1477.99
1928-12-07,Philippines,48,1476.63
1928-12-07,Belarus,49,1476.1
1928-12-07,Catalonia,50,1468.52
1928-12-07,Australia,51,1468.03
1928-12-07,Greece,52,1467.44
1928-12-07,Provence,53,1464.73
1928-12-07,Canada,54,1455.48
1928-12-07,Haiti,55,1455.15
1928-12-07,Latvia,56,1455.06
1928-12-07,Belgium,57,1452.95
1928-12-07,Romania,58,1451.24
1928-12-07,Guatemala,59,1449.25
1928-12-07,Yugoslavia,60,1434.12
1928-12-07,Switzerland,61,1427.75
1928-12-07,Estonia,62,1427.1
1928-12-07,Luxembourg,63,1418.59
1928-12-07,Bolivia,64,1414.19
1928-12-07,Turkey,65,1411.33
1928-12-07,Northern Ireland,66,1410.93
1928-12-07,France,67,1386.62
1928-12-07,Norway,68,1386.33
1928-12-07,Japan,69,1381.42
1928-12-07,Finland,70,1381.04
1928-12-07,Bulgaria,71,1379.3
1928-12-07,Chile,72,1366.91
1928-12-07,Lithuania,73,1359.98
1928-12-07,Alderney,74,1337.35
1929-12-01,Argentina,1,1707.98
1929-12-01,Scotland,2,1696.7
1929-12-01,Austria,3,1691.99
1929-12-01,Czechoslovakia,4,1679.67
1929-12-01,Spain,5,1674.75
1929-12-01,China,6,1641.95
1929-12-01,Italy,7,1636.52
1929-12-01,Uruguay,8,1634.5
1929-12-01,Guernsey,9,1624.27
1929-12-01,England,10,1618.95
1929-12-01,Hungary,11,1604.59
1929-12-01,Germany,12,1602.94
1929-12-01,Sweden,13,1590.95
1929-12-01,Jamaica,14,1569.88
1929-12-01,Brazil,15,1554.27
1929-12-01,Denmark,16,1553.22
1929-12-01,Barbados,17,1545.56
1929-12-01,Jersey,18,1543.66
1929-12-01,Costa Rica,19,1531.26
1929-12-01,Basque Country,20,1524.4
1929-12-01,Asturias,21,1517.44
1929-12-01,Uganda,22,1517.33
1929-12-01,Ukraine,23,1516.67
1929-12-01,Republic of Ireland,24,1515.76
1929-12-01,Egypt,25,1512.6
1929-12-01,South Africa,26,1510.68
1929-12-01,Paraguay,27,1508.76
1929-12-01,United States,28,1507.17
1929-12-01,New Zealand,29,1506.24
1929-12-01,El Salvador,30,1505.32
1929-12-01,Brittany,31,1503.51
1929-12-01,Poland,32,1502.89
1929-12-01,Central Spain,33,1501.37
1929-12-01,Mexico,34,1500.84
1929-12-01,Suriname,35,1500.07
1929-12-01,Guyana,36,1497.05
1929-12-01,Galicia,37,1496.46
1929-12-01,Honduras,38,1495.2
1929-12-01,Russia,39,1491.03
1929-12-01,Curaçao,40,1490.96
1929-12-01,Andalusia,41,1484.74
1929-12-01,Aruba,42,1484.0
1929-12-01,Nicaragua,43,1483.48
1929-12-01,Kenya,44,1482.67
1929-12-01,Philippines,45,1476.63
1929-12-01,Belarus,46,1476.1
1929-12-01,Romania,47,1475.91
1929-12-01,Portugal,48,1470.82
1929-12-01,Catalonia,49,1468.52
1929-12-01,Australia,50,1468.03
1929-12-01,Provence,51,1464.73
1929-12-01,Wales,52,1464.37
1929-12-01,Norway,53,1464.03
1929-12-01,Greece,54,1462.92
1929-12-01,Belgium,55,1462.12
1929-12-01,Peru,56,1461.47
1929-12-01,Trinidad and Tobago,57,1457.32
1929-12-01,Canada,58,1455.48
1929-12-01,Haiti,59,1455.15
1929-12-01,Yugoslavia,60,1451.18
1929-12-01,Guatemala,61,1449.25
1929-12-01,Netherlands,62,1440.62
1929-12-01,Estonia,63,1428.37
1929-12-01,Latvia,64,1419.21
1929-12-01,Luxembourg,65,1418.59
1929-12-01,Bolivia,66,1414.19
1929-12-01,Turkey,67,1411.33
1929-12-01,Northern Ireland,68,1400.18
1929-12-01,France,69,1387.23
1929-12-01,Finland,70,1382.33
1929-12-01,Japan,71,1381.42
1929-12-01,Switzerland,72,1379.72
1929-12-01,Chile,73,1366.91
1929-12-01,Bulgaria,74,1358.51
1929-12-01,Lithuania,75,1335.01
1929-12-01,Alderney,76,1332.06
1930-12-07,Argentina,1,1716.21
1930-12-07,Spain,2,1696.02
1930-12-07,Uruguay,3,1683.08
1930-12-07,Scotland,4,1677.01
1930-12-07,Czechoslovakia,5,1667.62
1930-12-07,Austria,6,1660.65
1930-12-07,England,7,1654.04
1930-12-07,Italy,8,1646.04
1930-12-07,Guernsey,9,1636.95
1930-12-07,China,10,1631.08
1930-12-07,Hungary,11,1615.86
1930-12-07,Germany,12,1595.03
1930-12-07,Brazil,13,1579.9
1930-12-07,Cuba,14,1578.1
1930-12-07,Denmark,15,1574.71
1930-12-07,Costa Rica,16,1568.33
1930-12-07,Sweden,17,1559.28
1930-12-07,Barbados,18,1545.56
1930-12-07,Jersey,19,1538.29
1930-12-07,Basque Country,20,1537.85
1930-12-07,Poland,21,1535.01
1930-12-07,Jamaica,22,1532.17
1930-12-07,Uganda,23,1530.3
1930-12-07,Republic of Ireland,24,1529.81
1930-12-07,Asturias,25,1517.44
1930-12-07,Ukraine,26,1516.67
1930-12-07,United States,27,1514.37
1930-12-07,Egypt,28,1512.6
1930-12-07,South Africa,29,1510.68
1930-12-07,Paraguay,30,1507.7
1930-12-07,Curaçao,31,1506.64
1930-12-07,New Zealand,32,1506.24
1930-12-07,Brittany,33,1503.51
1930-12-07,Norway,34,1501.63
1930-12-07,Central Spain,35,1501.37
1930-12-07,Suriname,36,1500.07
1930-12-07,Guyana,37,1497.05
1930-12-07,Galicia,38,1496.46
1930-12-07,Russia,39,1491.03
1930-12-07,Honduras,40,1486.47
1930-12-07,Andalusia,41,1484.74
1930-12-07,Nicaragua,42,1483.48
1930-12-07,Portugal,43,1480.0
1930-12-07,Yugoslavia,44,1476.77
1930-12-07,Belarus,45,1476.1
1930-12-07,Greece,46,1472.98
1930-12-07,Kenya,47,1469.7
1930-12-07,Aruba,48,1468.32
1930-12-07,Australia,49,1468.03
1930-12-07,Provence,50,1464.73
1930-12-07,El Salvador,51,1461.77
1930-12-07,Romania,52,1459.86
1930-12-07,Trinidad and Tobago,53,1457.32
1930-12-07,Canada,54,1455.48
1930-12-07,Haiti,55,1455.15
1930-12-07,Catalonia,56,1455.07
1930-12-07,Mexico,57,1452.19
1930-12-07,Philippines,58,1448.17
1930-12-07,Wales,59,1447.06
1930-12-07,Belgium,60,1439.92
1930-12-07,Peru,61,1438.15
1930-12-07,Latvia,62,1424.47
1930-12-07,Guatemala,63,1424.07
1930-12-07,Japan,64,1420.76
1930-12-07,Luxembourg,65,1418.59
1930-12-07,Turkey,66,1411.33
1930-12-07,Netherlands,67,1407.09
1930-12-07,Northern Ireland,68,1406.85
1930-12-07,Chile,69,1399.54
1930-12-07,Bolivia,70,1391.04
1930-12-07,Estonia,71,1378.36
1930-12-07,Lithuania,72,1376.89
1930-12-07,Switzerland,73,1376.44
1930-12-07,France,74,1370.75
1930-12-07,Bulgaria,75,1349.67
1930-12-07,Finland,76,1345.58
1930-12-07,Alderney,77,1324.76
1931-12-13,Argentina,1,1714.16
1931-12-13,Austria,2,1702.46
1931-12-13,Italy,3,1694.41
1931-12-13,Spain,4,1679.41
1931-12-13,Scotland,5,1668.5
1931-12-13,Uruguay,6,1662.46
1931-12-13,England,7,1655.07
1931-12-13,China,8,1631.08
1931-12-13,Czechoslovakia,9,1630.25
1931-12-13,Hungary,10,1626.31
1931-12-13,Guernsey,11,1620.88
1931-12-13,Brazil,12,1600.51
1931-12-13,Cuba,13,1578.1
1931-12-13,Costa Rica,14,1568.33
1931-12-13,Sweden,15,1564.12
1931-12-13,Jersey,16,1558.91
1931-12-13,Germany,17,1556.34
1931-12-13,Basque Country,18,1550.11
1931-12-13,Jamaica,19,1532.17
1931-12-13,Romania,20,1528.69
1931-12-13,Republic of Ireland,21,1526.69
1931-12-13,Guyana,22,1524.12
1931-12-13,Curaçao,23,1520.88
1931-12-13,Asturias,24,1517.44
1931-12-13,Ukraine,25,1516.67
1931-12-13,United States,26,1514.37
1931-12-13,Egypt,27,1512.6
1931-12-13,Poland,28,1512.48
1931-12-13,Uganda,29,1511.53
1931-12-13,South Africa,30,1510.68
1931-12-13,Paraguay,31,1509.76
1931-12-13,Denmark,32,1508.89
1931-12-13,Martinique,33,1508.45
1931-12-13,Norway,34,1507.66
1931-12-13,New Zealand,35,1506.24
1931-12-13,Brittany,36,1503.51
1931-12-13,Central Spain,37,1501.37
1931-12-13,Suriname,38,1500.07
1931-12-13,Trinidad and Tobago,39,1499.18
1931-12-13,Galicia,40,1496.46
1931-12-13,Russia,41,1491.03
1931-12-13,Kenya,42,1488.47
1931-12-13,Honduras,43,1486.47
1931-12-13,Portugal,44,1485.62
1931-12-13,Andalusia,45,1484.74
1931-12-13,Nicaragua,46,1483.48
1931-12-13,Belarus,47,1476.1
1931-12-13,Yugoslavia,48,1468.26
1931-12-13,Barbados,49,1468.19
1931-12-13,Australia,50,1468.03
1931-12-13,Provence,51,1464.73
1931-12-13,El Salvador,52,1461.77
1931-12-13,Canada,53,1455.48
1931-12-13,Haiti,54,1455.15
1931-12-13,Aruba,55,1454.08
1931-12-13,Netherlands,56,1452.69
1931-12-13,Mexico,57,1452.19
1931-12-13,Belgium,58,1449.22
1931-12-13,Philippines,59,1448.17
1931-12-13,Catalonia,60,1442.81
1931-12-13,Peru,61,1438.15
1931-12-13,Wales,62,1426.84
1931-12-13,Greece,63,1424.87
1931-12-13,Guatemala,64,1424.07
1931-12-13,Japan,65,1420.76
1931-12-13,Luxembourg,66,1418.59
1931-12-13,Turkey,67,1413.61
1931-12-13,Northern Ireland,68,1408.22
1931-12-13,Finland,69,1402.96
1931-12-13,Chile,70,1399.54
1931-12-13,Latvia,71,1397.7
1931-12-13,France,72,1397.08
1931-12-13,Estonia,73,1396.76
1931-12-13,Bulgaria,74,1391.58
1931-12-13,Bolivia,75,1391.04
1931-12-13,Switzerland,76,1348.6
1931-12-13,Alderney,77,1320.21
1931-12-13,Lithuania,78,1311.43
1932-12-11,Austria,1,1732.88
1932-12-11,Argentina,2,1708.22
1932-12-11,England,3,1687.75
1932-12-11,Spain,4,1686.73
1932-12-11,Italy,5,1678.88
1932-12-11,Uruguay,6,1649.31
1932-12-11,Guernsey,7,1638.57
1932-12-11,Scotland,8,1637.96
1932-12-11,China,9,1631.08
1932-12-11,Brazil,10,1619.6
1932-12-11,Czechoslovakia,11,1618.3
1932-12-11,Hungary,12,1608.13
1932-12-11,Cuba,13,1578.1
1932-12-11,Costa Rica,14,1568.33
1932-12-11,Poland,15,1566.94
1932-12-11,Basque Country,16,1550.11
1932-12-11,Germany,17,1549.88
1932-12-11,Jersey,18,1545.74
1932-12-11,Republic of Ireland,19,1540.68
1932-12-11,Guyana,20,1529.16
1932-12-11,Norway,21,1528.75
1932-12-11,Jamaica,22,1526.94
1932-12-11,Uganda,23,1526.47
1932-12-11,Curaçao,24,1520.88
1932-12-11,Egypt,25,1517.66
1932-12-11,Asturias,26,1517.44
1932-12-11,Ukraine,27,1516.67
1932-12-11,Dominica,28,1516.39
1932-12-11,United States,29,1514.37
1932-12-11,South Africa,30,1510.68
1932-12-11,Paraguay,31,1509.76
1932-12-11,Denmark,32,1507.17
1932-12-11,New Zealand,33,1506.24
1932-12-11,Sweden,34,1504.19
1932-12-11,Brittany,35,1503.51
1932-12-11,Trinidad and Tobago,36,1502.7
1932-12-11,Central Spain,37,1501.37
1932-12-11,Portugal,38,1500.48
1932-12-11,Suriname,39,1500.07
1932-12-11,Galicia,40,1496.46
1932-12-11,Romania,41,1492.54
1932-12-11,Martinique,42,1492.06
1932-12-11,Russia,43,1491.03
1932-12-11,Honduras,44,1486.47
1932-12-11,Andalusia,45,1484.74
1932-12-11,Nicaragua,46,1483.48
1932-12-11,Netherlands,47,1479.43
1932-12-11,Belarus,48,1476.1
1932-12-11,Wales,49,1474.48
1932-12-11,Kenya,50,1473.53
1932-12-11,Australia,51,1468.03
1932-12-11,Provence,52,1464.73
1932-12-11,El Salvador,53,1461.77
1932-12-11,Haiti,54,1460.39
1932-12-11,Barbados,55,1459.63
1932-12-11,Bulgaria,56,1459.53
1932-12-11,Canada,57,1455.48
1932-12-11,Aruba,58,1454.08
1932-12-11,Mexico,59,1452.19
1932-12-11,Yugoslavia,60,1451.59
1932-12-11,Philippines,61,1448.17
1932-12-11,Catalonia,62,1442.81
1932-12-11,Peru,63,1438.15
1932-12-11,Belgium,64,1437.51
1932-12-11,Guatemala,65,1424.07
1932-12-11,Japan,66,1420.76
1932-12-11,Luxembourg,67,1418.59
1932-12-11,Switzerland,68,1411.12
1932-12-11,Finland,69,1404.99
1932-12-11,Latvia,70,1403.79
1932-12-11,Chile,71,1399.54
1932-12-11,Turkey,72,1399.05
1932-12-11,Bolivia,73,1391.04
1932-12-11,Northern Ireland,74,1383.42
1932-12-11,Greece,75,1368.84
1932-12-11,France,76,1365.21
1932-12-11,Lithuania,77,1328.11
1932-12-11,Estonia,78,1323.33
1932-12-11,Alderney,79,1315.7
1933-12-14,Italy,1,1727.79
1933-12-14,Argentina,2,1718.18
1933-12-14,Austria,3,1707.13
1933-12-14,Spain,4,1667.13
1933-12-14,England,5,1665.92
1933-12-14,Guernsey,6,1650.68
1933-12-14,Uruguay,7,1639.35
1933-12-14,China,8,1631.08
1933-12-14,Brazil,9,1619.6
1933-12-14,Czechoslovakia,10,1615.67
1933-12-14,Scotland,11,1611.36
1933-12-14,Hungary,12,1600.14
1933-12-14,Cuba,13,1578.1
1933-12-14,Germany,14,1569.87
1933-12-14,Trinidad and Tobago,15,1569.07
1933-12-14,Costa Rica,16,1568.33
1933-12-14,Basque Country,17,1550.11
1933-12-14,Sweden,18,1548.22
1933-12-14,Curaçao,19,1545.67
1933-12-14,Republic of Ireland,20,1540.68
1933-12-14,Jersey,21,1540.35
1933-12-14,Poland,22,1540.13
1933-12-14,Denmark,23,1530.14
1933-12-14,Jamaica,24,1526.94
1933-12-14,Uganda,25,1526.47
1933-12-14,Norway,26,1523.53
1933-12-14,Guyana,27,1522.71
1933-12-14,Egypt,28,1517.66
1933-12-14,Asturias,29,1517.44
1933-12-14,Romania,30,1516.85
1933-12-14,Ukraine,31,1516.67
1933-12-14,Australia,32,1516.55
1933-12-14,Dominica,33,1516.39
1933-12-14,Wales,34,1514.61
1933-12-14,United States,35,1514.37
1933-12-14,Portugal,36,1512.38
1933-12-14,South Africa,37,1510.68
1933-12-14,Paraguay,38,1509.76
1933-12-14,Brittany,39,1503.51
1933-12-14,Central Spain,40,1501.37
1933-12-14,Suriname,41,1500.07
1933-12-14,Galicia,42,1496.46
1933-12-14,Martinique,43,1492.06
1933-12-14,Russia,44,1491.03
1933-12-14,Silesia,45,1486.62
1933-12-14,Honduras,46,1486.47
1933-12-14,Andalusia,47,1484.74
1933-12-14,Nicaragua,48,1483.48
1933-12-14,Belarus,49,1476.1
1933-12-14,Kenya,50,1473.53
1933-12-14,Provence,51,1464.73
1933-12-14,Yugoslavia,52,1464.41
1933-12-14,El Salvador,53,1461.77
1933-12-14,Haiti,54,1460.39
1933-12-14,New Zealand,55,1457.72
1933-12-14,Canada,56,1455.48
1933-12-14,Mexico,57,1452.19
1933-12-14,Philippines,58,1448.17
1933-12-14,Catalonia,59,1442.81
1933-12-14,Netherlands,60,1439.25
1933-12-14,Peru,61,1438.15
1933-12-14,Bulgaria,62,1435.5
1933-12-14,Aruba,63,1429.29
1933-12-14,Belgium,64,1427.58
1933-12-14,Guatemala,65,1424.07
1933-12-14,Japan,66,1420.76
1933-12-14,Luxembourg,67,1418.59
1933-12-14,Latvia,68,1417.43
1933-12-14,Switzerland,69,1416.56
1933-12-14,Northern Ireland,70,1408.36
1933-12-14,France,71,1404.09
1933-12-14,Barbados,72,1399.7
1933-12-14,Chile,73,1399.54
1933-12-14,Turkey,74,1399.05
1933-12-14,Finland,75,1396.64
1933-12-14,Bolivia,76,1391.04
1933-12-14,Greece,77,1343.21
1933-12-14,Estonia,78,1327.88
1933-12-14,Alderney,79,1308.97
1933-12-14,Lithuania,80,1273.54
1934-12-30,Italy,1,1755.84
1934-12-30,Argentina,2,1706.59
1934-12-30,Austria,3,1702.2
1934-12-30,Spain,4,1689.81
1934-12-30,England,5,1673.23
1934-12-30,Guernsey,6,1665.53
1934-12-30,Czechoslovakia,7,1661.48
1934-12-30,China,8,1656.67
1934-12-30,Germany,9,1646.37
1934-12-30,Uruguay,10,1628.24
1934-12-30,Hungary,11,1626.03
1934-12-30,Scotland,12,1586.73
1934-12-30,Costa Rica,13,1568.33
1934-12-30,Curaçao,14,1567.82
1934-12-30,Sweden,15,1566.67
1934-12-30,Trinidad and Tobago,16,1564.87
1934-12-30,Brazil,17,1556.91
1934-12-30,Norway,18,1551.25
1934-12-30,Basque Country,19,1550.11
1934-12-30,Egypt,20,1533.65
1934-12-30,Cuba,21,1532.13
1934-12-30,Jersey,22,1529.43
1934-12-30,Jamaica,23,1526.94
1934-12-30,Uganda,24,1526.47
1934-12-30,Guyana,25,1522.71
1934-12-30,Romania,26,1522.23
1934-12-30,United States,27,1522.08
1934-12-30,Asturias,28,1517.44
1934-12-30,Ukraine,29,1516.67
1934-12-30,Australia,30,1516.55
1934-12-30,Dominica,31,1516.39
1934-12-30,South Africa,32,1510.68
1934-12-30,Paraguay,33,1509.76
1934-12-30,Martinique,34,1508.43
1934-12-30,Republic of Ireland,35,1503.75
1934-12-30,Brittany,36,1503.51
1934-12-30,Central Spain,37,1501.37
1934-12-30,Mexico,38,1497.3
1934-12-30,Galicia,39,1496.46
1934-12-30,Portugal,40,1494.94
1934-12-30,Poland,41,1493.17
1934-12-30,Wales,42,1491.39
1934-12-30,Russia,43,1491.03
1934-12-30,Silesia,44,1486.62
1934-12-30,Honduras,45,1486.47
1934-12-30,Denmark,46,1485.19
1934-12-30,Andalusia,47,1484.74
1934-12-30,Guadeloupe,48,1483.63
1934-12-30,Nicaragua,49,1483.48
1934-12-30,Indonesia,50,1482.41
1934-12-30,Suriname,51,1479.89
1934-12-30,Belarus,52,1476.1
1934-12-30,Kenya,53,1473.53
1934-12-30,Israel,54,1471.01
1934-12-30,Netherlands,55,1465.35
1934-12-30,Provence,56,1464.73
1934-12-30,Catalonia,57,1462.96
1934-12-30,El Salvador,58,1461.77
1934-12-30,New Zealand,59,1457.72
1934-12-30,Canada,60,1455.48
1934-12-30,Yugoslavia,61,1454.03
1934-12-30,France,62,1447.15
1934-12-30,Haiti,63,1445.31
1934-12-30,Philippines,64,1442.04
1934-12-30,Peru,65,1438.15
1934-12-30,Northern Ireland,66,1432.31
1934-12-30,Aruba,67,1431.51
1934-12-30,Switzerland,68,1425.76
1934-12-30,Guatemala,69,1424.07
1934-12-30,Japan,70,1418.88
1934-12-30,Finland,71,1406.58
1934-12-30,Barbados,72,1399.7
1934-12-30,Chile,73,1399.54
1934-12-30,Turkey,74,1399.05
1934-12-30,Luxembourg,75,1393.24
1934-12-30,Bolivia,76,1391.04
1934-12-30,Bulgaria,77,1390.82
1934-12-30,Belgium,78,1381.14
1934-12-30,Greece,79,1367.88
1934-12-30,Latvia,80,1357.23
1934-12-30,Estonia,81,1341.34
1934-12-30,Lithuania,82,1337.96
1934-12-30,Alderney,83,1305.05
1935-12-28,Italy,1,1745.91
1935-12-28,Argentina,2,1710.11
1935-12-28,Spain,3,1703.51
1935-12-28,England,4,1690.89
1935-12-28,Guernsey,5,1678.95
1935-12-28,Germany,6,1678.82
1935-12-28,China,7,1656.67
1935-12-28,Czechoslovakia,8,1650.61
1935-12-28,Uruguay,9,1649.09
1935-12-28,Austria,10,1647.97
1935-12-28,Hungary,11,1634.0
1935-12-28,Scotland,12,1631.76
1935-12-28,Costa Rica,13,1594.15
1935-12-28,Curaçao,14,1582.97
1935-12-28,Sweden,15,1578.42
1935-12-28,Trinidad and Tobago,16,1576.22
1935-12-28,Mexico,17,1571.94
1935-12-28,Brazil,18,1556.91
1935-12-28,Uganda,19,1552.43
1935-12-28,Basque Country,20,1550.11
1935-12-28,Egypt,21,1533.65
1935-12-28,Guyana,22,1522.71
1935-12-28,Jersey,23,1519.39
1935-12-28,Yugoslavia,24,1518.72
1935-12-28,Asturias,25,1517.44
1935-12-28,Ukraine,26,1516.67
1935-12-28,Australia,27,1516.55
1935-12-28,Dominica,28,1516.39
1935-12-28,Norway,29,1516.26
1935-12-28,Jamaica,30,1512.54
1935-12-28,South Africa,31,1510.68
1935-12-28,Wales,32,1509.96
1935-12-28,Paraguay,33,1509.76
1935-12-28,Cuba,34,1509.01
1935-12-28,Martinique,35,1508.43
1935-12-28,Netherlands,36,1505.54
1935-12-28,Brittany,37,1503.51
1935-12-28,Portugal,38,1503.29
1935-12-28,Central Spain,39,1501.37
1935-12-28,United States,40,1498.78
1935-12-28,Suriname,41,1496.77
1935-12-28,Galicia,42,1496.46
1935-12-28,Russia,43,1491.03
1935-12-28,Silesia,44,1486.62
1935-12-28,Denmark,45,1486.29
1935-12-28,Andalusia,46,1484.74
1935-12-28,Guadeloupe,47,1483.63
1935-12-28,Nicaragua,48,1483.48
1935-12-28,Indonesia,49,1482.41
1935-12-28,Switzerland,50,1476.49
1935-12-28,Belarus,51,1476.1
1935-12-28,Israel,52,1471.01
1935-12-28,Poland,53,1464.87
1935-12-28,Provence,54,1464.73
1935-12-28,Catalonia,55,1462.96
1935-12-28,Romania,56,1461.63
1935-12-28,Republic of Ireland,57,1461.26
1935-12-28,France,58,1458.93
1935-12-28,Honduras,59,1458.79
1935-12-28,New Zealand,60,1457.72
1935-12-28,Canada,61,1455.48
1935-12-28,El Salvador,62,1453.66
1935-12-28,Kenya,63,1447.57
1935-12-28,Haiti,64,1445.31
1935-12-28,Philippines,65,1442.04
1935-12-28,Peru,66,1439.16
1935-12-28,Bulgaria,67,1435.0
1935-12-28,Japan,68,1418.88
1935-12-28,Aruba,69,1402.53
1935-12-28,Northern Ireland,70,1399.79
1935-12-28,Barbados,71,1399.7
1935-12-28,Turkey,72,1399.05
1935-12-28,Bolivia,73,1391.04
1935-12-28,Luxembourg,74,1387.6
1935-12-28,Belgium,75,1385.32
1935-12-28,Guatemala,76,1382.51
1935-12-28,Finland,77,1381.99
1935-12-28,Chile,78,1374.16
1935-12-28,Latvia,79,1360.35
1935-12-28,Lithuania,80,1341.46
1935-12-28,Greece,81,1335.9
1935-12-28,Estonia,82,1321.8
1935-12-28,Alderney,83,1301.65
1936-12-30,Italy,1,1770.97
1936-12-30,Argentina,2,1707.57
1936-12-30,Guernsey,3,1688.35
1936-12-30,Spain,4,1675.91
1936-12-30,Austria,5,1667.55
1936-12-30,Germany,6,1657.01
1936-12-30,China,7,1656.67
1936-12-30,Uruguay,8,1655.81
1936-12-30,Hungary,9,1651.16
1936-12-30,Czechoslovakia,10,1649.53
1936-12-30,Scotland,11,1637.31
1936-12-30,England,12,1627.77
1936-12-30,Trinidad and Tobago,13,1601.14
1936-12-30,Costa Rica,14,1594.15
1936-12-30,Curaçao,15,1583.1
1936-12-30,Mexico,16,1571.94
1936-12-30,Sweden,17,1570.96
1936-12-30,Brazil,18,1567.69
1936-12-30,Wales,19,1554.23
1936-12-30,Australia,20,1553.12
1936-12-30,Uganda,21,1552.43
1936-12-30,Basque Country,22,1550.11
1936-12-30,Egypt,23,1540.73
1936-12-30,Denmark,24,1529.22
1936-12-30,Guyana,25,1522.71
1936-12-30,Netherlands,26,1519.31
1936-12-30,Asturias,27,1517.44
1936-12-30,Jersey,28,1517.1
1936-12-30,Ukraine,29,1516.67
1936-12-30,Dominica,30,1516.39
1936-12-30,Suriname,31,1512.92
1936-12-30,South Africa,32,1510.68
1936-12-30,Republic of Ireland,33,1510.43
1936-12-30,Paraguay,34,1509.76
1936-12-30,Cuba,35,1509.01
1936-12-30,Martinique,36,1508.43
1936-12-30,Brittany,37,1503.51
1936-12-30,Central Spain,38,1501.37
1936-12-30,United States,39,1498.78
1936-12-30,Galicia,40,1496.46
1936-12-30,Romania,41,1494.95
1936-12-30,Yugoslavia,42,1491.88
1936-12-30,Russia,43,1491.03
1936-12-30,Jamaica,44,1487.49
1936-12-30,Portugal,45,1486.64
1936-12-30,Silesia,46,1486.62
1936-12-30,Norway,47,1485.99
1936-12-30,Andalusia,48,1484.74
1936-12-30,French Guiana,49,1483.85
1936-12-30,Guadeloupe,50,1483.63
1936-12-30,Nicaragua,51,1483.48
1936-12-30,Indonesia,52,1482.41
1936-12-30,Belarus,53,1476.1
1936-12-30,Israel,54,1471.01
1936-12-30,France,55,1469.36
1936-12-30,Provence,56,1464.73
1936-12-30,Catalonia,57,1462.96
1936-12-30,Honduras,58,1458.79
1936-12-30,Canada,59,1455.48
1936-12-30,Poland,60,1454.64
1936-12-30,El Salvador,61,1453.66
1936-12-30,Kenya,62,1447.57
1936-12-30,Haiti,63,1445.31
1936-12-30,Philippines,64,1442.04
1936-12-30,Switzerland,65,1440.15
1936-12-30,Bulgaria,66,1432.15
1936-12-30,Peru,67,1428.38
1936-12-30,New Zealand,68,1421.16
1936-12-30,Japan,69,1418.88
1936-12-30,Latvia,70,1417.72
1936-12-30,Northern Ireland,71,1406.8
1936-12-30,Turkey,72,1403.57
1936-12-30,Aruba,73,1402.53
1936-12-30,Barbados,74,1399.7
1936-12-30,Bolivia,75,1391.04
1936-12-30,Belgium,76,1388.06
1936-12-30,Guatemala,77,1382.51
1936-12-30,Finland,78,1381.25
1936-12-30,Luxembourg,79,1371.5
1936-12-30,Chile,80,1369.98
1936-12-30,Lithuania,81,1310.76
1936-12-30,Greece,82,1307.96
1936-12-30,Estonia,83,1301.54
1936-12-30,Alderney,84,1294.55
1937-12-12,Italy,1,1772.12
1937-12-12,Argentina,2,1743.99
1937-12-12,Germany,3,1714.94
1937-12-12,Hungary,4,1681.47
1937-12-12,England,5,1677.92
1937-12-12,Guernsey,6,1677.08
1937-12-12,China,7,1656.67
1937-12-12,Spain,8,1651.97
1937-12-12,Austria,9,1651.92
1937-12-12,Scotland,10,1641.47
1937-12-12,Czechoslovakia,11,1634.82
1937-12-12,Basque Country,12,1616.1
1937-12-12,Trinidad and Tobago,13,1613.7
1937-12-12,Uruguay,14,1596.85
1937-12-12,Costa Rica,15,1594.15
1937-12-12,Brazil,16,1583.63
1937-12-12,Wales,17,1570.83
1937-12-12,Curaçao,18,1568.38
1937-12-12,Uganda,19,1563.74
1937-12-12,Australia,20,1553.12
1937-12-12,Mexico,21,1549.05
1937-12-12,Egypt,22,1540.73
1937-12-12,Suriname,23,1539.73
1937-12-12,Jersey,24,1531.38
1937-12-12,Denmark,25,1525.35
1937-12-12,Asturias,26,1517.44
1937-12-12,Ukraine,27,1516.67
1937-12-12,Netherlands,28,1516.48
1937-12-12,Dominica,29,1516.39
1937-12-12,Republic of Ireland,30,1514.67
1937-12-12,South Africa,31,1510.68
1937-12-12,Portugal,32,1510.58
1937-12-12,Cuba,33,1509.01
1937-12-12,Poland,34,1508.68
1937-12-12,Martinique,35,1508.43
1937-12-12,Romania,36,1504.37
1937-12-12,Sweden,37,1503.6
1937-12-12,Brittany,38,1503.51
1937-12-12,Central Spain,39,1501.37
1937-12-12,Paraguay,40,1499.83
1937-12-12,Galicia,41,1496.46
1937-12-12,Russia,42,1491.03
1937-12-12,Norway,43,1489.21
1937-12-12,Jamaica,44,1487.49
1937-12-12,Andalusia,45,1484.74
1937-12-12,French Guiana,46,1483.85
1937-12-12,Guadeloupe,47,1483.63
1937-12-12,Nicaragua,48,1483.48
1937-12-12,Guyana,49,1483.34
1937-12-12,Indonesia,50,1482.41
1937-12-12,Yugoslavia,51,1479.14
1937-12-12,Belarus,52,1476.1
1937-12-12,United States,53,1474.52
1937-12-12,Silesia,54,1472.5
1937-12-12,Israel,55,1471.01
1937-12-12,El Salvador,56,1469.9
1937-12-12,France,57,1469.81
1937-12-12,Provence,58,1464.73
1937-12-12,Catalonia,59,1462.96
1937-12-12,Canada,60,1455.48
1937-12-12,Haiti,61,1445.31
1937-12-12,Bulgaria,62,1444.04
1937-12-12,Honduras,63,1442.56
1937-12-12,Philippines,64,1442.04
1937-12-12,Kenya,65,1436.26
1937-12-12,Peru,66,1434.94
1937-12-12,Latvia,67,1426.43
1937-12-12,New Zealand,68,1421.16
1937-12-12,Japan,69,1418.88
1937-12-12,Aruba,70,1417.26
1937-12-12,Northern Ireland,71,1400.6
1937-12-12,Barbados,72,1399.7
1937-12-12,Switzerland,73,1398.87
1937-12-12,Turkey,74,1391.65
1937-12-12,Bolivia,75,1391.04
1937-12-12,Belgium,76,1388.39
1937-12-12,Guatemala,77,1382.51
1937-12-12,Chile,78,1379.95
1937-12-12,Luxembourg,79,1356.48
1937-12-12,Estonia,80,1340.94
1937-12-12,Finland,81,1325.67
1937-12-12,Greece,82,1307.96
1937-12-12,Alderney,83,1291.54
1937-12-12,Lithuania,84,1261.27
1938-12-07,Italy,1,1820.37
1938-12-07,Argentina,2,1762.46
1938-12-07,Scotland,3,1702.62
1938-12-07,Guernsey,4,1689.72
1938-12-07,Hungary,5,1671.78
1938-12-07,Germany,6,1665.22
1938-12-07,England,7,1658.35
1938-12-07,China,8,1656.67
1938-12-07,Austria,9,1651.92
1938-12-07,Czechoslovakia,10,1638.67
1938-12-07,Basque Country,11,1636.86
1938-12-07,Spain,12,1630.73
1938-12-07,Brazil,13,1618.05
1938-12-07,Costa Rica,14,1617.95
1938-12-07,Curaçao,15,1607.72
1938-12-07,Mexico,16,1599.2
1938-12-07,Trinidad and Tobago,17,1598.64
1938-12-07,Uruguay,18,1578.37
1938-12-07,Uganda,19,1574.12
1938-12-07,Australia,20,1571.29
1938-12-07,Wales,21,1557.4
1938-12-07,Egypt,22,1540.73
1938-12-07,Republic of Ireland,23,1531.14
1938-12-07,Grenada,24,1530.53
1938-12-07,Dominica,25,1529.0
1938-12-07,Jersey,26,1521.72
1938-12-07,Portugal,27,1521.3
1938-12-07,Norway,28,1518.22
1938-12-07,Asturias,29,1517.44
1938-12-07,Ukraine,30,1516.67
1938-12-07,Netherlands,31,1512.35
1938-12-07,South Africa,32,1510.68
1938-12-07,Suriname,33,1510.05
1938-12-07,Martinique,34,1508.43
1938-12-07,Brittany,35,1503.51
1938-12-07,Central Spain,36,1501.37
1938-12-07,Paraguay,37,1499.83
1938-12-07,Peru,38,1498.93
1938-12-07,Galicia,39,1496.46
1938-12-07,Haiti,40,1494.32
1938-12-07,Russia,41,1491.03
1938-12-07,Switzerland,42,1490.67
1938-12-07,France,43,1490.07
1938-12-07,Yugoslavia,44,1489.41
1938-12-07,Saint Lucia,45,1487.39
1938-12-07,Denmark,46,1487.26
1938-12-07,Andalusia,47,1484.74
1938-12-07,Cuba,48,1484.69
1938-12-07,Ecuador,49,1484.33
1938-12-07,Sweden,50,1484.01
1938-12-07,French Guiana,51,1483.85
1938-12-07,Guadeloupe,52,1483.63
1938-12-07,Nicaragua,53,1483.48
1938-12-07,India,54,1481.83
1938-12-07,Belarus,55,1476.1
1938-12-07,Panama,56,1474.63
1938-12-07,United States,57,1474.52
1938-12-07,Silesia,58,1472.5
1938-12-07,Saint Kitts and Nevis,59,1469.47
1938-12-07,Guyana,60,1468.48
1938-12-07,El Salvador,61,1468.39
1938-12-07,Provence,62,1464.73
1938-12-07,Catalonia,63,1462.96
1938-12-07,Indonesia,64,1459.4
1938-12-07,Romania,65,1456.43
1938-12-07,Canada,66,1455.48
1938-12-07,Poland,67,1455.15
1938-12-07,Latvia,68,1453.93
1938-12-07,Colombia,69,1452.34
1938-12-07,Honduras,70,1442.56
1938-12-07,Philippines,71,1442.04
1938-12-07,Bolivia,72,1440.61
1938-12-07,Jamaica,73,1438.47
1938-12-07,Aruba,74,1437.5
1938-12-07,Israel,75,1426.81
1938-12-07,Kenya,76,1425.88
1938-12-07,Bulgaria,77,1421.41
1938-12-07,New Zealand,78,1421.16
1938-12-07,Japan,79,1418.88
1938-12-07,Northern Ireland,80,1410.99
1938-12-07,Venezuela,81,1404.92
1938-12-07,Barbados,82,1399.7
1938-12-07,Belgium,83,1395.87
1938-12-07,Turkey,84,1391.65
1938-12-07,Guatemala,85,1382.51
1938-12-07,Chile,86,1379.95
1938-12-07,Finland,87,1354.25
1938-12-07,Greece,88,1347.62
1938-12-07,Luxembourg,89,1332.9
1938-12-07,Estonia,90,1329.02
1938-12-07,Alderney,91,1288.56
1938-12-07,Lithuania,92,1224.99
1939-12-03,Italy,1,1789.76
1939-12-03,Argentina,2,1743.86
1939-12-03,Scotland,3,1684.59
1939-12-03,Germany,4,1671.3
1939-12-03,England,5,1666.86
1939-12-03,Guernsey,6,1666.78
1939-12-03,Austria,7,1651.74
1939-12-03,Czechoslovakia,8,1647.69
1939-12-03,Basque Country,9,1636.86
1939-12-03,Brazil,10,1631.37
1939-12-03,China,11,1631.16
1939-12-03,Spain,12,1630.73
1939-12-03,Costa Rica,13,1617.95
1939-12-03,Hungary,14,1610.83
1939-12-03,Curaçao,15,1607.72
1939-12-03,Mexico,16,1599.2
1939-12-03,Trinidad and Tobago,17,1598.64
1939-12-03,Uruguay,18,1588.58
1939-12-03,Uganda,19,1583.68
1939-12-03,Switzerland,20,1576.97
1939-12-03,Australia,21,1571.29
1939-12-03,Peru,22,1558.43
1939-12-03,Jersey,23,1551.29
1939-12-03,Wales,24,1548.95
1939-12-03,Republic of Ireland,25,1544.27
1939-12-03,Dominica,26,1544.06
1939-12-03,Egypt,27,1540.73
1939-12-03,France,28,1539.55
1939-12-03,Sweden,29,1531.52
1939-12-03,Grenada,30,1530.53
1939-12-03,Haiti,31,1521.06
1939-12-03,Asturias,32,1517.44
1939-12-03,Ukraine,33,1516.67
1939-12-03,Brittany,34,1513.29
1939-12-03,Slovakia,35,1512.99
1939-12-03,Denmark,36,1512.3
1939-12-03,South Africa,37,1510.68
1939-12-03,Suriname,38,1510.05
1939-12-03,Netherlands,39,1508.66
1939-12-03,Portugal,40,1503.9
1939-12-03,Central Spain,41,1501.37
1939-12-03,Cuba,42,1499.01
1939-12-03,Galicia,43,1496.46
1939-12-03,Martinique,44,1493.37
1939-12-03,Russia,45,1491.03
1939-12-03,Saint Lucia,46,1487.39
1939-12-03,Andalusia,47,1484.74
1939-12-03,French Guiana,48,1483.85
1939-12-03,Guadeloupe,49,1483.63
1939-12-03,Nicaragua,50,1483.48
1939-12-03,India,51,1481.83
1939-12-03,Manchukuo,52,1481.46
1939-12-03,Paraguay,53,1481.34
1939-12-03,Romania,54,1476.23
1939-12-03,Belarus,55,1476.1
1939-12-03,United States,56,1474.52
1939-12-03,Silesia,57,1472.5
1939-12-03,Saint Kitts and Nevis,58,1469.47
1939-12-03,Norway,59,1468.79
1939-12-03,Guyana,60,1468.48
1939-12-03,El Salvador,61,1468.39
1939-12-03,Poland,62,1466.18
1939-12-03,Provence,63,1464.73
1939-12-03,Catalonia,64,1462.96
1939-12-03,Japan,65,1462.93
1939-12-03,Indonesia,66,1459.4
1939-12-03,Yugoslavia,67,1455.67
1939-12-03,Canada,68,1455.48
1939-12-03,Colombia,69,1452.34
1939-12-03,Honduras,70,1442.56
1939-12-03,Philippines,71,1442.04
1939-12-03,Bolivia,72,1440.61
1939-12-03,Jamaica,73,1438.47
1939-12-03,Aruba,74,1437.5
1939-12-03,Panama,75,1433.58
1939-12-03,Bulgaria,76,1430.22
1939-12-03,Latvia,77,1429.72
1939-12-03,Israel,78,1426.81
1939-12-03,Ecuador,79,1423.31
1939-12-03,New Zealand,80,1421.16
1939-12-03,Kenya,81,1416.32
1939-12-03,Venezuela,82,1404.92
1939-12-03,Northern Ireland,83,1401.36
1939-12-03,Barbados,84,1399.7
1939-12-03,Chile,85,1395.02
1939-12-03,Turkey,86,1391.65
1939-12-03,Belgium,87,1383.4
1939-12-03,Guatemala,88,1382.51
1939-12-03,Luxembourg,89,1351.09
1939-12-03,Greece,90,1347.62
1939-12-03,Finland,91,1318.2
1939-12-03,Estonia,92,1293.16
1939-12-03,Alderney,93,1281.93
1939-12-03,Lithuania,94,1240.03
1940-12-08,Italy,1,1788.89
1940-12-08,Argentina,2,1754.1
1940-12-08,Scotland,3,1684.59
1940-12-08,England,4,1666.86
1940-12-08,Guernsey,5,1666.78
1940-12-08,Austria,6,1651.74
1940-12-08,Germany,7,1650.12
1940-12-08,Czechoslovakia,8,1647.69
1940-12-08,Hungary,9,1642.68
1940-12-08,Basque Country,10,1636.86
1940-12-08,Spain,11,1630.73
1940-12-08,Uruguay,12,1624.91
1940-12-08,Costa Rica,13,1617.95
1940-12-08,Brazil,14,1610.54
1940-12-08,China,15,1608.6
1940-12-08,Curaçao,16,1607.72
1940-12-08,Mexico,17,1599.2
1940-12-08,Trinidad and Tobago,18,1598.64
1940-12-08,Uganda,19,1592.52
1940-12-08,Australia,20,1571.29
1940-12-08,Peru,21,1558.43
1940-12-08,France,22,1553.92
1940-12-08,Jersey,23,1551.29
1940-12-08,Wales,24,1548.95
1940-12-08,Republic of Ireland,25,1544.27
1940-12-08,Dominica,26,1544.06
1940-12-08,Sweden,27,1542.53
1940-12-08,Egypt,28,1540.73
1940-12-08,Switzerland,29,1534.15
1940-12-08,Grenada,30,1530.53
1940-12-08,Croatia,31,1530.26
1940-12-08,Haiti,32,1521.06
1940-12-08,Asturias,33,1517.44
1940-12-08,Ukraine,34,1516.67
1940-12-08,Japan,35,1515.59
1940-12-08,Slovakia,36,1514.65
1940-12-08,Brittany,37,1513.29
1940-12-08,South Africa,38,1510.68
1940-12-08,Suriname,39,1510.05
1940-12-08,Denmark,40,1504.7
1940-12-08,Central Spain,41,1501.37
1940-12-08,Puerto Rico,42,1499.95
1940-12-08,Cuba,43,1499.05
1940-12-08,Galicia,44,1496.46
1940-12-08,Yugoslavia,45,1495.86
1940-12-08,Martinique,46,1493.37
1940-12-08,Russia,47,1491.03
1940-12-08,Portugal,48,1489.53
1940-12-08,Saint Lucia,49,1487.39
1940-12-08,Andalusia,50,1484.74
1940-12-08,French Guiana,51,1483.85
1940-12-08,Guadeloupe,52,1483.63
1940-12-08,Nicaragua,53,1483.48
1940-12-08,India,54,1481.83
1940-12-08,Lebanon,55,1480.68
1940-12-08,Netherlands,56,1478.42
1940-12-08,Belarus,57,1476.1
1940-12-08,United States,58,1474.52
1940-12-08,Silesia,59,1472.5
1940-12-08,Romania,60,1470.47
1940-12-08,Paraguay,61,1469.94
1940-12-08,Saint Kitts and Nevis,62,1469.47
1940-12-08,Norway,63,1468.79
1940-12-08,Guyana,64,1468.48
1940-12-08,El Salvador,65,1468.39
1940-12-08,Poland,66,1466.18
1940-12-08,Provence,67,1464.73
1940-12-08,Manchukuo,68,1464.61
1940-12-08,Catalonia,69,1462.96
1940-12-08,Indonesia,70,1459.4
1940-12-08,Canada,71,1455.48
1940-12-08,Colombia,72,1452.34
1940-12-08,Israel,73,1446.13
1940-12-08,Honduras,74,1442.56
1940-12-08,Bolivia,75,1440.61
1940-12-08,Jamaica,76,1438.47
1940-12-08,Aruba,77,1437.5
1940-12-08,Panama,78,1433.58
1940-12-08,Philippines,79,1428.79
1940-12-08,Ecuador,80,1423.31
1940-12-08,New Zealand,81,1421.16
1940-12-08,Bulgaria,82,1411.51
1940-12-08,Kenya,83,1407.48
1940-12-08,Venezuela,84,1404.92
1940-12-08,Northern Ireland,85,1401.36
1940-12-08,Barbados,86,1399.7
1940-12-08,Belgium,87,1391.68
1940-12-08,Turkey,88,1391.65
1940-12-08,Latvia,89,1388.95
1940-12-08,Guatemala,90,1382.51
1940-12-08,Chile,91,1380.69
1940-12-08,Luxembourg,92,1373.06
1940-12-08,Greece,93,1347.62
1940-12-08,Finland,94,1300.17
1940-12-08,Estonia,95,1299.1
1940-12-08,Alderney,96,1281.93
1940-12-08,Lithuania,97,1274.86
1941-12-28,Italy,1,1788.89
1941-12-28,Argentina,2,1778.03
1941-12-28,Scotland,3,1684.59
1941-12-28,England,4,1666.86
1941-12-28,Guernsey,5,1666.78
1941-12-28,Costa Rica,6,1659.91
1941-12-28,Germany,7,1656.44
1941-12-28,Austria,8,1651.74
1941-12-28,Czechoslovakia,9,1647.69
1941-12-28,Spain,10,1646.34
1941-12-28,Uruguay,11,1640.85
1941-12-28,Basque Country,12,1636.86
1941-12-28,Hungary,13,1634.0
1941-12-28,Brazil,14,1610.54
1941-12-28,China,15,1608.6
1941-12-28,Mexico,16,1599.2
1941-12-28,Trinidad and Tobago,17,1598.64
1941-12-28,Curaçao,18,1591.44
1941-12-28,Australia,19,1571.29
1941-12-28,Uganda,20,1568.72
1941-12-28,France,21,1553.92
1941-12-28,Jersey,22,1551.29
1941-12-28,Wales,23,1548.95
1941-12-28,Republic of Ireland,24,1544.27
1941-12-28,Sweden,25,1544.12
1941-12-28,Dominica,26,1544.06
1941-12-28,Egypt,27,1540.73
1941-12-28,Croatia,28,1535.78
1941-12-28,Peru,29,1532.8
1941-12-28,Denmark,30,1530.66
1941-12-28,Grenada,31,1530.53
1941-12-28,Martinique,32,1523.05
1941-12-28,Switzerland,33,1521.88
1941-12-28,Haiti,34,1521.06
1941-12-28,Asturias,35,1517.44
1941-12-28,Ukraine,36,1516.67
1941-12-28,Iran,37,1515.94
1941-12-28,Japan,38,1515.59
1941-12-28,Brittany,39,1513.29
1941-12-28,South Africa,40,1510.68
1941-12-28,Suriname,41,1510.05
1941-12-28,Yugoslavia,42,1502.25
1941-12-28,Central Spain,43,1501.37
1941-12-28,Puerto Rico,44,1499.95
1941-12-28,Cuba,45,1499.05
1941-12-28,Galicia,46,1496.46
1941-12-28,El Salvador,47,1493.94
1941-12-28,Russia,48,1491.03
1941-12-28,Saint Lucia,49,1487.39
1941-12-28,Portugal,50,1485.38
1941-12-28,Andalusia,51,1484.74
1941-12-28,French Guiana,52,1483.85
1941-12-28,Afghanistan,53,1483.16
1941-12-28,India,54,1482.73
1941-12-28,Lebanon,55,1480.68
1941-12-28,Romania,56,1479.87
1941-12-28,Netherlands,57,1478.42
1941-12-28,Belarus,58,1476.1
1941-12-28,United States,59,1474.52
1941-12-28,Silesia,60,1472.5
1941-12-28,Slovakia,61,1472.34
1941-12-28,Paraguay,62,1469.94
1941-12-28,Saint Kitts and Nevis,63,1469.47
1941-12-28,Norway,64,1468.79
1941-12-28,Guyana,65,1468.48
1941-12-28,Poland,66,1466.18
1941-12-28,Provence,67,1464.73
1941-12-28,Manchukuo,68,1464.61
1941-12-28,Catalonia,69,1462.96
1941-12-28,Indonesia,70,1459.4
1941-12-28,Canada,71,1455.48
1941-12-28,Guadeloupe,72,1453.96
1941-12-28,Colombia,73,1452.34
1941-12-28,Israel,74,1446.13
1941-12-28,Honduras,75,1442.56
1941-12-28,Bolivia,76,1440.61
1941-12-28,Jamaica,77,1438.47
1941-12-28,Aruba,78,1436.97
1941-12-28,Panama,79,1436.75
1941-12-28,Kenya,80,1431.28
1941-12-28,Nicaragua,81,1429.62
1941-12-28,Philippines,82,1428.79
1941-12-28,New Zealand,83,1421.16
1941-12-28,Bulgaria,84,1411.51
1941-12-28,Chile,85,1405.13
1941-12-28,Venezuela,86,1404.92
1941-12-28,Northern Ireland,87,1401.36
1941-12-28,Barbados,88,1399.7
1941-12-28,Belgium,89,1391.68
1941-12-28,Turkey,90,1391.65
1941-12-28,Latvia,91,1388.95
1941-12-28,Ecuador,92,1384.63
1941-12-28,Guatemala,93,1382.51
1941-12-28,Luxembourg,94,1373.06
1941-12-28,Greece,95,1347.62
1941-12-28,Estonia,96,1299.1
1941-12-28,Finland,97,1296.8
1941-12-28,Alderney,98,1281.93
1941-12-28,Lithuania,99,1274.86
1942-11-22,Italy,1,1804.61
1942-11-22,Argentina,2,1775.2
1942-11-22,Uruguay,3,1696.7
1942-11-22,Scotland,4,1684.59
1942-11-22,Germany,5,1682.56
1942-11-22,England,6,1666.86
1942-11-22,Guernsey,7,1666.78
1942-11-22,Costa Rica,8,1659.91
1942-11-22,Austria,9,1651.74
1942-11-22,Czechoslovakia,10,1647.69
1942-11-22,Spain,11,1646.87
1942-11-22,Basque Country,12,1636.86
1942-11-22,Hungary,13,1626.97
1942-11-22,Brazil,14,1607.18
1942-11-22,Mexico,15,1599.2
1942-11-22,Trinidad and Tobago,16,1590.37
1942-11-22,China,17,1588.41
1942-11-22,Curaçao,18,1584.76
1942-11-22,Sweden,19,1574.34
1942-11-22,Australia,20,1571.29
1942-11-22,Japan,21,1562.32
1942-11-22,Jersey,22,1551.29
1942-11-22,Wales,23,1548.95
1942-11-22,Uganda,24,1546.7
1942-11-22,Republic of Ireland,25,1544.27
1942-11-22,Dominica,26,1544.06
1942-11-22,Egypt,27,1540.73
1942-11-22,Switzerland,28,1540.27
1942-11-22,Croatia,29,1535.23
1942-11-22,Grenada,30,1530.53
1942-11-22,Cuba,31,1529.66
1942-11-22,France,32,1525.58
1942-11-22,Martinique,33,1523.05
1942-11-22,Haiti,34,1521.06
1942-11-22,Asturias,35,1517.44
1942-11-22,Ukraine,36,1516.67
1942-11-22,Iran,37,1515.94
1942-11-22,Brittany,38,1513.29
1942-11-22,South Africa,39,1510.68
1942-11-22,Suriname,40,1510.05
1942-11-22,Peru,41,1507.47
1942-11-22,Portugal,42,1503.05
1942-11-22,Denmark,43,1502.25
1942-11-22,Yugoslavia,44,1502.25
1942-11-22,Central Spain,45,1501.37
1942-11-22,Galicia,46,1496.46
1942-11-22,El Salvador,47,1493.94
1942-11-22,Russia,48,1491.03
1942-11-22,Paraguay,49,1489.34
1942-11-22,Saint Lucia,50,1487.39
1942-11-22,Mongolia,51,1486.22
1942-11-22,Andalusia,52,1484.74
1942-11-22,French Guiana,53,1483.85
1942-11-22,Afghanistan,54,1483.16
1942-11-22,India,55,1482.73
1942-11-22,Lebanon,56,1480.68
1942-11-22,Netherlands,57,1478.42
1942-11-22,Belarus,58,1476.1
1942-11-22,United States,59,1474.52
1942-11-22,Silesia,60,1472.5
1942-11-22,Saint Kitts and Nevis,61,1469.47
1942-11-22,Puerto Rico,62,1469.34
1942-11-22,Norway,63,1468.79
1942-11-22,Guyana,64,1468.48
1942-11-22,Poland,65,1466.18
1942-11-22,Provence,66,1464.73
1942-11-22,Catalonia,67,1462.96
1942-11-22,Indonesia,68,1459.4
1942-11-22,Romania,69,1459.38
1942-11-22,Canada,70,1455.48
1942-11-22,Slovakia,71,1454.68
1942-11-22,Guadeloupe,72,1453.96
1942-11-22,Kenya,73,1453.3
1942-11-22,Colombia,74,1452.34
1942-11-22,Manchukuo,75,1451.84
1942-11-22,Israel,76,1446.13
1942-11-22,Aruba,77,1443.65
1942-11-22,Honduras,78,1442.56
1942-11-22,Bolivia,79,1440.61
1942-11-22,Jamaica,80,1438.47
1942-11-22,Panama,81,1436.75
1942-11-22,Nicaragua,82,1429.62
1942-11-22,Philippines,83,1428.79
1942-11-22,New Zealand,84,1421.16
1942-11-22,Latvia,85,1411.84
1942-11-22,Chile,86,1410.94
1942-11-22,Barbados,87,1407.98
1942-11-22,Bulgaria,88,1405.34
1942-11-22,Venezuela,89,1404.92
1942-11-22,Northern Ireland,90,1401.36
1942-11-22,Belgium,91,1391.68
1942-11-22,Turkey,92,1391.65
1942-11-22,Guatemala,93,1382.51
1942-11-22,Luxembourg,94,1373.06
1942-11-22,Greece,95,1347.62
1942-11-22,Ecuador,96,1335.1
1942-11-22,Finland,97,1296.8
1942-11-22,Alderney,98,1281.93
1942-11-22,Estonia,99,1276.21
1942-11-22,Lithuania,100,1274.86
1943-12-19,Italy,1,1804.61
1943-12-19,Argentina,2,1762.07
1943-12-19,Uruguay,3,1687.5
1943-12-19,Scotland,4,1684.59
1943-12-19,Germany,5,1682.56
1943-12-19,England,6,1666.86
1943-12-19,Guernsey,7,1666.78
1943-12-19,Austria,8,1651.74
1943-12-19,Czechoslovakia,9,1647.69
1943-12-19,Spain,10,1646.87
1943-12-19,Hungary,11,1641.22
1943-12-19,Basque Country,12,1636.86
1943-12-19,Costa Rica,13,1613.8
1943-12-19,Brazil,14,1607.18
1943-12-19,Mexico,15,1599.2
1943-12-19,Trinidad and Tobago,16,1590.37
1943-12-19,China,17,1588.41
1943-12-19,Curaçao,18,1577.63
1943-12-19,Australia,19,1571.29
1943-12-19,Sweden,20,1567.43
1943-12-19,Japan,21,1562.32
1943-12-19,Uganda,22,1558.5
1943-12-19,Jersey,23,1551.29
1943-12-19,Wales,24,1548.95
1943-12-19,Republic of Ireland,25,1544.27
1943-12-19,Dominica,26,1544.06
1943-12-19,Egypt,27,1540.73
1943-12-19,Croatia,28,1532.52
1943-12-19,El Salvador,29,1531.84
1943-12-19,Grenada,30,1530.53
1943-12-19,Cuba,31,1529.66
1943-12-19,Switzerland,32,1528.69
1943-12-19,France,33,1525.58
1943-12-19,Martinique,34,1523.05
1943-12-19,Suriname,35,1522.17
1943-12-19,Denmark,36,1522.16
1943-12-19,Haiti,37,1521.06
1943-12-19,Asturias,38,1517.44
1943-12-19,Ukraine,39,1516.67
1943-12-19,Iran,40,1515.94
1943-12-19,Brittany,41,1513.29
1943-12-19,Paraguay,42,1511.67
1943-12-19,South Africa,43,1510.68
1943-12-19,Peru,44,1507.47
1943-12-19,Portugal,45,1503.05
1943-12-19,Yugoslavia,46,1502.25
1943-12-19,Central Spain,47,1501.37
1943-12-19,Galicia,48,1496.46
1943-12-19,Russia,49,1491.03
1943-12-19,Saint Lucia,50,1487.39
1943-12-19,Mongolia,51,1486.22
1943-12-19,Andalusia,52,1484.74
1943-12-19,French Guiana,53,1483.85
1943-12-19,Afghanistan,54,1483.16
1943-12-19,India,55,1482.73
1943-12-19,Lebanon,56,1480.68
1943-12-19,Netherlands,57,1478.42
1943-12-19,Belarus,58,1476.1
1943-12-19,United States,59,1474.52
1943-12-19,Silesia,60,1472.5
1943-12-19,Saint Kitts and Nevis,61,1469.47
1943-12-19,Puerto Rico,62,1469.34
1943-12-19,Norway,63,1468.79
1943-12-19,Poland,64,1466.18
1943-12-19,Provence,65,1464.73
1943-12-19,Catalonia,66,1462.96
1943-12-19,Indonesia,67,1459.4
1943-12-19,Romania,68,1458.57
1943-12-19,Guyana,69,1456.36
1943-12-19,Guatemala,70,1455.74
1943-12-19,Canada,71,1455.48
1943-12-19,Guadeloupe,72,1453.96
1943-12-19,Colombia,73,1452.34
1943-12-19,Manchukuo,74,1451.84
1943-12-19,Aruba,75,1450.78
1943-12-19,Israel,76,1446.13
1943-12-19,Honduras,77,1442.56
1943-12-19,Slovakia,78,1442.45
1943-12-19,Kenya,79,1441.5
1943-12-19,Bolivia,80,1440.61
1943-12-19,Jamaica,81,1438.47
1943-12-19,Panama,82,1436.75
1943-12-19,Philippines,83,1428.79
1943-12-19,New Zealand,84,1421.16
1943-12-19,Latvia,85,1411.84
1943-12-19,Chile,86,1410.94
1943-12-19,Barbados,87,1407.98
1943-12-19,Venezuela,88,1404.92
1943-12-19,Northern Ireland,89,1401.36
1943-12-19,Bulgaria,90,1398.75
1943-12-19,Belgium,91,1391.68
1943-12-19,Turkey,92,1391.65
1943-12-19,Luxembourg,93,1373.06
1943-12-19,Nicaragua,94,1364.61
1943-12-19,Greece,95,1347.62
1943-12-19,Ecuador,96,1335.1
1943-12-19,Finland,97,1303.49
1943-12-19,Alderney,98,1281.93
1943-12-19,Estonia,99,1276.21
1943-12-19,Lithuania,100,1274.86
1944-12-24,Italy,1,1804.61
1944-12-24,Argentina,2,1762.07
1944-12-24,Scotland,3,1684.59
1944-12-24,Germany,4,1682.56
1944-12-24,England,5,1666.86
1944-12-24,Guernsey,6,1666.78
1944-12-24,Austria,7,1651.74
1944-12-24,Uruguay,8,1649.98
1944-12-24,Czechoslovakia,9,1647.69
1944-12-24,Spain,10,1646.87
1944-12-24,Brazil,11,1644.69
1944-12-24,Hungary,12,1641.22
1944-12-24,Basque Country,13,1636.86
1944-12-24,Trinidad and Tobago,14,1620.58
1944-12-24,Costa Rica,15,1613.8
1944-12-24,Mexico,16,1599.2
1944-12-24,Curaçao,17,1598.7
1944-12-24,China,18,1588.41
1944-12-24,Australia,19,1571.29
1944-12-24,Sweden,20,1567.43
1944-12-24,Japan,21,1562.32
1944-12-24,Jersey,22,1551.29
1944-12-24,Wales,23,1548.95
1944-12-24,Croatia,24,1544.46
1944-12-24,Republic of Ireland,25,1544.27
1944-12-24,Dominica,26,1544.06
1944-12-24,Egypt,27,1540.73
1944-12-24,Uganda,28,1537.31
1944-12-24,France,29,1535.7
1944-12-24,El Salvador,30,1531.84
1944-12-24,Grenada,31,1530.53
1944-12-24,Cuba,32,1529.66
1944-12-24,Switzerland,33,1528.69
1944-12-24,Martinique,34,1523.05
1944-12-24,Denmark,35,1522.16
1944-12-24,Asturias,36,1517.44
1944-12-24,Ukraine,37,1516.67
1944-12-24,Iran,38,1515.94
1944-12-24,Brittany,39,1513.29
1944-12-24,Paraguay,40,1511.67
1944-12-24,South Africa,41,1510.68
1944-12-24,Peru,42,1507.47
1944-12-24,Portugal,43,1503.05
1944-12-24,Yugoslavia,44,1502.25
1944-12-24,Central Spain,45,1501.37
1944-12-24,Galicia,46,1496.46
1944-12-24,Russia,47,1491.03
1944-12-24,Suriname,48,1488.86
1944-12-24,Saint Lucia,49,1487.39
1944-12-24,Mongolia,50,1486.22
1944-12-24,Haiti,51,1485.3
1944-12-24,Andalusia,52,1484.74
1944-12-24,French Guiana,53,1483.85
1944-12-24,Afghanistan,54,1483.16
1944-12-24,India,55,1482.73
1944-12-24,Lebanon,56,1480.68
1944-12-24,Netherlands,57,1478.42
1944-12-24,Belarus,58,1476.1
1944-12-24,United States,59,1474.52
1944-12-24,Silesia,60,1472.5
1944-12-24,Saint Kitts and Nevis,61,1469.47
1944-12-24,Puerto Rico,62,1469.34
1944-12-24,Norway,63,1468.79
1944-12-24,Guyana,64,1466.24
1944-12-24,Poland,65,1466.18
1944-12-24,Provence,66,1464.73
1944-12-24,Catalonia,67,1462.96
1944-12-24,Kenya,68,1462.69
1944-12-24,Indonesia,69,1459.4
1944-12-24,Romania,70,1458.57
1944-12-24,Guatemala,71,1455.74
1944-12-24,Canada,72,1455.48
1944-12-24,Aruba,73,1454.42
1944-12-24,Guadeloupe,74,1453.96
1944-12-24,Colombia,75,1452.34
1944-12-24,Manchukuo,76,1451.84
1944-12-24,Venezuela,77,1449.28
1944-12-24,Israel,78,1446.13
1944-12-24,Honduras,79,1442.56
1944-12-24,Bolivia,80,1440.61
1944-12-24,Jamaica,81,1438.47
1944-12-24,Panama,82,1436.75
1944-12-24,Slovakia,83,1430.5
1944-12-24,Philippines,84,1428.79
1944-12-24,New Zealand,85,1421.16
1944-12-24,Latvia,86,1411.84
1944-12-24,Chile,87,1410.94
1944-12-24,Northern Ireland,88,1401.36
1944-12-24,Bulgaria,89,1398.75
1944-12-24,Turkey,90,1391.65
1944-12-24,Belgium,91,1381.56
1944-12-24,Luxembourg,92,1373.06
1944-12-24,Barbados,93,1367.89
1944-12-24,Nicaragua,94,1364.61
1944-12-24,Greece,95,1347.62
1944-12-24,Ecuador,96,1335.1
1944-12-24,Finland,97,1303.49
1944-12-24,Alderney,98,1281.93
1944-12-24,Estonia,99,1276.21
1944-12-24,Lithuania,100,1274.86
1945-12-23,Italy,1,1795.48
1945-12-23,Argentina,2,1746.1
1945-12-23,Brazil,3,1705.44
1945-12-23,Scotland,4,1684.59
1945-12-23,Germany,5,1682.56
1945-12-23,Hungary,6,1679.89
1945-12-23,Guernsey,7,1666.78
1945-12-23,Spain,8,1650.83
1945-12-23,Czechoslovakia,9,1647.69
1945-12-23,Basque Country,10,1636.86
1945-12-23,Austria,11,1632.04
1945-12-23,England,12,1625.99
1945-12-23,Trinidad and Tobago,13,1620.58
1945-12-23,Uruguay,14,1615.7
1945-12-23,Costa Rica,15,1613.8
1945-12-23,Sweden,16,1607.16
1945-12-23,Switzerland,17,1606.24
1945-12-23,Mexico,18,1599.2
1945-12-23,China,19,1588.41
1945-12-23,Uganda,20,1576.06
1945-12-23,Australia,21,1571.29
1945-12-23,Wales,22,1569.32
1945-12-23,Japan,23,1562.32
1945-12-23,Curaçao,24,1555.94
1945-12-23,Jersey,25,1551.29
1945-12-23,Croatia,26,1544.46
1945-12-23,Republic of Ireland,27,1544.27
1945-12-23,Dominica,28,1544.06
1945-12-23,Egypt,29,1540.73
1945-12-23,El Salvador,30,1531.84
1945-12-23,Grenada,31,1530.53
1945-12-23,Suriname,32,1529.81
1945-12-23,Cuba,33,1529.66
1945-12-23,Martinique,34,1523.05
1945-12-23,Paraguay,35,1520.33
1945-12-23,Asturias,36,1517.44
1945-12-23,Ukraine,37,1516.67
1945-12-23,Iran,38,1515.94
1945-12-23,Brittany,39,1513.29
1945-12-23,Denmark,40,1511.38
1945-12-23,South Africa,41,1510.68
1945-12-23,Peru,42,1507.47
1945-12-23,Yugoslavia,43,1502.25
1945-12-23,Central Spain,44,1501.37
1945-12-23,Aruba,45,1497.17
1945-12-23,Galicia,46,1496.46
1945-12-23,France,47,1491.57
1945-12-23,Russia,48,1491.03
1945-12-23,Saint Lucia,49,1487.39
1945-12-23,Mongolia,50,1486.22
1945-12-23,Haiti,51,1485.3
1945-12-23,Portugal,52,1485.2
1945-12-23,Andalusia,53,1484.74
1945-12-23,French Guiana,54,1483.85
1945-12-23,Afghanistan,55,1483.16
1945-12-23,Chile,56,1482.99
1945-12-23,India,57,1482.73
1945-12-23,Lebanon,58,1480.68
1945-12-23,Netherlands,59,1478.42
1945-12-23,Belarus,60,1476.1
1945-12-23,United States,61,1474.52
1945-12-23,Tanzania,62,1473.24
1945-12-23,Silesia,63,1472.5
1945-12-23,Saint Kitts and Nevis,64,1469.47
1945-12-23,Puerto Rico,65,1469.34
1945-12-23,Poland,66,1466.18
1945-12-23,Provence,67,1464.73
1945-12-23,Catalonia,68,1462.96
1945-12-23,Indonesia,69,1459.4
1945-12-23,Guatemala,70,1455.74
1945-12-23,Canada,71,1455.48
1945-12-23,Guadeloupe,72,1453.96
1945-12-23,Manchukuo,73,1451.84
1945-12-23,Romania,74,1451.34
1945-12-23,Kenya,75,1450.7
1945-12-23,Venezuela,76,1449.28
1945-12-23,Israel,77,1446.13
1945-12-23,Honduras,78,1442.56
1945-12-23,Jamaica,79,1438.47
1945-12-23,Panama,80,1436.75
1945-12-23,Norway,81,1432.06
1945-12-23,Slovakia,82,1430.5
1945-12-23,Philippines,83,1428.79
1945-12-23,Colombia,84,1427.99
1945-12-23,Guyana,85,1425.29
1945-12-23,New Zealand,86,1421.16
1945-12-23,Bolivia,87,1403.62
1945-12-23,Bulgaria,88,1398.75
1945-12-23,Northern Ireland,89,1394.9
1945-12-23,Turkey,90,1391.65
1945-12-23,Latvia,91,1389.84
1945-12-23,Luxembourg,92,1389.45
1945-12-23,Belgium,93,1387.63
1945-12-23,Barbados,94,1367.89
1945-12-23,Nicaragua,95,1364.61
1945-12-23,Greece,96,1347.62
1945-12-23,Ecuador,97,1305.24
1945-12-23,Lithuania,98,1296.52
1945-12-23,Finland,99,1293.62
1945-12-23,Alderney,100,1281.93
1945-12-23,Estonia,101,1276.55
1946-12-21,Italy,1,1802.64
1946-12-21,Argentina,2,1785.69
1946-12-21,Brazil,3,1690.84
1946-12-21,Germany,4,1682.56
1946-12-21,Hungary,5,1681.11
1946-12-21,Scotland,6,1663.69
1946-12-21,England,7,1658.6
1946-12-21,Basque Country,8,1636.86
1946-12-21,Czechoslovakia,9,1633.48
1946-12-21,Spain,10,1629.33
1946-12-21,Guernsey,11,1626.32
1946-12-21,Trinidad and Tobago,12,1620.58
1946-12-21,Sweden,13,1611.39
1946-12-21,Uruguay,14,1605.95
1946-12-21,Mexico,15,1599.2
1946-12-21,Jersey,16,1591.75
1946-12-21,China,17,1588.41
1946-12-21,Costa Rica,18,1588.26
1946-12-21,Curaçao,19,1585.52
1946-12-21,Wales,20,1576.94
1946-12-21,Austria,21,1572.02
1946-12-21,Australia,22,1571.29
1946-12-21,Switzerland,23,1567.5
1946-12-21,Japan,24,1562.32
1946-12-21,Denmark,25,1560.53
1946-12-21,Uganda,26,1555.23
1946-12-21,Croatia,27,1544.46
1946-12-21,Dominica,28,1544.06
1946-12-21,France,29,1540.81
1946-12-21,Egypt,30,1540.73
1946-12-21,Paraguay,31,1536.32
1946-12-21,Republic of Ireland,32,1535.25
1946-12-21,Colombia,33,1533.77
1946-12-21,Grenada,34,1530.53
1946-12-21,Cuba,35,1529.66
1946-12-21,Albania,36,1525.94
1946-12-21,Martinique,37,1523.05
1946-12-21,Portugal,38,1520.45
1946-12-21,Yugoslavia,39,1519.25
1946-12-21,Asturias,40,1517.44
1946-12-21,Ukraine,41,1516.67
1946-12-21,Zambia,42,1516.0
1946-12-21,Iran,43,1515.94
1946-12-21,Brittany,44,1513.29
1946-12-21,South Africa,45,1510.68
1946-12-21,Aruba,46,1510.32
1946-12-21,El Salvador,47,1508.27
1946-12-21,Peru,48,1507.47
1946-12-21,Central Spain,49,1501.37
1946-12-21,Suriname,50,1501.22
1946-12-21,Panama,51,1498.23
1946-12-21,Galicia,52,1496.46
1946-12-21,Russia,53,1491.03
1946-12-21,Chile,54,1489.84
1946-12-21,Kenya,55,1488.57
1946-12-21,Netherlands,56,1487.89
1946-12-21,Saint Lucia,57,1487.39
1946-12-21,Mongolia,58,1486.22
1946-12-21,Haiti,59,1485.3
1946-12-21,Iceland,60,1485.22
1946-12-21,Andalusia,61,1484.74
1946-12-21,Zimbabwe,62,1484.0
1946-12-21,Montenegro,63,1484.0
1946-12-21,French Guiana,64,1483.85
1946-12-21,Afghanistan,65,1483.16
1946-12-21,India,66,1482.73
1946-12-21,Lebanon,67,1480.68
1946-12-21,Belarus,68,1476.1
1946-12-21,United States,69,1474.52
1946-12-21,Silesia,70,1472.5
1946-12-21,Saint Kitts and Nevis,71,1469.47
1946-12-21,Poland,72,1466.18
1946-12-21,Provence,73,1464.73
1946-12-21,Catalonia,74,1462.96
1946-12-21,Indonesia,75,1459.4
1946-12-21,Tanzania,76,1456.2
1946-12-21,Canada,77,1455.48
1946-12-21,Romania,78,1454.98
1946-12-21,Guadeloupe,79,1453.96
1946-12-21,Manchukuo,80,1451.84
1946-12-21,Guatemala,81,1446.55
1946-12-21,Israel,82,1446.13
1946-12-21,Jamaica,83,1438.47
1946-12-21,Honduras,84,1437.66
1946-12-21,Venezuela,85,1434.5
1946-12-21,Slovakia,86,1430.5
1946-12-21,Philippines,87,1428.79
1946-12-21,Guyana,88,1422.4
1946-12-21,New Zealand,89,1421.16
1946-12-21,Norway,90,1408.73
1946-12-21,Belgium,91,1400.7
1946-12-21,Northern Ireland,92,1398.73
1946-12-21,Turkey,93,1391.65
1946-12-21,Latvia,94,1389.84
1946-12-21,Bulgaria,95,1389.6
1946-12-21,Puerto Rico,96,1388.25
1946-12-21,Luxembourg,97,1377.13
1946-12-21,Barbados,98,1367.89
1946-12-21,Bolivia,99,1365.54
1946-12-21,Greece,100,1347.62
1946-12-21,Nicaragua,101,1345.17
1946-12-21,Ecuador,102,1305.24
1946-12-21,Lithuania,103,1296.52
1946-12-21,Alderney,104,1281.93
1946-12-21,Estonia,105,1276.55
1946-12-21,Finland,106,1274.18
1947-12-31,Italy,1,1804.59
1947-12-31,Argentina,2,1803.86
1947-12-31,Brazil,3,1699.51
1947-12-31,Hungary,4,1688.37
1947-12-31,England,5,1683.76
1947-12-31,Germany,6,1682.56
1947-12-31,Czechoslovakia,7,1658.79
1947-12-31,Sweden,8,1646.59
1947-12-31,Basque Country,9,1636.86
1947-12-31,Curaçao,10,1622.22
1947-12-31,Mexico,11,1622.07
1947-12-31,Uruguay,12,1613.65
1947-12-31,Jersey,13,1609.33
1947-12-31,Guernsey,14,1608.74
1947-12-31,France,15,1599.28
1947-12-31,Scotland,16,1598.12
1947-12-31,Austria,17,1596.27
1947-12-31,Paraguay,18,1590.0
1947-12-31,China,19,1588.41
1947-12-31,Costa Rica,20,1588.26
1947-12-31,South Africa,21,1583.85
1947-12-31,Uganda,22,1579.97
1947-12-31,Trinidad and Tobago,23,1572.18
1947-12-31,Spain,24,1567.66
1947-12-31,Japan,25,1562.32
1947-12-31,Wales,26,1561.82
1947-12-31,Denmark,27,1555.22
1947-12-31,Switzerland,28,1553.58
1947-12-31,Yugoslavia,29,1549.11
1947-12-31,Croatia,30,1544.46
1947-12-31,Dominica,31,1544.06
1947-12-31,Egypt,32,1540.73
1947-12-31,Republic of Ireland,33,1537.32
1947-12-31,Australia,34,1535.38
1947-12-31,Suriname,35,1534.2
1947-12-31,Cuba,36,1533.66
1947-12-31,Mauritius,37,1531.26
1947-12-31,Grenada,38,1530.53
1947-12-31,Chile,39,1525.68
1947-12-31,Martinique,40,1523.05
1947-12-31,Portugal,41,1519.59
1947-12-31,Asturias,42,1517.44
1947-12-31,Ukraine,43,1516.67
1947-12-31,Ethiopia,44,1516.0
1947-12-31,Netherlands,45,1515.62
1947-12-31,Zambia,46,1514.53
1947-12-31,Brittany,47,1513.29
1947-12-31,El Salvador,48,1508.27
1947-12-31,Aruba,49,1504.74
1947-12-31,Central Spain,50,1501.37
1947-12-31,Madagascar,51,1500.03
1947-12-31,Panama,52,1498.23
1947-12-31,Galicia,53,1496.46
1947-12-31,Peru,54,1494.57
1947-12-31,Iran,55,1494.45
1947-12-31,Russia,56,1491.03
1947-12-31,Saint Lucia,57,1487.39
1947-12-31,Mongolia,58,1486.22
1947-12-31,Zimbabwe,59,1485.47
1947-12-31,Haiti,60,1485.3
1947-12-31,Andalusia,61,1484.74
1947-12-31,Catalonia,62,1484.53
1947-12-31,Montenegro,63,1484.0
1947-12-31,Djibouti,64,1484.0
1947-12-31,Afghanistan,65,1483.16
1947-12-31,India,66,1482.73
1947-12-31,Zanzibar,67,1481.99
1947-12-31,Lebanon,68,1480.68
1947-12-31,Belarus,69,1476.1
1947-12-31,Kenya,70,1475.6
1947-12-31,Silesia,71,1472.5
1947-12-31,Saint Kitts and Nevis,72,1469.47
1947-12-31,Romania,73,1469.05
1947-12-31,Réunion,74,1468.7
1947-12-31,French Guiana,75,1468.65
1947-12-31,Iceland,76,1466.66
1947-12-31,Provence,77,1464.73
1947-12-31,Albania,78,1463.79
1947-12-31,Tanzania,79,1462.43
1947-12-31,Indonesia,80,1459.4
1947-12-31,Northern Ireland,81,1456.53
1947-12-31,Colombia,82,1455.75
1947-12-31,Canada,83,1455.48
1947-12-31,Guadeloupe,84,1453.96
1947-12-31,Manchukuo,85,1451.84
1947-12-31,United States,86,1450.46
1947-12-31,Guatemala,87,1446.55
1947-12-31,Israel,88,1446.13
1947-12-31,Honduras,89,1437.66
1947-12-31,Guyana,90,1433.99
1947-12-31,Venezuela,91,1431.36
1947-12-31,Slovakia,92,1430.5
1947-12-31,Philippines,93,1428.79
1947-12-31,Jamaica,94,1426.39
1947-12-31,Norway,95,1421.42
1947-12-31,Poland,96,1419.31
1947-12-31,Turkey,97,1413.14
1947-12-31,Latvia,98,1412.45
1947-12-31,Puerto Rico,99,1385.44
1947-12-31,New Zealand,100,1383.9
1947-12-31,Bulgaria,101,1382.01
1947-12-31,Belgium,102,1380.12
1947-12-31,Luxembourg,103,1371.27
1947-12-31,Barbados,104,1367.89
1947-12-31,Greece,105,1347.62
1947-12-31,Nicaragua,106,1345.17
1947-12-31,Bolivia,107,1336.8
1947-12-31,Ecuador,108,1303.98
1947-12-31,Alderney,109,1281.93
1947-12-31,Estonia,110,1276.42
1947-12-31,Lithuania,111,1274.03
1947-12-31,Finland,112,1254.83
1948-12-24,Argentina,1,1803.86
1948-12-24,Italy,2,1790.94
1948-12-24,England,3,1733.75
1948-12-24,Hungary,4,1686.27
1948-12-24,Germany,5,1682.56
1948-12-24,Brazil,6,1676.1
1948-12-24,Sweden,7,1643.07
1948-12-24,Uruguay,8,1637.06
1948-12-24,Basque Country,9,1636.86
1948-12-24,Jersey,10,1625.5
1948-12-24,Mexico,11,1622.07
1948-12-24,Uganda,12,1602.32
1948-12-24,Guernsey,13,1596.8
1948-12-24,Austria,14,1595.44
1948-12-24,Costa Rica,15,1592.84
1948-12-24,Spain,16,1592.56
1948-12-24,France,17,1590.65
1948-12-24,Paraguay,18,1590.0
1948-12-24,China,19,1588.41
1948-12-24,Scotland,20,1586.95
1948-12-24,South Africa,21,1583.85
1948-12-24,Trinidad and Tobago,22,1583.15
1948-12-24,Australia,23,1569.21
1948-12-24,Yugoslavia,24,1565.41
1948-12-24,Curaçao,25,1563.17
1948-12-24,Japan,26,1562.32
1948-12-24,Mauritius,27,1558.34
1948-12-24,Switzerland,28,1556.09
1948-12-24,Czechoslovakia,29,1554.15
1948-12-24,Martinique,30,1551.98
1948-12-24,Suriname,31,1548.63
1948-12-24,Wales,32,1547.37
1948-12-24,Denmark,33,1545.35
1948-12-24,Croatia,34,1544.46
1948-12-24,Egypt,35,1536.54
1948-12-24,Netherlands,36,1532.82
1948-12-24,Grenada,37,1530.53
1948-12-24,Ethiopia,38,1530.53
1948-12-24,Panama,39,1528.37
1948-12-24,Chile,40,1525.68
1948-12-24,Portugal,41,1523.24
1948-12-24,Asturias,42,1517.44
1948-12-24,Ukraine,43,1516.67
1948-12-24,Brittany,44,1513.29
1948-12-24,Zambia,45,1511.83
1948-12-24,Dominica,46,1511.68
1948-12-24,Cuba,47,1509.88
1948-12-24,Guadeloupe,48,1505.59
1948-12-24,Aruba,49,1504.74
1948-12-24,Zimbabwe,50,1503.5
1948-12-24,Guatemala,51,1501.99
1948-12-24,Central Spain,52,1501.37
1948-12-24,Madagascar,53,1499.36
1948-12-24,Galicia,54,1496.46
1948-12-24,Silesia,55,1495.41
1948-12-24,Peru,56,1494.57
1948-12-24,Republic of Ireland,57,1492.29
1948-12-24,Albania,58,1491.05
1948-12-24,Russia,59,1491.03
1948-12-24,Iran,60,1491.01
1948-12-24,Saint Lucia,61,1487.39
1948-12-24,Mongolia,62,1486.22
1948-12-24,Andalusia,63,1484.74
1948-12-24,DR Congo,64,1484.67
1948-12-24,Catalonia,65,1484.53
1948-12-24,Montenegro,66,1484.0
1948-12-24,Afghanistan,67,1483.16
1948-12-24,India,68,1482.73
1948-12-24,Lebanon,69,1480.68
1948-12-24,Kenya,70,1480.33
1948-12-24,El Salvador,71,1477.15
1948-12-24,Belarus,72,1476.1
1948-12-24,Iceland,73,1473.78
1948-12-24,Romania,74,1470.9
1948-12-24,Saint Kitts and Nevis,75,1469.47
1948-12-24,Djibouti,76,1469.47
1948-12-24,Jamaica,77,1469.24
1948-12-24,Zanzibar,78,1465.7
1948-12-24,Provence,79,1464.73
1948-12-24,Indonesia,80,1459.4
1948-12-24,Colombia,81,1455.75
1948-12-24,Canada,82,1455.48
1948-12-24,French Guiana,83,1454.43
1948-12-24,Norway,84,1451.93
1948-12-24,Manchukuo,85,1451.84
1948-12-24,Tanzania,86,1451.65
1948-12-24,Northern Ireland,87,1443.93
1948-12-24,Réunion,88,1442.3
1948-12-24,Honduras,89,1437.66
1948-12-24,United States,90,1435.41
1948-12-24,Turkey,91,1434.1
1948-12-24,Haiti,92,1432.02
1948-12-24,Venezuela,93,1431.36
1948-12-24,Slovakia,94,1430.5
1948-12-24,Israel,95,1428.85
1948-12-24,Philippines,96,1428.79
1948-12-24,Poland,97,1427.03
1948-12-24,Belgium,98,1422.06
1948-12-24,Bulgaria,99,1414.03
1948-12-24,Guyana,100,1408.82
1948-12-24,Puerto Rico,101,1385.44
1948-12-24,Latvia,102,1384.71
1948-12-24,Luxembourg,103,1371.27
1948-12-24,Barbados,104,1367.89
1948-12-24,New Zealand,105,1350.08
1948-12-24,Nicaragua,106,1345.17
1948-12-24,Bolivia,107,1336.8
1948-12-24,Greece,108,1322.55
1948-12-24,Lithuania,109,1311.18
1948-12-24,Ecuador,110,1303.98
1948-12-24,Alderney,111,1277.7
1948-12-24,Estonia,112,1267.01
1948-12-24,Finland,113,1239.51
1949-12-20,Argentina,1,1803.86
1949-12-20,Italy,2,1784.81
1949-12-20,Hungary,3,1719.9
1949-12-20,England,4,1718.22
1949-12-20,Brazil,5,1710.98
1949-12-20,Germany,6,1682.56
1949-12-20,Mexico,7,1656.57
1949-12-20,Scotland,8,1649.23
1949-12-20,Jersey,9,1643.81
1949-12-20,Sweden,10,1638.84
1949-12-20,Basque Country,11,1636.86
1949-12-20,Paraguay,12,1625.78
1949-12-20,Austria,13,1614.11
1949-12-20,Uganda,14,1602.32
1949-12-20,Spain,15,1601.84
1949-12-20,China,16,1600.43
1949-12-20,Costa Rica,17,1592.84
1949-12-20,Yugoslavia,18,1591.89
1949-12-20,South Africa,19,1583.85
1949-12-20,Guernsey,20,1582.29
1949-12-20,Mauritius,21,1581.95
1949-12-20,Curaçao,22,1576.51
1949-12-20,Denmark,23,1574.35
1949-12-20,Australia,24,1569.21
1949-12-20,Uruguay,25,1568.57
1949-12-20,Martinique,26,1566.42
1949-12-20,Japan,27,1562.32
1949-12-20,Suriname,28,1554.92
1949-12-20,France,29,1553.61
1949-12-20,Croatia,30,1544.46
1949-12-20,Ethiopia,31,1543.75
1949-12-20,Peru,32,1542.46
1949-12-20,Trinidad and Tobago,33,1541.8
1949-12-20,Switzerland,34,1538.43
1949-12-20,Czechoslovakia,35,1537.72
1949-12-20,Netherlands,36,1532.37
1949-12-20,Grenada,37,1530.53
1949-12-20,Panama,38,1525.36
1949-12-20,Egypt,39,1523.15
1949-12-20,Portugal,40,1519.47
1949-12-20,Asturias,41,1517.44
1949-12-20,Dominican Republic,42,1517.36
1949-12-20,Ukraine,43,1516.67
1949-12-20,Nigeria,44,1516.0
1949-12-20,Brittany,45,1513.29
1949-12-20,Zambia,46,1511.83
1949-12-20,Dominica,47,1511.68
1949-12-20,Guadeloupe,48,1505.59
1949-12-20,South Korea,49,1505.07
1949-12-20,Wales,50,1504.82
1949-12-20,Zimbabwe,51,1503.5
1949-12-20,Guatemala,52,1501.99
1949-12-20,Central Spain,53,1501.37
1949-12-20,Madagascar,54,1499.58
1949-12-20,Vietnam,55,1499.45
1949-12-20,Galicia,56,1496.46
1949-12-20,Silesia,57,1495.41
1949-12-20,Belgium,58,1494.76
1949-12-20,Chile,59,1492.51
1949-12-20,Aruba,60,1491.41
1949-12-20,Russia,61,1491.03
1949-12-20,Iran,62,1491.01
1949-12-20,Romania,63,1489.25
1949-12-20,Jamaica,64,1489.1
1949-12-20,Saint Lucia,65,1487.39
1949-12-20,Mongolia,66,1486.22
1949-12-20,Haiti,67,1485.27
1949-12-20,Republic of Ireland,68,1484.76
1949-12-20,Andalusia,69,1484.74
1949-12-20,DR Congo,70,1484.67
1949-12-20,Catalonia,71,1484.53
1949-12-20,Montenegro,72,1484.0
1949-12-20,Sierra Leone,73,1484.0
1949-12-20,Macau,74,1483.47
1949-12-20,Afghanistan,75,1483.16
1949-12-20,India,76,1482.73
1949-12-20,Cyprus,77,1480.77
1949-12-20,Lebanon,78,1480.68
1949-12-20,El Salvador,79,1480.17
1949-12-20,Kenya,80,1477.64
1949-12-20,Belarus,81,1476.1
1949-12-20,Turkey,82,1474.54
1949-12-20,Tanzania,83,1469.67
1949-12-20,Saint Kitts and Nevis,84,1469.47
1949-12-20,Provence,85,1464.73
1949-12-20,Iceland,86,1460.81
1949-12-20,Indonesia,87,1459.4
1949-12-20,Syria,88,1458.48
1949-12-20,Djibouti,89,1456.25
1949-12-20,Canada,90,1455.48
1949-12-20,Albania,91,1452.03
1949-12-20,Manchukuo,92,1451.84
1949-12-20,Zanzibar,93,1450.37
1949-12-20,Cuba,94,1439.03
1949-12-20,Honduras,95,1437.66
1949-12-20,United States,96,1435.74
1949-12-20,Venezuela,97,1431.36
1949-12-20,Slovakia,98,1430.5
1949-12-20,French Guiana,99,1430.45
1949-12-20,Philippines,100,1428.79
1949-12-20,Israel,101,1428.18
1949-12-20,Norway,102,1425.03
1949-12-20,Poland,103,1424.3
1949-12-20,Northern Ireland,104,1419.18
1949-12-20,Réunion,105,1418.46
1949-12-20,Bulgaria,106,1416.62
1949-12-20,Guyana,107,1408.82
1949-12-20,Colombia,108,1396.69
1949-12-20,Bolivia,109,1393.93
1949-12-20,Latvia,110,1375.75
1949-12-20,Barbados,111,1367.89
1949-12-20,Puerto Rico,112,1367.52
1949-12-20,Luxembourg,113,1361.56
1949-12-20,New Zealand,114,1350.08
1949-12-20,Nicaragua,115,1345.17
1949-12-20,Lithuania,116,1344.33
1949-12-20,Greece,117,1327.97
1949-12-20,Ecuador,118,1289.0
1949-12-20,Alderney,119,1273.89
1949-12-20,Finland,120,1270.98
1949-12-20,Estonia,121,1242.83
1950-12-13,Argentina,1,1805.31
1950-12-13,Italy,2,1755.96
1950-12-13,Brazil,3,1728.51
1950-12-13,Hungary,4,1720.86
1950-12-13,England,5,1711.93
1950-12-13,Germany,6,1693.56
1950-12-13,Austria,7,1682.45
1950-12-13,Scotland,8,1653.39
1950-12-13,Sweden,9,1637.08
1950-12-13,Basque Country,10,1636.86
1950-12-13,Yugoslavia,11,1632.75
1950-12-13,Jersey,12,1625.22
1950-12-13,Paraguay,13,1618.37
1950-12-13,Spain,14,1617.27
1950-12-13,Uruguay,15,1615.0
1950-12-13,Trinidad and Tobago,16,1606.34
1950-12-13,Guernsey,17,1605.53
1950-12-13,Mexico,18,1605.43
1950-12-13,Mauritius,19,1601.97
1950-12-13,China,20,1600.43
1950-12-13,Australia,21,1597.79
1950-12-13,Costa Rica,22,1592.84
1950-12-13,Uganda,23,1580.81
1950-12-13,South Africa,24,1580.14
1950-12-13,Martinique,25,1566.42
1950-12-13,Japan,26,1562.32
1950-12-13,Switzerland,27,1559.19
1950-12-13,Croatia,28,1558.42
1950-12-13,Czechoslovakia,29,1548.81
1950-12-13,Belgium,30,1545.19
1950-12-13,Curaçao,31,1544.4
1950-12-13,Ethiopia,32,1543.75
1950-12-13,Peru,33,1542.46
1950-12-13,Zambia,34,1540.39
1950-12-13,Suriname,35,1540.01
1950-12-13,France,36,1537.47
1950-12-13,Egypt,37,1531.0
1950-12-13,Grenada,38,1530.53
1950-12-13,Panama,39,1525.36
1950-12-13,South Korea,40,1520.83
1950-12-13,Denmark,41,1518.29
1950-12-13,Asturias,42,1517.44
1950-12-13,Dominican Republic,43,1517.36
1950-12-13,Ghana,44,1516.74
1950-12-13,Ukraine,45,1516.67
1950-12-13,Brittany,46,1513.29
1950-12-13,El Salvador,47,1512.61
1950-12-13,Dominica,48,1511.68
1950-12-13,Portugal,49,1511.15
1950-12-13,Jamaica,50,1504.92
1950-12-13,Romania,51,1502.98
1950-12-13,Tanzania,52,1502.04
1950-12-13,Central Spain,53,1501.37
1950-12-13,Vietnam,54,1499.45
1950-12-13,Nigeria,55,1499.26
1950-12-13,Galicia,56,1496.46
1950-12-13,Silesia,57,1495.41
1950-12-13,Guadeloupe,58,1493.59
1950-12-13,Chile,59,1492.59
1950-12-13,Aruba,60,1491.41
1950-12-13,Russia,61,1491.03
1950-12-13,Iran,62,1490.66
1950-12-13,Saint Lucia,63,1487.39
1950-12-13,Turkey,64,1487.25
1950-12-13,Mongolia,65,1486.22
1950-12-13,Serbia,66,1486.04
1950-12-13,Andalusia,67,1484.74
1950-12-13,Catalonia,68,1484.53
1950-12-13,Wales,69,1484.45
1950-12-13,Taiwan,70,1484.23
1950-12-13,Montenegro,71,1484.0
1950-12-13,Sierra Leone,72,1484.0
1950-12-13,Macau,73,1483.47
1950-12-13,India,74,1482.73
1950-12-13,Kenya,75,1481.89
1950-12-13,Cyprus,76,1480.77
1950-12-13,Lebanon,77,1480.68
1950-12-13,Belarus,78,1476.1
1950-12-13,DR Congo,79,1469.92
1950-12-13,Guatemala,80,1469.55
1950-12-13,Saint Kitts and Nevis,81,1469.47
1950-12-13,Haiti,82,1469.44
1950-12-13,Madagascar,83,1468.49
1950-12-13,Republic of Ireland,84,1467.94
1950-12-13,Afghanistan,85,1466.75
1950-12-13,Zimbabwe,86,1464.82
1950-12-13,Provence,87,1464.73
1950-12-13,Iceland,88,1460.81
1950-12-13,Indonesia,89,1459.4
1950-12-13,Syria,90,1458.48
1950-12-13,Djibouti,91,1456.25
1950-12-13,Canada,92,1455.48
1950-12-13,Manchukuo,93,1451.84
1950-12-13,Albania,94,1444.34
1950-12-13,United States,95,1439.89
1950-12-13,Netherlands,96,1439.51
1950-12-13,Cuba,97,1439.03
1950-12-13,Honduras,98,1437.66
1950-12-13,Zanzibar,99,1435.26
1950-12-13,Israel,100,1432.22
1950-12-13,Venezuela,101,1431.36
1950-12-13,Norway,102,1430.73
1950-12-13,Slovakia,103,1430.5
1950-12-13,French Guiana,104,1430.45
1950-12-13,Réunion,105,1429.54
1950-12-13,Philippines,106,1428.79
1950-12-13,Poland,107,1427.3
1950-12-13,Northern Ireland,108,1411.47
1950-12-13,Guyana,109,1403.3
1950-12-13,Colombia,110,1396.69
1950-12-13,Bolivia,111,1391.83
1950-12-13,Bulgaria,112,1389.02
1950-12-13,Latvia,113,1375.75
1950-12-13,Barbados,114,1367.89
1950-12-13,Puerto Rico,115,1367.52
1950-12-13,Luxembourg,116,1365.01
1950-12-13,New Zealand,117,1350.08
1950-12-13,Nicaragua,118,1345.17
1950-12-13,Lithuania,119,1344.33
1950-12-13,Greece,120,1320.12
1950-12-13,Finland,121,1303.56
1950-12-13,Ecuador,122,1289.0
1950-12-13,Alderney,123,1269.26
1950-12-13,Estonia,124,1242.83
1951-12-29,Argentina,1,1788.78
1951-12-29,Italy,2,1744.62
1951-12-29,Hungary,3,1736.57
1951-12-29,Brazil,4,1728.51
1951-12-29,England,5,1708.74
1951-12-29,Germany,6,1684.15
1951-12-29,Austria,7,1679.77
1951-12-29,Scotland,8,1666.51
1951-12-29,Yugoslavia,9,1654.16
1951-12-29,Basque Country,10,1636.86
1951-12-29,Spain,11,1626.48
1951-12-29,Guernsey,12,1622.6
1951-12-29,Mauritius,13,1620.46
1951-12-29,Paraguay,14,1618.37
1951-12-29,Trinidad and Tobago,15,1616.98
1951-12-29,Uruguay,16,1615.0
1951-12-29,Jersey,17,1611.8
1951-12-29,Mexico,18,1605.43
1951-12-29,China,19,1600.43
1951-12-29,Australia,20,1597.79
1951-12-29,Costa Rica,21,1584.65
1951-12-29,South Africa,22,1580.14
1951-12-29,Martinique,23,1574.71
1951-12-29,Suriname,24,1567.81
1951-12-29,France,25,1561.45
1951-12-29,Wales,26,1560.79
1951-12-29,Uganda,27,1560.38
1951-12-29,Croatia,28,1558.42
1951-12-29,Sweden,29,1557.33
1951-12-29,Japan,30,1553.48
1951-12-29,Curaçao,31,1544.4
1951-12-29,Ethiopia,32,1543.75
1951-12-29,Peru,33,1542.46
1951-12-29,Panama,34,1538.57
1951-12-29,Czechoslovakia,35,1538.3
1951-12-29,Tanzania,36,1530.42
1951-12-29,India,37,1528.96
1951-12-29,Denmark,38,1525.06
1951-12-29,Belgium,39,1522.32
1951-12-29,Zambia,40,1520.96
1951-12-29,South Korea,41,1520.83
1951-12-29,Asturias,42,1517.44
1951-12-29,Dominican Republic,43,1517.36
1951-12-29,Ukraine,44,1516.67
1951-12-29,Nigeria,45,1516.07
1951-12-29,Grenada,46,1515.9
1951-12-29,Brittany,47,1513.29
1951-12-29,Turkey,48,1512.65
1951-12-29,El Salvador,49,1512.61
1951-12-29,Dominica,50,1511.68
1951-12-29,Iran,51,1511.19
1951-12-29,Egypt,52,1506.33
1951-12-29,Romania,53,1505.08
1951-12-29,Switzerland,54,1503.42
1951-12-29,Republic of Ireland,55,1502.84
1951-12-29,Central Spain,56,1501.37
1951-12-29,Ghana,57,1499.93
1951-12-29,Vietnam,58,1499.45
1951-12-29,Galicia,59,1496.46
1951-12-29,Silesia,60,1495.41
1951-12-29,Chile,61,1492.59
1951-12-29,Aruba,62,1491.41
1951-12-29,Russia,63,1491.03
1951-12-29,Saint Lucia,64,1487.39
1951-12-29,Kenya,65,1486.91
1951-12-29,Mongolia,66,1486.22
1951-12-29,Serbia,67,1486.04
1951-12-29,Andalusia,68,1484.74
1951-12-29,Catalonia,69,1484.53
1951-12-29,Zimbabwe,70,1484.24
1951-12-29,Taiwan,71,1484.23
1951-12-29,Montenegro,72,1484.0
1951-12-29,Sierra Leone,73,1484.0
1951-12-29,Myanmar,74,1483.57
1951-12-29,Macau,75,1483.47
1951-12-29,Portugal,76,1483.44
1951-12-29,Cyprus,77,1480.77
1951-12-29,Lebanon,78,1480.68
1951-12-29,Norway,79,1480.08
1951-12-29,Fiji,80,1479.39
1951-12-29,Vanuatu,81,1478.5
1951-12-29,Belarus,82,1476.1
1951-12-29,Jamaica,83,1475.98
1951-12-29,Guadeloupe,84,1474.67
1951-12-29,New Caledonia,85,1474.6
1951-12-29,Madagascar,86,1471.99
1951-12-29,DR Congo,87,1469.92
1951-12-29,Guatemala,88,1469.55
1951-12-29,Saint Kitts and Nevis,89,1469.47
1951-12-29,Haiti,90,1468.7
1951-12-29,Iceland,91,1466.29
1951-12-29,Provence,92,1464.73
1951-12-29,Syria,93,1458.48
1951-12-29,Djibouti,94,1456.25
1951-12-29,Canada,95,1455.48
1951-12-29,Venezuela,96,1453.04
1951-12-29,Manchukuo,97,1451.84
1951-12-29,Indonesia,98,1444.48
1951-12-29,Albania,99,1444.34
1951-12-29,Afghanistan,100,1440.2
1951-12-29,United States,101,1439.89
1951-12-29,Cuba,102,1439.03
1951-12-29,Honduras,103,1437.66
1951-12-29,Israel,104,1432.22
1951-12-29,Slovakia,105,1430.5
1951-12-29,French Guiana,106,1430.45
1951-12-29,Philippines,107,1428.79
1951-12-29,Netherlands,108,1423.26
1951-12-29,Poland,109,1422.31
1951-12-29,Zanzibar,110,1422.3
1951-12-29,New Zealand,111,1417.59
1951-12-29,Barbados,112,1412.2
1951-12-29,Réunion,113,1407.55
1951-12-29,Colombia,114,1396.69
1951-12-29,Northern Ireland,115,1395.55
1951-12-29,Bolivia,116,1391.83
1951-12-29,Bulgaria,117,1389.02
1951-12-29,Latvia,118,1375.75
1951-12-29,Guyana,119,1375.5
1951-12-29,Luxembourg,120,1373.42
1951-12-29,Puerto Rico,121,1367.52
1951-12-29,Greece,122,1344.79
1951-12-29,Lithuania,123,1344.33
1951-12-29,Nicaragua,124,1318.47
1951-12-29,Ecuador,125,1289.0
1951-12-29,Finland,126,1288.29
1951-12-29,Alderney,127,1265.6
1951-12-29,Estonia,128,1242.83
1952-12-28,Argentina,1,1802.32
1952-12-28,Brazil,2,1755.11
1952-12-28,England,3,1748.11
1952-12-28,Hungary,4,1730.95
1952-12-28,Italy,5,1721.87
1952-12-28,Germany,6,1697.0
1952-12-28,Yugoslavia,7,1670.95
1952-12-28,Scotland,8,1651.38
1952-12-28,Guernsey,9,1641.57
1952-12-28,Mauritius,10,1637.11
1952-12-28,Basque Country,11,1636.86
1952-12-28,Austria,12,1632.92
1952-12-28,Spain,13,1624.67
1952-12-28,Uruguay,14,1621.06
1952-12-28,Paraguay,15,1618.37
1952-12-28,Trinidad and Tobago,16,1616.98
1952-12-28,Sweden,17,1607.79
1952-12-28,Australia,18,1597.79
1952-12-28,Jersey,19,1596.46
1952-12-28,France,20,1595.89
1952-12-28,Uganda,21,1587.6
1952-12-28,Costa Rica,22,1584.65
1952-12-28,South Africa,23,1580.14
1952-12-28,Curaçao,24,1563.8
1952-12-28,Chile,25,1559.28
1952-12-28,Croatia,26,1558.42
1952-12-28,Mexico,27,1556.41
1952-12-28,Suriname,28,1555.9
1952-12-28,India,29,1555.67
1952-12-28,Belgium,30,1555.24
1952-12-28,China,31,1554.59
1952-12-28,Peru,32,1554.44
1952-12-28,Japan,33,1553.48
1952-12-28,Wales,34,1548.72
1952-12-28,Romania,35,1546.63
1952-12-28,Ethiopia,36,1543.75
1952-12-28,Martinique,37,1535.53
1952-12-28,Pakistan,38,1530.53
1952-12-28,Russia,39,1526.3
1952-12-28,South Korea,40,1520.83
1952-12-28,Zambia,41,1519.21
1952-12-28,Asturias,42,1517.44
1952-12-28,Dominican Republic,43,1517.36
1952-12-28,Ukraine,44,1516.67
1952-12-28,Nigeria,45,1516.07
1952-12-28,Grenada,46,1515.9
1952-12-28,Silesia,47,1514.98
1952-12-28,Guadeloupe,48,1513.84
1952-12-28,Brittany,49,1513.29
1952-12-28,El Salvador,50,1512.61
1952-12-28,Haiti,51,1512.39
1952-12-28,Dominica,52,1511.68
1952-12-28,Iran,53,1511.19
1952-12-28,Turkey,54,1502.06
1952-12-28,Central Spain,55,1501.37
1952-12-28,Ghana,56,1499.93
1952-12-28,Vietnam,57,1499.45
1952-12-28,Switzerland,58,1496.57
1952-12-28,Galicia,59,1496.46
1952-12-28,Tanzania,60,1495.04
1952-12-28,Egypt,61,1494.15
1952-12-28,Czechoslovakia,62,1488.72
1952-12-28,New Zealand,63,1487.77
1952-12-28,Saint Lucia,64,1487.39
1952-12-28,Kenya,65,1487.37
1952-12-28,Mongolia,66,1486.22
1952-12-28,Aruba,67,1486.04
1952-12-28,Serbia,68,1486.04
1952-12-28,Zimbabwe,69,1485.99
1952-12-28,Andalusia,70,1484.74
1952-12-28,Catalonia,71,1484.53
1952-12-28,Taiwan,72,1484.23
1952-12-28,Montenegro,73,1484.0
1952-12-28,Sierra Leone,74,1484.0
1952-12-28,Macau,75,1483.47
1952-12-28,Republic of Ireland,76,1483.23
1952-12-28,Tahiti,77,1481.29
1952-12-28,Cyprus,78,1480.77
1952-12-28,Lebanon,79,1480.68
1952-12-28,Vanuatu,80,1478.5
1952-12-28,Panama,81,1476.26
1952-12-28,Belarus,82,1476.1
1952-12-28,Madagascar,83,1475.26
1952-12-28,New Caledonia,84,1474.6
1952-12-28,Portugal,85,1473.15
1952-12-28,Sri Lanka,86,1471.28
1952-12-28,DR Congo,87,1469.92
1952-12-28,Guatemala,88,1469.55
1952-12-28,Saint Kitts and Nevis,89,1469.47
1952-12-28,Norway,90,1467.57
1952-12-28,Iceland,91,1466.29
1952-12-28,Provence,92,1464.73
1952-12-28,Albania,93,1463.23
1952-12-28,Denmark,94,1462.5
1952-12-28,German DR,95,1459.82
1952-12-28,Syria,96,1458.48
1952-12-28,Djibouti,97,1456.25
1952-12-28,Canada,98,1455.48
1952-12-28,Myanmar,99,1455.04
1952-12-28,Venezuela,100,1453.04
1952-12-28,Manchukuo,101,1451.84
1952-12-28,Indonesia,102,1444.48
1952-12-28,Afghanistan,103,1440.2
1952-12-28,Cuba,104,1439.03
1952-12-28,Honduras,105,1437.66
1952-12-28,United States,106,1432.62
1952-12-28,Jamaica,107,1432.29
1952-12-28,Israel,108,1432.22
1952-12-28,Slovakia,109,1430.5
1952-12-28,French Guiana,110,1430.45
1952-12-28,Zanzibar,111,1430.0
1952-12-28,Philippines,112,1428.79
1952-12-28,Fiji,113,1427.93
1952-12-28,Poland,114,1415.68
1952-12-28,Barbados,115,1412.2
1952-12-28,Bulgaria,116,1406.55
1952-12-28,Netherlands,117,1405.36
1952-12-28,Northern Ireland,118,1401.7
1952-12-28,Colombia,119,1396.69
1952-12-28,Bolivia,120,1391.83
1952-12-28,Réunion,121,1387.63
1952-12-28,Latvia,122,1375.75
1952-12-28,Luxembourg,123,1368.83
1952-12-28,Puerto Rico,124,1367.52
1952-12-28,Guyana,125,1366.82
1952-12-28,Finland,126,1366.32
1952-12-28,Greece,127,1344.79
1952-12-28,Lithuania,128,1344.33
1952-12-28,Nicaragua,129,1318.47
1952-12-28,Ecuador,130,1289.0
1952-12-28,Alderney,131,1261.97
1952-12-28,Estonia,132,1242.83
1953-12-27,Argentina,1,1820.38
1953-12-27,Hungary,2,1766.4
1953-12-27,England,3,1722.66
1953-12-27,Yugoslavia,4,1712.62
1953-12-27,Brazil,5,1712.09
1953-12-27,Germany,6,1701.27
1953-12-27,Italy,7,1699.66
1953-12-27,Paraguay,8,1664.36
1953-12-27,Mauritius,9,1652.51
1953-12-27,Spain,10,1647.82
1953-12-27,Costa Rica,11,1645.77
1953-12-27,Uruguay,12,1640.17
1953-12-27,Scotland,13,1638.59
1953-12-27,Basque Country,14,1636.86
1953-12-27,Guernsey,15,1623.69
1953-12-27,Trinidad and Tobago,16,1618.63
1953-12-27,Jersey,17,1618.41
1953-12-27,Austria,18,1611.57
1953-12-27,Sweden,19,1603.12
1953-12-27,Australia,20,1597.79
1953-12-27,France,21,1597.36
1953-12-27,Uganda,22,1587.72
1953-12-27,Mexico,23,1584.29
1953-12-27,India,24,1578.97
1953-12-27,Martinique,25,1564.17
1953-12-27,South Africa,26,1558.96
1953-12-27,Croatia,27,1558.42
1953-12-27,China,28,1554.59
1953-12-27,Japan,29,1553.48
1953-12-27,Peru,30,1553.33
1953-12-27,Belgium,31,1550.81
1953-12-27,Suriname,32,1549.84
1953-12-27,Ethiopia,33,1543.75
1953-12-27,Czechoslovakia,34,1542.61
1953-12-27,Curaçao,35,1538.98
1953-12-27,Chile,36,1533.93
1953-12-27,Zambia,37,1533.69
1953-12-27,Romania,38,1533.37
1953-12-27,Guinea-Bissau,39,1531.87
1953-12-27,Wales,40,1531.78
1953-12-27,South Korea,41,1528.97
1953-12-27,Pakistan,42,1527.85
1953-12-27,Russia,43,1526.3
1953-12-27,Turkey,44,1526.12
1953-12-27,Kenya,45,1524.4
1953-12-27,Denmark,46,1523.53
1953-12-27,New Caledonia,47,1522.96
1953-12-27,Asturias,48,1517.44
1953-12-27,Dominican Republic,49,1517.36
1953-12-27,Hong Kong,50,1516.96
1953-12-27,Ghana,51,1516.67
1953-12-27,Ukraine,52,1516.67
1953-12-27,Grenada,53,1515.9
1953-12-27,Cameroon,54,1514.62
1953-12-27,Brittany,55,1513.29
1953-12-27,Dominica,56,1511.68
1953-12-27,Iran,57,1511.19
1953-12-27,Haiti,58,1510.52
1953-12-27,Saarland,59,1505.05
1953-12-27,Central Spain,60,1501.37
1953-12-27,Taiwan,61,1501.14
1953-12-27,Singapore,62,1499.95
1953-12-27,Guatemala,63,1499.69
1953-12-27,Vietnam,64,1499.45
1953-12-27,Nigeria,65,1499.33
1953-12-27,Galicia,66,1496.46
1953-12-27,Aruba,67,1492.11
1953-12-27,Silesia,68,1491.91
1953-12-27,Republic of Ireland,69,1491.66
1953-12-27,Portugal,70,1490.49
1953-12-27,El Salvador,71,1488.76
1953-12-27,Burundi,72,1487.95
1953-12-27,New Zealand,73,1487.77
1953-12-27,Saint Lucia,74,1487.39
1953-12-27,Switzerland,75,1486.66
1953-12-27,Mongolia,76,1486.22
1953-12-27,Serbia,77,1486.04
1953-12-27,Guadeloupe,78,1485.21
1953-12-27,Andalusia,79,1484.74
1953-12-27,Kernow,80,1484.56
1953-12-27,Malaysia,81,1484.16
1953-12-27,Montenegro,82,1484.0
1953-12-27,Macau,83,1483.47
1953-12-27,Gambia,84,1483.4
1953-12-27,Norway,85,1483.02
1953-12-27,Cyprus,86,1480.77
1953-12-27,Lebanon,87,1480.68
1953-12-27,Honduras,88,1479.18
1953-12-27,Tanzania,89,1478.68
1953-12-27,Albania,90,1478.15
1953-12-27,Egypt,91,1477.84
1953-12-27,Madagascar,92,1477.79
1953-12-27,Belarus,93,1476.1
1953-12-27,Catalonia,94,1475.3
1953-12-27,Zimbabwe,95,1471.51
1953-12-27,Saint Kitts and Nevis,96,1469.47
1953-12-27,Sierra Leone,97,1468.74
1953-12-27,Provence,98,1464.73
1953-12-27,Tahiti,99,1463.21
1953-12-27,Myanmar,100,1462.64
1953-12-27,Syria,101,1458.48
1953-12-27,German DR,102,1457.38
1953-12-27,Djibouti,103,1456.25
1953-12-27,Canada,104,1455.48
1953-12-27,DR Congo,105,1455.3
1953-12-27,Venezuela,106,1453.04
1953-12-27,Manchukuo,107,1451.84
1953-12-27,Vanuatu,108,1448.21
1953-12-27,Sri Lanka,109,1443.07
1953-12-27,Afghanistan,110,1440.2
1953-12-27,Cuba,111,1439.03
1953-12-27,Iceland,112,1435.17
1953-12-27,Indonesia,113,1431.74
1953-12-27,Slovakia,114,1430.5
1953-12-27,French Guiana,115,1430.45
1953-12-27,Fiji,116,1427.93
1953-12-27,United States,117,1427.51
1953-12-27,Poland,118,1424.98
1953-12-27,Zanzibar,119,1421.24
1953-12-27,Jamaica,120,1420.07
1953-12-27,Philippines,121,1415.43
1953-12-27,Barbados,122,1412.2
1953-12-27,Israel,123,1407.17
1953-12-27,Panama,124,1406.35
1953-12-27,Bulgaria,125,1399.96
1953-12-27,Bolivia,126,1398.8
1953-12-27,Colombia,127,1396.69
1953-12-27,Netherlands,128,1385.08
1953-12-27,Northern Ireland,129,1382.04
1953-12-27,Latvia,130,1375.75
1953-12-27,Réunion,131,1369.7
1953-12-27,Puerto Rico,132,1367.52
1953-12-27,Guyana,133,1366.82
1953-12-27,Greece,134,1360.84
1953-12-27,Finland,135,1350.42
1953-12-27,Luxembourg,136,1345.32
1953-12-27,Lithuania,137,1344.33
1953-12-27,Nicaragua,138,1304.28
1953-12-27,Ecuador,139,1287.27
1953-12-27,Alderney,140,1257.9
1953-12-27,Estonia,141,1242.83
1954-12-25,Hungary,1,1836.32
1954-12-25,Argentina,2,1802.31
1954-12-25,Brazil,3,1747.79
1954-12-25,Yugoslavia,4,1730.84
1954-12-25,England,5,1718.26
1954-12-25,Germany,6,1713.17
1954-12-25,Italy,7,1702.31
1954-12-25,Paraguay,8,1670.02
1954-12-25,Mauritius,9,1665.94
1954-12-25,Uruguay,10,1650.05
1954-12-25,Costa Rica,11,1645.77
1954-12-25,Guernsey,12,1642.76
1954-12-25,Austria,13,1642.75
1954-12-25,Sweden,14,1641.45
1954-12-25,Basque Country,15,1636.86
1954-12-25,Spain,16,1631.78
1954-12-25,Trinidad and Tobago,17,1618.63
1954-12-25,France,18,1614.67
1954-12-25,Uganda,19,1609.37
1954-12-25,Belgium,20,1606.74
1954-12-25,Jersey,21,1602.82
1954-12-25,Australia,22,1601.56
1954-12-25,Scotland,23,1598.46
1954-12-25,Ethiopia,24,1576.96
1954-12-25,India,25,1576.29
1954-12-25,Mexico,26,1575.86
1954-12-25,Martinique,27,1573.34
1954-12-25,South Africa,28,1567.55
1954-12-25,Croatia,29,1558.42
1954-12-25,Russia,30,1557.86
1954-12-25,Taiwan,31,1556.75
1954-12-25,Curaçao,32,1555.33
1954-12-25,China,33,1554.59
1954-12-25,Peru,34,1550.1
1954-12-25,Romania,35,1540.33
1954-12-25,Pakistan,36,1532.22
1954-12-25,Turkey,37,1532.07
1954-12-25,Guinea-Bissau,38,1531.87
1954-12-25,Hong Kong,39,1531.52
1954-12-25,Kenya,40,1525.27
1954-12-25,New Caledonia,41,1522.96
1954-12-25,Zambia,42,1522.74
1954-12-25,Switzerland,43,1520.0
1954-12-25,Asturias,44,1517.44
1954-12-25,Dominican Republic,45,1517.36
1954-12-25,Republic of Ireland,46,1516.95
1954-12-25,Nigeria,47,1516.76
1954-12-25,Ukraine,48,1516.67
1954-12-25,Cambodia,49,1516.0
1954-12-25,Grenada,50,1515.9
1954-12-25,Cameroon,51,1514.62
1954-12-25,Czechoslovakia,52,1514.59
1954-12-25,South Korea,53,1514.13
1954-12-25,Brittany,54,1513.29
1954-12-25,Ghana,55,1513.05
1954-12-25,Dominica,56,1511.68
1954-12-25,Iran,57,1511.19
1954-12-25,Japan,58,1502.97
1954-12-25,Chile,59,1502.88
1954-12-25,Suriname,60,1502.86
1954-12-25,Central Spain,61,1501.37
1954-12-25,Guatemala,62,1499.69
1954-12-25,Galicia,63,1496.46
1954-12-25,Vietnam,64,1496.43
1954-12-25,Silesia,65,1491.91
1954-12-25,El Salvador,66,1488.76
1954-12-25,Burundi,67,1487.95
1954-12-25,Saint Lucia,68,1487.39
1954-12-25,Mongolia,69,1486.22
1954-12-25,Serbia,70,1486.04
1954-12-25,Aruba,71,1485.91
1954-12-25,Singapore,72,1485.3
1954-12-25,Andalusia,73,1484.74
1954-12-25,Kernow,74,1484.56
1954-12-25,Malaysia,75,1484.16
1954-12-25,New Zealand,76,1484.0
1954-12-25,Montenegro,77,1484.0
1954-12-25,Thailand,78,1484.0
1954-12-25,Macau,79,1483.47
1954-12-25,Gambia,80,1483.4
1954-12-25,Portugal,81,1481.88
1954-12-25,Cyprus,82,1480.77
1954-12-25,Lebanon,83,1480.68
1954-12-25,Saarland,84,1480.03
1954-12-25,Honduras,85,1479.18
1954-12-25,Norway,86,1478.22
1954-12-25,Albania,87,1478.15
1954-12-25,Belarus,88,1476.1
1954-12-25,Guadeloupe,89,1476.04
1954-12-25,Catalonia,90,1475.3
1954-12-25,Myanmar,91,1472.14
1954-12-25,Wales,92,1472.06
1954-12-25,Denmark,93,1471.82
1954-12-25,Haiti,94,1471.28
1954-12-25,Saint Kitts and Nevis,95,1469.47
1954-12-25,Tanzania,96,1467.55
1954-12-25,Zimbabwe,97,1466.66
1954-12-25,Provence,98,1464.73
1954-12-25,Tahiti,99,1463.21
1954-12-25,Egypt,100,1461.83
1954-12-25,Syria,101,1458.48
1954-12-25,Sri Lanka,102,1455.67
1954-12-25,Canada,103,1455.48
1954-12-25,DR Congo,104,1455.3
1954-12-25,Sierra Leone,105,1454.93
1954-12-25,Venezuela,106,1453.04
1954-12-25,Manchukuo,107,1451.84
1954-12-25,Madagascar,108,1449.13
1954-12-25,United States,109,1448.96
1954-12-25,Vanuatu,110,1448.21
1954-12-25,Indonesia,111,1446.15
1954-12-25,Iceland,112,1444.7
1954-12-25,Poland,113,1440.8
1954-12-25,Cuba,114,1439.03
1954-12-25,Slovakia,115,1430.5
1954-12-25,French Guiana,116,1430.45
1954-12-25,Fiji,117,1427.93
1954-12-25,Djibouti,118,1423.04
1954-12-25,Jamaica,119,1420.07
1954-12-25,Bulgaria,120,1418.34
1954-12-25,Afghanistan,121,1416.88
1954-12-25,Barbados,122,1412.2
1954-12-25,German DR,123,1410.63
1954-12-25,Zanzibar,124,1409.86
1954-12-25,Northern Ireland,125,1408.12
1954-12-25,Panama,126,1406.35
1954-12-25,Bolivia,127,1398.8
1954-12-25,Colombia,128,1396.69
1954-12-25,Israel,129,1391.95
1954-12-25,Philippines,130,1391.62
1954-12-25,Netherlands,131,1387.7
1954-12-25,Réunion,132,1384.94
1954-12-25,Greece,133,1379.05
1954-12-25,Latvia,134,1375.75
1954-12-25,Puerto Rico,135,1367.52
1954-12-25,Guyana,136,1366.82
1954-12-25,Lithuania,137,1344.33
1954-12-25,Luxembourg,138,1335.69
1954-12-25,Finland,139,1330.39
1954-12-25,Nicaragua,140,1304.28
1954-12-25,Ecuador,141,1287.27
1954-12-25,Alderney,142,1254.42
1954-12-25,Estonia,143,1242.83
1955-12-25,Hungary,1,1872.52
1955-12-25,Argentina,2,1819.14
1955-12-25,Brazil,3,1751.91
1955-12-25,Yugoslavia,4,1727.66
1955-12-25,Italy,5,1719.02
1955-12-25,Costa Rica,6,1687.49
1955-12-25,England,7,1683.49
1955-12-25,Germany,8,1663.11
1955-12-25,France,9,1653.16
1955-12-25,Austria,10,1648.31
1955-12-25,Mauritius,11,1646.61
1955-12-25,South Africa,12,1640.74
1955-12-25,Basque Country,13,1636.86
1955-12-25,Uruguay,14,1633.06
1955-12-25,Uganda,15,1630.91
1955-12-25,Russia,16,1625.8
1955-12-25,Jersey,17,1625.78
1955-12-25,Guernsey,18,1623.59
1955-12-25,Paraguay,19,1618.18
1955-12-25,Spain,20,1610.86
1955-12-25,Sweden,21,1608.85
1955-12-25,Scotland,22,1602.85
1955-12-25,India,23,1583.08
1955-12-25,Martinique,24,1579.63
1955-12-25,Ethiopia,25,1576.96
1955-12-25,Mexico,26,1575.86
1955-12-25,Curaçao,27,1574.03
1955-12-25,Peru,28,1572.88
1955-12-25,Suriname,29,1560.93
1955-12-25,Trinidad and Tobago,30,1560.55
1955-12-25,Croatia,31,1558.42
1955-12-25,Taiwan,32,1556.75
1955-12-25,China,33,1554.59
1955-12-25,Chile,34,1549.04
1955-12-25,Turkey,35,1545.9
1955-12-25,Pakistan,36,1544.95
1955-12-25,Ghana,37,1543.91
1955-12-25,Czechoslovakia,38,1543.09
1955-12-25,Belgium,39,1538.64
1955-12-25,Guinea-Bissau,40,1531.87
1955-12-25,Hong Kong,41,1531.52
1955-12-25,Republic of Ireland,42,1530.04
1955-12-25,Australia,43,1528.37
1955-12-25,Romania,44,1527.14
1955-12-25,Kenya,45,1524.45
1955-12-25,Zambia,46,1522.74
1955-12-25,New Caledonia,47,1520.24
1955-12-25,Asturias,48,1517.44
1955-12-25,Dominican Republic,49,1517.36
1955-12-25,Ukraine,50,1516.67
1955-12-25,Cambodia,51,1516.0
1955-12-25,Grenada,52,1515.9
1955-12-25,Japan,53,1514.82
1955-12-25,Cameroon,54,1514.62
1955-12-25,South Korea,55,1514.13
1955-12-25,Brittany,56,1513.29
1955-12-25,Dominica,57,1511.68
1955-12-25,Iran,58,1511.19
1955-12-25,Guatemala,59,1505.47
1955-12-25,Central Spain,60,1501.37
1955-12-25,Galicia,61,1496.46
1955-12-25,Vietnam,62,1496.43
1955-12-25,El Salvador,63,1493.45
1955-12-25,Silesia,64,1491.91
1955-12-25,Burundi,65,1487.95
1955-12-25,Saint Lucia,66,1487.39
1955-12-25,Wales,67,1487.38
1955-12-25,Honduras,68,1487.28
1955-12-25,Madagascar,69,1486.59
1955-12-25,Mongolia,70,1486.22
1955-12-25,Portugal,71,1486.13
1955-12-25,Serbia,72,1486.04
1955-12-25,Nigeria,73,1485.9
1955-12-25,Denmark,74,1485.62
1955-12-25,Singapore,75,1485.3
1955-12-25,Andalusia,76,1484.74
1955-12-25,Kernow,77,1484.56
1955-12-25,Malaysia,78,1484.16
1955-12-25,New Zealand,79,1484.0
1955-12-25,Montenegro,80,1484.0
1955-12-25,Thailand,81,1484.0
1955-12-25,Macau,82,1483.47
1955-12-25,Gambia,83,1483.4
1955-12-25,Cyprus,84,1480.77
1955-12-25,Albania,85,1478.15
1955-12-25,Switzerland,86,1476.42
1955-12-25,Belarus,87,1476.1
1955-12-25,Catalonia,88,1475.3
1955-12-25,Haiti,89,1471.28
1955-12-25,Guadeloupe,90,1469.75
1955-12-25,Saint Kitts and Nevis,91,1469.47
1955-12-25,Zimbabwe,92,1466.66
1955-12-25,Tahiti,93,1465.93
1955-12-25,Provence,94,1464.73
1955-12-25,Netherlands,95,1464.62
1955-12-25,Aruba,96,1463.22
1955-12-25,Saarland,97,1462.51
1955-12-25,Lebanon,98,1461.22
1955-12-25,Syria,99,1458.48
1955-12-25,Tanzania,100,1458.21
1955-12-25,Canada,101,1455.48
1955-12-25,DR Congo,102,1455.3
1955-12-25,Poland,103,1454.94
1955-12-25,Sierra Leone,104,1454.93
1955-12-25,Myanmar,105,1453.42
1955-12-25,Venezuela,106,1453.04
1955-12-25,Manchukuo,107,1451.84
1955-12-25,Bulgaria,108,1449.93
1955-12-25,German DR,109,1449.78
1955-12-25,Vanuatu,110,1448.21
1955-12-25,Iceland,111,1446.95
1955-12-25,Indonesia,112,1446.15
1955-12-25,Egypt,113,1442.07
1955-12-25,Norway,114,1442.05
1955-12-25,United States,115,1432.1
1955-12-25,Slovakia,116,1430.5
1955-12-25,French Guiana,117,1430.45
1955-12-25,Sri Lanka,118,1428.05
1955-12-25,Fiji,119,1427.93
1955-12-25,Djibouti,120,1423.04
1955-12-25,Jamaica,121,1420.07
1955-12-25,Afghanistan,122,1416.88
1955-12-25,Northern Ireland,123,1413.68
1955-12-25,Barbados,124,1412.2
1955-12-25,Panama,125,1406.35
1955-12-25,Bolivia,126,1398.8
1955-12-25,Zanzibar,127,1398.48
1955-12-25,Colombia,128,1396.69
1955-12-25,Israel,129,1391.95
1955-12-25,Philippines,130,1391.62
1955-12-25,Cuba,131,1382.73
1955-12-25,Greece,132,1379.05
1955-12-25,Latvia,133,1375.75
1955-12-25,Puerto Rico,134,1367.52
1955-12-25,Guyana,135,1366.82
1955-12-25,Réunion,136,1366.8
1955-12-25,Lithuania,137,1344.33
1955-12-25,Luxembourg,138,1335.69
1955-12-25,Nicaragua,139,1304.28
1955-12-25,Finland,140,1293.86
1955-12-25,Ecuador,141,1266.21
1955-12-25,Alderney,142,1250.63
1955-12-25,Estonia,143,1242.83
1956-12-29,Argentina,1,1832.13
1956-12-29,Hungary,2,1823.58
1956-12-29,Brazil,3,1778.75
1956-12-29,England,4,1728.01
1956-12-29,Italy,5,1724.26
1956-12-29,Costa Rica,6,1681.78
1956-12-29,Uruguay,7,1680.46
1956-12-29,France,8,1673.56
1956-12-29,Yugoslavia,9,1672.34
1956-12-29,Russia,10,1653.5
1956-12-29,Uganda,11,1649.07
1956-12-29,Mauritius,12,1645.25
1956-12-29,Jersey,13,1641.83
1956-12-29,South Africa,14,1640.74
1956-12-29,Basque Country,15,1636.86
1956-12-29,Scotland,16,1629.84
1956-12-29,Curaçao,17,1628.09
1956-12-29,Guernsey,18,1610.89
1956-12-29,Austria,19,1610.49
1956-12-29,Sweden,20,1599.43
1956-12-29,South Korea,21,1595.11
1956-12-29,Germany,22,1592.06
1956-12-29,Czechoslovakia,23,1590.52
1956-12-29,Spain,24,1589.96
1956-12-29,Ethiopia,25,1589.48
1956-12-29,Chile,26,1577.64
1956-12-29,Republic of Ireland,27,1574.93
1956-12-29,Croatia,28,1569.19
1956-12-29,India,29,1567.67
1956-12-29,Mexico,30,1565.26
1956-12-29,China,31,1564.98
1956-12-29,Paraguay,32,1563.22
1956-12-29,Trinidad and Tobago,33,1560.55
1956-12-29,Turkey,34,1544.14
1956-12-29,Martinique,35,1543.67
1956-12-29,Pakistan,36,1542.23
1956-12-29,Peru,37,1542.2
1956-12-29,Taiwan,38,1539.72
1956-12-29,Suriname,39,1539.52
1956-12-29,Ghana,40,1537.0
1956-12-29,North Korea,41,1534.34
1956-12-29,Netherlands,42,1534.05
1956-12-29,Portugal,43,1531.94
1956-12-29,Guinea-Bissau,44,1531.87
1956-12-29,Romania,45,1530.72
1956-12-29,Cameroon,46,1527.91
1956-12-29,Kenya,47,1525.93
1956-12-29,Zambia,48,1522.74
1956-12-29,New Caledonia,49,1520.24
1956-12-29,Asturias,50,1517.44
1956-12-29,Dominican Republic,51,1517.36
1956-12-29,Ukraine,52,1516.67
1956-12-29,Bulgaria,53,1516.23
1956-12-29,Grenada,54,1515.9
1956-12-29,Japan,55,1514.82
1956-12-29,Cambodia,56,1514.68
1956-12-29,Australia,57,1514.09
1956-12-29,Brittany,58,1513.29
1956-12-29,Dominica,59,1511.68
1956-12-29,Iran,60,1511.19
1956-12-29,Vietnam Republic,61,1510.3
1956-12-29,Haiti,62,1510.12
1956-12-29,Moldova,63,1509.93
1956-12-29,Switzerland,64,1506.9
1956-12-29,Guatemala,65,1505.47
1956-12-29,Nigeria,66,1505.08
1956-12-29,Madagascar,67,1503.76
1956-12-29,Togo,68,1501.39
1956-12-29,Central Spain,69,1501.37
1956-12-29,Hong Kong,70,1498.22
1956-12-29,Galicia,71,1496.46
1956-12-29,Vietnam,72,1496.43
1956-12-29,El Salvador,73,1493.45
1956-12-29,Silesia,74,1491.91
1956-12-29,Belgium,75,1491.42
1956-12-29,Burundi,76,1487.95
1956-12-29,Sudan,77,1487.49
1956-12-29,Saint Lucia,78,1487.39
1956-12-29,Honduras,79,1487.28
1956-12-29,Mongolia,80,1486.22
1956-12-29,Serbia,81,1486.04
1956-12-29,Andalusia,82,1484.74
1956-12-29,Kernow,83,1484.56
1956-12-29,New Zealand,84,1484.0
1956-12-29,Montenegro,85,1484.0
1956-12-29,Macau,86,1483.47
1956-12-29,Kyrgyzstan,87,1482.9
1956-12-29,Wales,88,1482.17
1956-12-29,Cyprus,89,1480.77
1956-12-29,Albania,90,1478.15
1956-12-29,Belarus,91,1475.36
1956-12-29,Catalonia,92,1475.3
1956-12-29,North Vietnam,93,1472.77
1956-12-29,Singapore,94,1472.61
1956-12-29,Malaysia,95,1472.22
1956-12-29,Saint Kitts and Nevis,96,1469.47
1956-12-29,Zimbabwe,97,1466.66
1956-12-29,Gambia,98,1466.09
1956-12-29,Tahiti,99,1465.93
1956-12-29,Provence,100,1464.73
1956-12-29,German DR,101,1464.36
1956-12-29,Venezuela,102,1463.47
1956-12-29,Aruba,103,1463.22
1956-12-29,Sierra Leone,104,1458.57
1956-12-29,Syria,105,1458.48
1956-12-29,Lebanon,106,1458.05
1956-12-29,Canada,107,1455.48
1956-12-29,Thailand,108,1453.06
1956-12-29,Denmark,109,1452.25
1956-12-29,Manchukuo,110,1451.84
1956-12-29,Guadeloupe,111,1451.65
1956-12-29,Poland,112,1451.26
1956-12-29,Saarland,113,1449.76
1956-12-29,Vanuatu,114,1448.21
1956-12-29,Myanmar,115,1442.67
1956-12-29,Egypt,116,1442.07
1956-12-29,DR Congo,117,1442.0
1956-12-29,Norway,118,1440.76
1956-12-29,Slovakia,119,1430.5
1956-12-29,French Guiana,120,1430.45
1956-12-29,Sri Lanka,121,1428.05
1956-12-29,Fiji,122,1427.93
1956-12-29,Tanzania,123,1426.78
1956-12-29,Indonesia,124,1425.4
1956-12-29,Israel,125,1424.87
1956-12-29,Iceland,126,1424.05
1956-12-29,Djibouti,127,1423.04
1956-12-29,Jamaica,128,1420.07
1956-12-29,Northern Ireland,129,1419.47
1956-12-29,United States,130,1419.43
1956-12-29,Afghanistan,131,1416.88
1956-12-29,Barbados,132,1412.2
1956-12-29,Zanzibar,133,1410.27
1956-12-29,Bolivia,134,1398.8
1956-12-29,Colombia,135,1396.69
1956-12-29,Guyana,136,1388.23
1956-12-29,Cuba,137,1382.73
1956-12-29,Greece,138,1379.05
1956-12-29,Latvia,139,1375.75
1956-12-29,Puerto Rico,140,1367.52
1956-12-29,Philippines,141,1357.65
1956-12-29,Panama,142,1357.07
1956-12-29,Lithuania,143,1351.45
1956-12-29,Réunion,144,1351.0
1956-12-29,Luxembourg,145,1330.61
1956-12-29,Nicaragua,146,1304.28
1956-12-29,Finland,147,1294.96
1956-12-29,Ecuador,148,1266.21
1956-12-29,Alderney,149,1247.28
1956-12-29,Estonia,150,1220.66
1957-12-25,Argentina,1,1810.83
1957-12-25,Hungary,2,1768.32
1957-12-25,Brazil,3,1749.56
1957-12-25,England,4,1737.68
1957-12-25,Costa Rica,5,1698.48
1957-12-25,Uruguay,6,1689.31
1957-12-25,Italy,7,1686.22
1957-12-25,Russia,8,1675.55
1957-12-25,Yugoslavia,9,1669.15
1957-12-25,Uganda,10,1666.75
1957-12-25,Mauritius,11,1664.05
1957-12-25,France,12,1646.73
1957-12-25,Germany,13,1646.44
1957-12-25,South Africa,14,1640.74
1957-12-25,Austria,15,1639.91
1957-12-25,Basque Country,16,1636.86
1957-12-25,Scotland,17,1634.74
1957-12-25,Czechoslovakia,18,1634.04
1957-12-25,Mexico,19,1629.44
1957-12-25,Guernsey,20,1628.45
1957-12-25,Jersey,21,1627.27
1957-12-25,Spain,22,1623.68
1957-12-25,Curaçao,23,1601.74
1957-12-25,Sweden,24,1600.59
1957-12-25,South Korea,25,1595.11
1957-12-25,India,26,1590.62
1957-12-25,Republic of Ireland,27,1583.88
1957-12-25,Peru,28,1575.14
1957-12-25,Croatia,29,1569.19
1957-12-25,Ethiopia,30,1567.78
1957-12-25,Paraguay,31,1555.68
1957-12-25,China,32,1554.94
1957-12-25,Turkey,33,1553.96
1957-12-25,Ghana,34,1547.42
1957-12-25,Chile,35,1545.87
1957-12-25,Pakistan,36,1542.23
1957-12-25,Taiwan,37,1539.72
1957-12-25,Suriname,38,1539.52
1957-12-25,Haiti,39,1539.05
1957-12-25,Zambia,40,1537.7
1957-12-25,Martinique,41,1534.38
1957-12-25,North Korea,42,1534.34
1957-12-25,Netherlands,43,1533.82
1957-12-25,Romania,44,1533.07
1957-12-25,New Caledonia,45,1532.67
1957-12-25,Guinea-Bissau,46,1531.87
1957-12-25,Cameroon,47,1527.91
1957-12-25,Kenya,48,1526.08
1957-12-25,Bulgaria,49,1521.79
1957-12-25,Asturias,50,1517.44
1957-12-25,Dominican Republic,51,1517.36
1957-12-25,Ukraine,52,1516.67
1957-12-25,Vietnam Republic,53,1516.38
1957-12-25,Tunisia,54,1516.0
1957-12-25,Grenada,55,1515.9
1957-12-25,Japan,56,1514.82
1957-12-25,Belgium,57,1514.27
1957-12-25,Australia,58,1514.09
1957-12-25,Brittany,59,1513.29
1957-12-25,Dominica,60,1511.68
1957-12-25,Iran,61,1511.19
1957-12-25,Moldova,62,1509.93
1957-12-25,Portugal,63,1508.74
1957-12-25,Nigeria,64,1507.11
1957-12-25,Honduras,65,1502.47
1957-12-25,Togo,66,1501.39
1957-12-25,Central Spain,67,1501.37
1957-12-25,Trinidad and Tobago,68,1499.56
1957-12-25,Hong Kong,69,1498.22
1957-12-25,Singapore,70,1497.82
1957-12-25,Galicia,71,1496.46
1957-12-25,Vietnam,72,1496.43
1957-12-25,Malaysia,73,1495.66
1957-12-25,El Salvador,74,1493.45
1957-12-25,Silesia,75,1491.91
1957-12-25,Wales,76,1489.38
1957-12-25,Malta,77,1488.92
1957-12-25,Burundi,78,1487.95
1957-12-25,Saint Lucia,79,1487.39
1957-12-25,Egypt,80,1486.85
1957-12-25,Northern Ireland,81,1486.84
1957-12-25,Mongolia,82,1486.22
1957-12-25,Serbia,83,1486.04
1957-12-25,Malawi,84,1485.05
1957-12-25,Andalusia,85,1484.74
1957-12-25,Kernow,86,1484.56
1957-12-25,New Zealand,87,1484.0
1957-12-25,Montenegro,88,1484.0
1957-12-25,Libya,89,1484.0
1957-12-25,Macau,90,1483.47
1957-12-25,Kyrgyzstan,91,1482.9
1957-12-25,Jamaica,92,1481.07
1957-12-25,Cyprus,93,1480.77
1957-12-25,Bolivia,94,1479.92
1957-12-25,Guatemala,95,1478.62
1957-12-25,Belarus,96,1475.36
1957-12-25,Catalonia,97,1475.3
1957-12-25,North Vietnam,98,1472.77
1957-12-25,Madagascar,99,1472.19
1957-12-25,Poland,100,1470.93
1957-12-25,Saint Kitts and Nevis,101,1469.47
1957-12-25,Switzerland,102,1469.42
1957-12-25,Tahiti,103,1468.69
1957-12-25,Zimbabwe,104,1466.66
1957-12-25,Gambia,105,1466.09
1957-12-25,Albania,106,1465.05
1957-12-25,Provence,107,1464.73
1957-12-25,Venezuela,108,1463.47
1957-12-25,Canada,109,1461.31
1957-12-25,Guadeloupe,110,1460.93
1957-12-25,Cambodia,111,1460.58
1957-12-25,Indonesia,112,1460.51
1957-12-25,Aruba,113,1458.92
1957-12-25,Lebanon,114,1458.05
1957-12-25,Sudan,115,1455.62
1957-12-25,German DR,116,1454.7
1957-12-25,Norway,117,1452.17
1957-12-25,Manchukuo,118,1451.84
1957-12-25,Saarland,119,1449.76
1957-12-25,Myanmar,120,1448.55
1957-12-25,Sierra Leone,121,1446.13
1957-12-25,Syria,122,1443.55
1957-12-25,DR Congo,123,1442.0
1957-12-25,Denmark,124,1436.56
1957-12-25,Vanuatu,125,1433.03
1957-12-25,Slovakia,126,1430.5
1957-12-25,French Guiana,127,1430.45
1957-12-25,Sri Lanka,128,1428.05
1957-12-25,Fiji,129,1427.93
1957-12-25,Thailand,130,1424.92
1957-12-25,Israel,131,1424.87
1957-12-25,Djibouti,132,1423.04
1957-12-25,Tanzania,133,1418.88
1957-12-25,Afghanistan,134,1416.88
1957-12-25,Barbados,135,1412.2
1957-12-25,Zanzibar,136,1400.34
1957-12-25,Guyana,137,1388.23
1957-12-25,Colombia,138,1385.9
1957-12-25,Latvia,139,1375.75
1957-12-25,United States,140,1374.12
1957-12-25,Panama,141,1371.69
1957-12-25,Puerto Rico,142,1367.52
1957-12-25,Greece,143,1365.17
1957-12-25,Réunion,144,1363.76
1957-12-25,Iceland,145,1362.83
1957-12-25,Philippines,146,1357.65
1957-12-25,Lithuania,147,1351.45
1957-12-25,Cuba,148,1340.11
1957-12-25,Nicaragua,149,1304.28
1957-12-25,Luxembourg,150,1300.68
1957-12-25,Finland,151,1264.29
1957-12-25,Ecuador,152,1256.69
1957-12-25,Alderney,153,1244.29
1957-12-25,Estonia,154,1220.66
1958-12-28,Brazil,1,1813.06
1958-12-28,Argentina,2,1748.37
1958-12-28,Hungary,3,1727.3
1958-12-28,England,4,1711.37
1958-12-28,Costa Rica,5,1698.48
1958-12-28,Uruguay,6,1697.5
1958-12-28,Russia,7,1697.4
1958-12-28,Yugoslavia,8,1685.5
1958-12-28,France,9,1672.63
1958-12-28,Sweden,10,1671.42
1958-12-28,Mauritius,11,1645.05
1958-12-28,Italy,12,1644.95
1958-12-28,Jersey,13,1643.47
1958-12-28,Uganda,14,1641.49
1958-12-28,Basque Country,15,1636.86
1958-12-28,Spain,16,1634.4
1958-12-28,Germany,17,1630.65
1958-12-28,South Africa,18,1622.06
1958-12-28,Austria,19,1618.88
1958-12-28,Scotland,20,1615.45
1958-12-28,Guernsey,21,1615.4
1958-12-28,South Korea,22,1605.58
1958-12-28,Netherlands,23,1600.64
1958-12-28,Mexico,24,1598.44
1958-12-28,Taiwan,25,1598.4
1958-12-28,Czechoslovakia,26,1589.28
1958-12-28,Paraguay,27,1584.05
1958-12-28,Peru,28,1575.14
1958-12-28,Croatia,29,1569.19
1958-12-28,Kenya,30,1568.81
1958-12-28,Ethiopia,31,1567.78
1958-12-28,Turkey,32,1565.95
1958-12-28,Indonesia,33,1564.6
1958-12-28,Republic of Ireland,34,1561.0
1958-12-28,Curaçao,35,1560.41
1958-12-28,India,36,1559.92
1958-12-28,Hong Kong,37,1555.91
1958-12-28,China,38,1554.94
1958-12-28,Malaysia,39,1546.84
1958-12-28,Chile,40,1545.87
1958-12-28,Wales,41,1545.86
1958-12-28,Ghana,42,1542.83
1958-12-28,Northern Ireland,43,1540.89
1958-12-28,Suriname,44,1539.52
1958-12-28,Haiti,45,1539.05
1958-12-28,North Korea,46,1534.34
1958-12-28,Guinea-Bissau,47,1531.87
1958-12-28,Martinique,48,1531.05
1958-12-28,Zambia,49,1530.13
1958-12-28,Tunisia,50,1529.84
1958-12-28,Cameroon,51,1527.91
1958-12-28,Australia,52,1526.0
1958-12-28,Nigeria,53,1525.58
1958-12-28,Romania,54,1524.01
1958-12-28,New Zealand,55,1523.4
1958-12-28,Bulgaria,56,1517.8
1958-12-28,Asturias,57,1517.44
1958-12-28,Dominican Republic,58,1517.36
1958-12-28,Ukraine,59,1516.67
1958-12-28,Grenada,60,1515.9
1958-12-28,Morocco,61,1515.26
1958-12-28,Brittany,62,1513.29
1958-12-28,Dominica,63,1511.68
1958-12-28,Egypt,64,1509.99
1958-12-28,Moldova,65,1509.93
1958-12-28,Trinidad and Tobago,66,1509.02
1958-12-28,Pakistan,67,1507.35
1958-12-28,Madagascar,68,1506.97
1958-12-28,Malta,69,1502.53
1958-12-28,Honduras,70,1502.47
1958-12-28,Central Spain,71,1501.37
1958-12-28,Galicia,72,1496.46
1958-12-28,Vietnam,73,1496.43
1958-12-28,El Salvador,74,1493.45
1958-12-28,Silesia,75,1491.91
1958-12-28,Portugal,76,1491.2
1958-12-28,Burundi,77,1487.95
1958-12-28,Togo,78,1487.5
1958-12-28,Saint Lucia,79,1487.39
1958-12-28,Belgium,80,1487.09
1958-12-28,Vietnam Republic,81,1486.23
1958-12-28,Mongolia,82,1486.22
1958-12-28,Serbia,83,1486.04
1958-12-28,Malawi,84,1485.05
1958-12-28,Andalusia,85,1484.74
1958-12-28,Kernow,86,1484.56
1958-12-28,Montenegro,87,1484.0
1958-12-28,Macau,88,1483.47
1958-12-28,Kyrgyzstan,89,1482.9
1958-12-28,New Caledonia,90,1481.35
1958-12-28,Cyprus,91,1480.77
1958-12-28,Bolivia,92,1479.92
1958-12-28,German DR,93,1479.62
1958-12-28,Guatemala,94,1478.62
1958-12-28,Iran,95,1478.41
1958-12-28,Belarus,96,1475.36
1958-12-28,Catalonia,97,1475.3
1958-12-28,Zimbabwe,98,1474.22
1958-12-28,North Vietnam,99,1472.77
1958-12-28,Jamaica,100,1471.61
1958-12-28,Norway,101,1469.68
1958-12-28,Saint Kitts and Nevis,102,1469.47
1958-12-28,Tahiti,103,1468.69
1958-12-28,Gambia,104,1466.09
1958-12-28,Provence,105,1464.73
1958-12-28,Albania,106,1464.58
1958-12-28,Guadeloupe,107,1464.27
1958-12-28,Venezuela,108,1463.47
1958-12-28,Canada,109,1461.31
1958-12-28,Denmark,110,1460.92
1958-12-28,Cambodia,111,1460.58
1958-12-28,Aruba,112,1458.92
1958-12-28,Lebanon,113,1458.05
1958-12-28,Sudan,114,1455.62
1958-12-28,Libya,115,1454.9
1958-12-28,Manchukuo,116,1451.84
1958-12-28,Japan,117,1451.6
1958-12-28,Poland,118,1450.09
1958-12-28,Saarland,119,1449.76
1958-12-28,Sierra Leone,120,1446.13
1958-12-28,Syria,121,1443.55
1958-12-28,DR Congo,122,1442.0
1958-12-28,Vanuatu,123,1433.03
1958-12-28,Switzerland,124,1432.28
1958-12-28,Slovakia,125,1430.5
1958-12-28,French Guiana,126,1430.45
1958-12-28,Sri Lanka,127,1428.05
1958-12-28,Fiji,128,1427.93
1958-12-28,Israel,129,1427.32
1958-12-28,Thailand,130,1424.92
1958-12-28,Myanmar,131,1424.85
1958-12-28,Djibouti,132,1423.04
1958-12-28,Singapore,133,1418.22
1958-12-28,Tanzania,134,1417.44
1958-12-28,Afghanistan,135,1416.88
1958-12-28,Barbados,136,1412.2
1958-12-28,Guyana,137,1388.23
1958-12-28,Colombia,138,1385.9
1958-12-28,Zanzibar,139,1384.31
1958-12-28,Latvia,140,1375.75
1958-12-28,United States,141,1374.12
1958-12-28,Greece,142,1372.15
1958-12-28,Panama,143,1371.69
1958-12-28,Puerto Rico,144,1367.52
1958-12-28,Iceland,145,1362.83
1958-12-28,Lithuania,146,1351.45
1958-12-28,Réunion,147,1347.97
1958-12-28,Philippines,148,1343.13
1958-12-28,Cuba,149,1340.11
1958-12-28,Nicaragua,150,1304.28
1958-12-28,Luxembourg,151,1300.68
1958-12-28,Ecuador,152,1256.69
1958-12-28,Finland,153,1245.72
1958-12-28,Alderney,154,1241.13
1958-12-28,Estonia,155,1220.66
1959-12-27,Brazil,1,1813.88
1959-12-27,Hungary,2,1764.05
1959-12-27,Argentina,3,1761.19
1959-12-27,Russia,4,1734.75
1959-12-27,France,5,1684.65
1959-12-27,Uruguay,6,1677.83
1959-12-27,Sweden,7,1676.16
1959-12-27,Costa Rica,8,1667.92
1959-12-27,Yugoslavia,9,1666.44
1959-12-27,England,10,1662.73
1959-12-27,Jersey,11,1660.92
1959-12-27,Mexico,12,1655.84
1959-12-27,Spain,13,1652.01
1959-12-27,Mauritius,14,1645.05
1959-12-27,Basque Country,15,1636.86
1959-12-27,Italy,16,1634.4
1959-12-27,South Korea,17,1629.67
1959-12-27,Austria,18,1625.25
1959-12-27,Scotland,19,1625.16
1959-12-27,South Africa,20,1622.06
1959-12-27,Germany,21,1621.56
1959-12-27,Taiwan,22,1618.3
1959-12-27,Uganda,23,1603.55
1959-12-27,Guernsey,24,1600.83
1959-12-27,Kenya,25,1595.78
1959-12-27,Peru,26,1592.32
1959-12-27,Republic of Ireland,27,1583.98
1959-12-27,Czechoslovakia,28,1583.32
1959-12-27,Turkey,29,1580.76
1959-12-27,Paraguay,30,1575.26
1959-12-27,Chile,31,1572.89
1959-12-27,Netherlands,32,1571.47
1959-12-27,Croatia,33,1569.19
1959-12-27,Bulgaria,34,1566.98
1959-12-27,North Korea,35,1563.47
1959-12-27,Indonesia,36,1560.76
1959-12-27,Curaçao,37,1560.41
1959-12-27,Ghana,38,1558.72
1959-12-27,Vietnam Republic,39,1555.06
1959-12-27,India,40,1548.34
1959-12-27,Trinidad and Tobago,41,1544.7
1959-12-27,China,42,1543.09
1959-12-27,Egypt,43,1542.22
1959-12-27,Haiti,44,1539.05
1959-12-27,Nigeria,45,1538.72
1959-12-27,Wales,46,1535.89
1959-12-27,Hong Kong,47,1535.87
1959-12-27,Malaysia,48,1533.03
1959-12-27,Northern Ireland,49,1532.42
1959-12-27,Guinea-Bissau,50,1531.87
1959-12-27,Zambia,51,1530.13
1959-12-27,Ethiopia,52,1528.94
1959-12-27,Tunisia,53,1528.58
1959-12-27,Cameroon,54,1527.91
1959-12-27,Australia,55,1526.0
1959-12-27,Suriname,56,1524.85
1959-12-27,Romania,57,1523.77
1959-12-27,New Zealand,58,1523.4
1959-12-27,Martinique,59,1519.34
1959-12-27,Asturias,60,1517.44
1959-12-27,Dominican Republic,61,1517.36
1959-12-27,Ukraine,62,1516.67
1959-12-27,Grenada,63,1515.9
1959-12-27,Morocco,64,1515.26
1959-12-27,Brittany,65,1513.29
1959-12-27,Dominica,66,1511.68
1959-12-27,Moldova,67,1509.93
1959-12-27,El Salvador,68,1509.87
1959-12-27,Madagascar,69,1506.97
1959-12-27,Portugal,70,1506.96
1959-12-27,Malta,71,1503.78
1959-12-27,Central Spain,72,1501.37
1959-12-27,Galicia,73,1496.46
1959-12-27,Vietnam,74,1496.43
1959-12-27,Silesia,75,1491.91
1959-12-27,Guadeloupe,76,1490.64
1959-12-27,Iran,77,1489.28
1959-12-27,Burundi,78,1487.95
1959-12-27,Togo,79,1487.5
1959-12-27,Saint Lucia,80,1487.39
1959-12-27,Mongolia,81,1486.22
1959-12-27,Serbia,82,1486.04
1959-12-27,Malawi,83,1485.05
1959-12-27,Andalusia,84,1484.74
1959-12-27,Kernow,85,1484.56
1959-12-27,Montenegro,86,1484.0
1959-12-27,Gambia,87,1483.64
1959-12-27,Macau,88,1483.47
1959-12-27,Kyrgyzstan,89,1482.9
1959-12-27,Cape Verde,90,1482.44
1959-12-27,Cyprus,91,1480.77
1959-12-27,New Caledonia,92,1478.78
1959-12-27,Guatemala,93,1478.62
1959-12-27,Honduras,94,1477.44
1959-12-27,Belarus,95,1475.36
1959-12-27,Catalonia,96,1475.3
1959-12-27,Zimbabwe,97,1474.22
1959-12-27,Pakistan,98,1473.18
1959-12-27,Japan,99,1471.87
1959-12-27,Tahiti,100,1471.27
1959-12-27,Benin,101,1470.98
1959-12-27,Saint Kitts and Nevis,102,1469.47
1959-12-27,Belgium,103,1467.49
1959-12-27,Jamaica,104,1467.08
1959-12-27,Provence,105,1464.73
1959-12-27,Albania,106,1464.58
1959-12-27,Venezuela,107,1463.47
1959-12-27,Sudan,108,1462.24
1959-12-27,Canada,109,1461.31
1959-12-27,Cambodia,110,1460.58
1959-12-27,Aruba,111,1458.92
1959-12-27,Lebanon,112,1458.05
1959-12-27,Libya,113,1454.9
1959-12-27,Denmark,114,1454.34
1959-12-27,Manchukuo,115,1451.84
1959-12-27,Saarland,116,1449.76
1959-12-27,Norway,117,1448.59
1959-12-27,Bolivia,118,1447.31
1959-12-27,Israel,119,1446.9
1959-12-27,North Vietnam,120,1446.79
1959-12-27,Sierra Leone,121,1446.13
1959-12-27,German DR,122,1444.66
1959-12-27,Syria,123,1443.55
1959-12-27,DR Congo,124,1442.0
1959-12-27,Poland,125,1439.74
1959-12-27,Thailand,126,1438.19
1959-12-27,Vanuatu,127,1433.03
1959-12-27,Switzerland,128,1431.37
1959-12-27,Slovakia,129,1430.5
1959-12-27,French Guiana,130,1430.45
1959-12-27,Sri Lanka,131,1428.05
1959-12-27,Fiji,132,1427.93
1959-12-27,Djibouti,133,1423.04
1959-12-27,Afghanistan,134,1416.88
1959-12-27,Tanzania,135,1415.92
1959-12-27,Zanzibar,136,1403.81
1959-12-27,Barbados,137,1403.34
1959-12-27,Myanmar,138,1388.85
1959-12-27,Colombia,139,1385.9
1959-12-27,Latvia,140,1375.75
1959-12-27,Panama,141,1371.69
1959-12-27,United States,142,1369.14
1959-12-27,Puerto Rico,143,1367.52
1959-12-27,Guyana,144,1365.94
1959-12-27,Iceland,145,1362.83
1959-12-27,Greece,146,1359.85
1959-12-27,Singapore,147,1356.75
1959-12-27,Lithuania,148,1351.45
1959-12-27,Réunion,149,1340.97
1959-12-27,Cuba,150,1340.11
1959-12-27,Philippines,151,1330.08
1959-12-27,Nicaragua,152,1304.28
1959-12-27,Ecuador,153,1293.11
1959-12-27,Luxembourg,154,1291.55
1959-12-27,Finland,155,1253.95
1959-12-27,Alderney,156,1238.25
1959-12-27,Estonia,157,1220.66
1960-12-23,Brazil,1,1828.37
1960-12-23,Argentina,2,1811.73
1960-12-23,Hungary,3,1755.29
1960-12-23,Russia,4,1746.3
1960-12-23,Uruguay,5,1699.45
1960-12-23,Sweden,6,1696.08
1960-12-23,Yugoslavia,7,1695.71
1960-12-23,England,8,1679.98
1960-12-23,Jersey,9,1674.34
1960-12-23,South Korea,10,1669.18
1960-12-23,Austria,11,1662.46
1960-12-23,Spain,12,1662.09
1960-12-23,Costa Rica,13,1661.38
1960-12-23,Czechoslovakia,14,1645.16
1960-12-23,Mauritius,15,1645.05
1960-12-23,Mexico,16,1638.62
1960-12-23,Basque Country,17,1636.86
1960-12-23,Germany,18,1627.69
1960-12-23,France,19,1624.21
1960-12-23,South Africa,20,1622.06
1960-12-23,Uganda,21,1618.49
1960-12-23,Kenya,22,1611.9
1960-12-23,Italy,23,1611.42
1960-12-23,Ghana,24,1609.43
1960-12-23,Indonesia,25,1605.41
1960-12-23,Republic of Ireland,26,1595.73
1960-12-23,Taiwan,27,1592.61
1960-12-23,Guernsey,28,1590.94
1960-12-23,China,29,1582.6
1960-12-23,Turkey,30,1580.45
1960-12-23,Peru,31,1580.42
1960-12-23,Bulgaria,32,1578.42
1960-12-23,Curaçao,33,1576.58
1960-12-23,Scotland,34,1574.51
1960-12-23,Wales,35,1574.11
1960-12-23,North Korea,36,1570.25
1960-12-23,Croatia,37,1569.19
1960-12-23,Cameroon,38,1567.34
1960-12-23,Malaysia,39,1560.94
1960-12-23,Trinidad and Tobago,40,1557.34
1960-12-23,Netherlands,41,1551.32
1960-12-23,New Zealand,42,1549.43
1960-12-23,Haiti,43,1539.05
1960-12-23,Madagascar,44,1538.8
1960-12-23,Hong Kong,45,1535.87
1960-12-23,Mali,46,1534.88
1960-12-23,Zambia,47,1530.13
1960-12-23,Ethiopia,48,1528.94
1960-12-23,Chile,49,1526.31
1960-12-23,Australia,50,1526.0
1960-12-23,India,51,1524.06
1960-12-23,Martinique,52,1520.2
1960-12-23,Egypt,53,1519.97
1960-12-23,Malta,54,1519.81
1960-12-23,Asturias,55,1517.44
1960-12-23,Dominican Republic,56,1517.36
1960-12-23,Ukraine,57,1516.67
1960-12-23,Paraguay,58,1516.45
1960-12-23,Grenada,59,1515.9
1960-12-23,Brittany,60,1513.29
1960-12-23,Dominica,61,1511.68
1960-12-23,Portugal,62,1511.35
1960-12-23,Moldova,63,1509.93
1960-12-23,El Salvador,64,1509.87
1960-12-23,Guinea-Bissau,65,1508.54
1960-12-23,Vietnam Republic,66,1505.2
1960-12-23,Nigeria,67,1504.3
1960-12-23,Central Spain,68,1501.37
1960-12-23,Iraq,69,1501.04
1960-12-23,Romania,70,1499.82
1960-12-23,Burkina Faso,71,1499.58
1960-12-23,Ivory Coast,72,1498.41
1960-12-23,Israel,73,1497.49
1960-12-23,Galicia,74,1496.46
1960-12-23,Belgium,75,1496.44
1960-12-23,Vietnam,76,1496.43
1960-12-23,Switzerland,77,1495.92
1960-12-23,Congo,78,1495.31
1960-12-23,Honduras,79,1495.13
1960-12-23,Silesia,80,1491.91
1960-12-23,Iran,81,1489.28
1960-12-23,Burundi,82,1487.95
1960-12-23,Morocco,83,1487.74
1960-12-23,Suriname,84,1487.63
1960-12-23,Saint Lucia,85,1487.39
1960-12-23,Serbia,86,1486.04
1960-12-23,Malawi,87,1485.05
1960-12-23,Andalusia,88,1484.74
1960-12-23,Kernow,89,1484.56
1960-12-23,Montenegro,90,1484.0
1960-12-23,Gabon,91,1484.0
1960-12-23,Central African Republic,92,1484.0
1960-12-23,Macau,93,1483.47
1960-12-23,Kyrgyzstan,94,1482.9
1960-12-23,Cape Verde,95,1482.44
1960-12-23,Northern Ireland,96,1482.43
1960-12-23,Guatemala,97,1480.38
1960-12-23,Poland,98,1480.19
1960-12-23,New Caledonia,99,1478.78
1960-12-23,Togo,100,1477.49
1960-12-23,Guadeloupe,101,1477.16
1960-12-23,Denmark,102,1476.84
1960-12-23,Belarus,103,1475.36
1960-12-23,Catalonia,104,1475.3
1960-12-23,German DR,105,1475.08
1960-12-23,Zimbabwe,106,1474.22
1960-12-23,Tunisia,107,1472.24
1960-12-23,Gambia,108,1469.85
1960-12-23,Saint Kitts and Nevis,109,1469.47
1960-12-23,Jamaica,110,1467.08
1960-12-23,Cyprus,111,1464.84
1960-12-23,Provence,112,1464.73
1960-12-23,Albania,113,1464.58
1960-12-23,Venezuela,114,1463.47
1960-12-23,Sudan,115,1462.24
1960-12-23,Canada,116,1461.31
1960-12-23,Cambodia,117,1460.58
1960-12-23,Norway,118,1459.44
1960-12-23,Aruba,119,1458.92
1960-12-23,Lebanon,120,1458.05
1960-12-23,Benin,121,1456.31
1960-12-23,Libya,122,1454.9
1960-12-23,Manchukuo,123,1451.84
1960-12-23,Japan,124,1450.39
1960-12-23,Saarland,125,1449.76
1960-12-23,Pakistan,126,1449.25
1960-12-23,Bolivia,127,1447.31
1960-12-23,Tahiti,128,1445.24
1960-12-23,Mongolia,129,1445.12
1960-12-23,Syria,130,1443.55
1960-12-23,DR Congo,131,1442.0
1960-12-23,Sierra Leone,132,1441.65
1960-12-23,North Vietnam,133,1441.6
1960-12-23,Vanuatu,134,1433.03
1960-12-23,Slovakia,135,1430.5
1960-12-23,French Guiana,136,1430.45
1960-12-23,Sri Lanka,137,1428.05
1960-12-23,Fiji,138,1427.93
1960-12-23,Afghanistan,139,1416.88
1960-12-23,Tanzania,140,1415.46
1960-12-23,Djibouti,141,1411.73
1960-12-23,Barbados,142,1403.34
1960-12-23,Thailand,143,1398.05
1960-12-23,Singapore,144,1395.41
1960-12-23,Myanmar,145,1388.85
1960-12-23,Colombia,146,1385.9
1960-12-23,Latvia,147,1375.75
1960-12-23,United States,148,1373.61
1960-12-23,Zanzibar,149,1373.2
1960-12-23,Panama,150,1371.69
1960-12-23,Puerto Rico,151,1367.52
1960-12-23,Guyana,152,1365.94
1960-12-23,Lithuania,153,1351.45
1960-12-23,Iceland,154,1344.6
1960-12-23,Greece,155,1343.65
1960-12-23,Cuba,156,1333.11
1960-12-23,Réunion,157,1331.82
1960-12-23,Philippines,158,1330.08
1960-12-23,Nicaragua,159,1304.28
1960-12-23,Ecuador,160,1290.01
1960-12-23,Luxembourg,161,1287.86
1960-12-23,Alderney,162,1234.72
1960-12-23,Finland,163,1226.19
1960-12-23,Estonia,164,1220.66
1961-12-31,Brazil,1,1851.86
1961-12-31,Russia,2,1770.68
1961-12-31,Yugoslavia,3,1759.73
1961-12-31,Argentina,4,1745.28
1961-12-31,Austria,5,1720.68
1961-12-31,Hungary,6,1717.09
1961-12-31,Spain,7,1713.73
1961-12-31,Czechoslovakia,8,1708.22
1961-12-31,Uruguay,9,1693.51
1961-12-31,Jersey,10,1688.83
1961-12-31,England,11,1686.93
1961-12-31,Sweden,12,1660.57
1961-12-31,Costa Rica,13,1657.88
1961-12-31,Italy,14,1654.37
1961-12-31,Germany,15,1651.19
1961-12-31,Mauritius,16,1645.05
1961-12-31,Basque Country,17,1636.86
1961-12-31,Mexico,18,1630.71
1961-12-31,South Africa,19,1622.06
1961-12-31,Kenya,20,1617.36
1961-12-31,Scotland,21,1615.24
1961-12-31,Ghana,22,1612.05
1961-12-31,South Korea,23,1598.45
1961-12-31,Bulgaria,24,1595.51
1961-12-31,Taiwan,25,1592.61
1961-12-31,Uganda,26,1591.43
1961-12-31,Indonesia,27,1591.35
1961-12-31,China,28,1582.6
1961-12-31,Guernsey,29,1578.81
1961-12-31,North Korea,30,1570.25
1961-12-31,Croatia,31,1569.19
1961-12-31,Chile,32,1568.65
1961-12-31,Haiti,33,1566.3
1961-12-31,Malaysia,34,1565.79
1961-12-31,Turkey,35,1565.53
1961-12-31,Vietnam Republic,36,1562.85
1961-12-31,Wales,37,1562.8
1961-12-31,Curaçao,38,1562.29
1961-12-31,France,39,1561.03
1961-12-31,Cameroon,40,1559.26
1961-12-31,Trinidad and Tobago,41,1557.34
1961-12-31,Switzerland,42,1549.53
1961-12-31,New Zealand,43,1549.43
1961-12-31,Ivory Coast,44,1542.54
1961-12-31,Republic of Ireland,45,1541.21
1961-12-31,Hong Kong,46,1537.79
1961-12-31,Romania,47,1537.46
1961-12-31,Peru,48,1533.93
1961-12-31,Madagascar,49,1533.43
1961-12-31,Netherlands,50,1531.71
1961-12-31,Grenada,51,1530.5
1961-12-31,Zambia,52,1530.13
1961-12-31,Australia,53,1526.0
1961-12-31,Honduras,54,1525.01
1961-12-31,Poland,55,1524.8
1961-12-31,Mali,56,1522.26
1961-12-31,Belgium,57,1520.08
1961-12-31,Martinique,58,1518.22
1961-12-31,Ethiopia,59,1517.93
1961-12-31,Asturias,60,1517.44
1961-12-31,Dominican Republic,61,1517.36
1961-12-31,Morocco,62,1517.3
1961-12-31,Ukraine,63,1516.67
1961-12-31,Saint Vincent and the Grenadines,64,1514.45
1961-12-31,Nigeria,65,1514.38
1961-12-31,Malta,66,1514.21
1961-12-31,Egypt,67,1513.4
1961-12-31,Brittany,68,1513.29
1961-12-31,El Salvador,69,1512.9
1961-12-31,Benin,70,1510.46
1961-12-31,Moldova,71,1509.93
1961-12-31,Guinea-Bissau,72,1508.54
1961-12-31,Israel,73,1507.51
1961-12-31,New Caledonia,74,1505.12
1961-12-31,Senegal,75,1502.27
1961-12-31,Central Spain,76,1501.37
1961-12-31,Iraq,77,1501.04
1961-12-31,Chad,78,1500.0
1961-12-31,Niger,79,1500.0
1961-12-31,Burkina Faso,80,1499.55
1961-12-31,Paraguay,81,1498.59
1961-12-31,Galicia,82,1496.46
1961-12-31,Vietnam,83,1496.43
1961-12-31,Congo,84,1495.31
1961-12-31,India,85,1493.71
1961-12-31,Silesia,86,1491.91
1961-12-31,Saint Lucia,87,1489.52
1961-12-31,Iran,88,1489.28
1961-12-31,Burundi,89,1487.95
1961-12-31,Suriname,90,1487.63
1961-12-31,Gambia,91,1487.24
1961-12-31,Portugal,92,1487.14
1961-12-31,Serbia,93,1486.04
1961-12-31,Venezuela,94,1485.73
1961-12-31,Malawi,95,1485.05
1961-12-31,Andalusia,96,1484.74
1961-12-31,Kernow,97,1484.56
1961-12-31,Montenegro,98,1484.0
1961-12-31,Macau,99,1483.47
1961-12-31,Kyrgyzstan,100,1482.9
1961-12-31,Cape Verde,101,1482.44
1961-12-31,Dominica,102,1480.5
1961-12-31,Guadeloupe,103,1479.13
1961-12-31,Togo,104,1477.49
1961-12-31,Guatemala,105,1476.52
1961-12-31,Belarus,106,1475.36
1961-12-31,Catalonia,107,1475.3
1961-12-31,Zimbabwe,108,1474.22
1961-12-31,Central African Republic,109,1470.8
1961-12-31,Saint Kitts and Nevis,110,1469.47
1961-12-31,Mauritania,111,1468.43
1961-12-31,Liberia,112,1467.94
1961-12-31,Jamaica,113,1467.08
1961-12-31,Laos,114,1466.29
1961-12-31,Denmark,115,1465.4
1961-12-31,Cyprus,116,1464.84
1961-12-31,Provence,117,1464.73
1961-12-31,Albania,118,1464.58
1961-12-31,Sudan,119,1462.24
1961-12-31,Canada,120,1461.31
1961-12-31,Aruba,121,1458.92
1961-12-31,Tunisia,122,1458.78
1961-12-31,Lebanon,123,1458.05
1961-12-31,Gabon,124,1456.39
1961-12-31,Libya,125,1454.9
1961-12-31,Manchukuo,126,1451.84
1961-12-31,Tanzania,127,1451.34
1961-12-31,Bolivia,128,1450.58
1961-12-31,Saarland,129,1449.76
1961-12-31,Pakistan,130,1449.25
1961-12-31,Japan,131,1446.84
1961-12-31,Northern Ireland,132,1446.03
1961-12-31,Mongolia,133,1445.12
1961-12-31,Syria,134,1443.55
1961-12-31,DR Congo,135,1442.0
1961-12-31,North Vietnam,136,1441.6
1961-12-31,Myanmar,137,1434.17
1961-12-31,Vanuatu,138,1433.03
1961-12-31,Cambodia,139,1430.84
1961-12-31,Slovakia,140,1430.5
1961-12-31,French Guiana,141,1430.45
1961-12-31,Colombia,142,1429.35
1961-12-31,Sierra Leone,143,1428.73
1961-12-31,Sri Lanka,144,1428.05
1961-12-31,Fiji,145,1427.93
1961-12-31,German DR,146,1427.29
1961-12-31,Tahiti,147,1418.9
1961-12-31,Afghanistan,148,1416.88
1961-12-31,Djibouti,149,1411.73
1961-12-31,Barbados,150,1403.34
1961-12-31,Thailand,151,1402.32
1961-12-31,Norway,152,1398.42
1961-12-31,Singapore,153,1392.98
1961-12-31,Latvia,154,1375.75
1961-12-31,Puerto Rico,155,1367.52
1961-12-31,Guyana,156,1365.94
1961-12-31,United States,157,1358.18
1961-12-31,Lithuania,158,1351.45
1961-12-31,Greece,159,1346.52
1961-12-31,Iceland,160,1344.6
1961-12-31,Panama,161,1343.54
1961-12-31,Zanzibar,162,1336.65
1961-12-31,Réunion,163,1331.82
1961-12-31,Philippines,164,1330.08
1961-12-31,Luxembourg,165,1303.84
1961-12-31,Cuba,166,1298.88
1961-12-31,Nicaragua,167,1298.13
1961-12-31,Ecuador,168,1290.01
1961-12-31,Alderney,169,1232.36
1961-12-31,Finland,170,1231.43
1961-12-31,Estonia,171,1220.66
1962-12-31,Brazil,1,1907.19
1962-12-31,Russia,2,1784.99
1962-12-31,Hungary,3,1763.66
1962-12-31,Argentina,4,1761.0
1962-12-31,Yugoslavia,5,1742.73
1962-12-31,Czechoslovakia,6,1728.81
1962-12-31,England,7,1701.17
1962-12-31,Jersey,8,1700.08
1962-12-31,Germany,9,1698.52
1962-12-31,Italy,10,1692.84
1962-12-31,Sweden,11,1681.02
1962-12-31,Spain,12,1679.7
1962-12-31,Ghana,13,1668.28
1962-12-31,Costa Rica,14,1657.88
1962-12-31,South Korea,15,1649.7
1962-12-31,Mauritius,16,1645.05
1962-12-31,Mexico,17,1641.52
1962-12-31,Scotland,18,1640.76
1962-12-31,Uruguay,19,1640.35
1962-12-31,Basque Country,20,1636.86
1962-12-31,Austria,21,1635.39
1962-12-31,Chile,22,1627.31
1962-12-31,South Africa,23,1622.06
1962-12-31,Haiti,24,1598.18
1962-12-31,China,25,1582.6
1962-12-31,Kenya,26,1580.32
1962-12-31,Turkey,27,1579.58
1962-12-31,Bulgaria,28,1577.97
1962-12-31,New Zealand,29,1576.12
1962-12-31,Guernsey,30,1571.39
1962-12-31,North Korea,31,1570.25
1962-12-31,Croatia,32,1569.19
1962-12-31,Vietnam Republic,33,1568.28
1962-12-31,Indonesia,34,1567.67
1962-12-31,Trinidad and Tobago,35,1560.23
1962-12-31,Taiwan,36,1560.01
1962-12-31,India,37,1549.8
1962-12-31,Hong Kong,38,1547.48
1962-12-31,Grenada,39,1545.76
1962-12-31,Ivory Coast,40,1540.4
1962-12-31,Egypt,41,1540.14
1962-12-31,Belgium,42,1538.97
1962-12-31,Nigeria,43,1538.87
1962-12-31,France,44,1538.7
1962-12-31,Malaysia,45,1537.08
1962-12-31,Cameroon,46,1532.99
1962-12-31,Republic of Ireland,47,1530.19
1962-12-31,Zambia,48,1530.13
1962-12-31,Congo,49,1529.18
1962-12-31,Denmark,50,1528.23
1962-12-31,German DR,51,1527.98
1962-12-31,Romania,52,1527.83
1962-12-31,Australia,53,1526.0
1962-12-31,Honduras,54,1525.01
1962-12-31,Peru,55,1524.8
1962-12-31,Curaçao,56,1522.16
1962-12-31,Wales,57,1521.48
1962-12-31,Ethiopia,58,1521.21
1962-12-31,Uganda,59,1521.05
1962-12-31,Asturias,60,1517.44
1962-12-31,Dominican Republic,61,1517.36
1962-12-31,Ukraine,62,1516.67
1962-12-31,Brittany,63,1513.29
1962-12-31,El Salvador,64,1512.9
1962-12-31,Benin,65,1510.46
1962-12-31,Moldova,66,1509.93
1962-12-31,Netherlands,67,1508.81
1962-12-31,Guinea-Bissau,68,1508.54
1962-12-31,Morocco,69,1508.42
1962-12-31,Guadeloupe,70,1507.12
1962-12-31,Senegal,71,1504.1
1962-12-31,Suriname,72,1502.04
1962-12-31,Central Spain,73,1501.37
1962-12-31,Iraq,74,1501.04
1962-12-31,Chad,75,1500.0
1962-12-31,Niger,76,1500.0
1962-12-31,Burkina Faso,77,1499.55
1962-12-31,Saint Vincent and the Grenadines,78,1499.19
1962-12-31,Mali,79,1498.76
1962-12-31,Poland,80,1498.07
1962-12-31,Madagascar,81,1496.97
1962-12-31,Galicia,82,1496.46
1962-12-31,Vietnam,83,1496.43
1962-12-31,Togo,84,1494.53
1962-12-31,Martinique,85,1494.36
1962-12-31,Silesia,86,1491.91
1962-12-31,Saint Lucia,87,1489.52
1962-12-31,Iran,88,1489.28
1962-12-31,Israel,89,1489.12
1962-12-31,Burundi,90,1487.95
1962-12-31,Gambia,91,1487.24
1962-12-31,Serbia,92,1486.04
1962-12-31,Venezuela,93,1485.73
1962-12-31,Andalusia,94,1484.74
1962-12-31,Bolivia,95,1484.68
1962-12-31,Kernow,96,1484.56
1962-12-31,Montenegro,97,1484.0
1962-12-31,Macau,98,1483.47
1962-12-31,Tanzania,99,1483.17
1962-12-31,Kyrgyzstan,100,1482.9
1962-12-31,Cape Verde,101,1482.44
1962-12-31,Switzerland,102,1480.98
1962-12-31,Dominica,103,1480.5
1962-12-31,New Caledonia,104,1478.43
1962-12-31,Portugal,105,1478.28
1962-12-31,Guatemala,106,1476.52
1962-12-31,Central African Republic,107,1476.48
1962-12-31,Belarus,108,1475.36
1962-12-31,Catalonia,109,1475.3
1962-12-31,Zimbabwe,110,1474.22
1962-12-31,Norway,111,1473.64
1962-12-31,Libya,112,1470.58
1962-12-31,Saint Kitts and Nevis,113,1469.47
1962-12-31,Mauritania,114,1468.43
1962-12-31,Guinea,115,1468.36
1962-12-31,Liberia,116,1467.94
1962-12-31,Laos,117,1466.29
1962-12-31,Cyprus,118,1464.84
1962-12-31,Provence,119,1464.73
1962-12-31,Albania,120,1464.58
1962-12-31,Sudan,121,1462.24
1962-12-31,Gabon,122,1462.0
1962-12-31,Canada,123,1461.31
1962-12-31,Malta,124,1461.14
1962-12-31,Malawi,125,1459.56
1962-12-31,Pakistan,126,1459.04
1962-12-31,Aruba,127,1458.92
1962-12-31,Lebanon,128,1458.05
1962-12-31,Paraguay,129,1457.23
1962-12-31,Tunisia,130,1452.3
1962-12-31,Manchukuo,131,1451.84
1962-12-31,Jamaica,132,1450.73
1962-12-31,Northern Ireland,133,1450.09
1962-12-31,Saarland,134,1449.76
1962-12-31,Mongolia,135,1445.12
1962-12-31,Syria,136,1443.55
1962-12-31,DR Congo,137,1442.0
1962-12-31,North Vietnam,138,1441.6
1962-12-31,Vanuatu,139,1433.03
1962-12-31,Cambodia,140,1430.84
1962-12-31,Slovakia,141,1430.5
1962-12-31,Sierra Leone,142,1428.73
1962-12-31,Sri Lanka,143,1428.05
1962-12-31,Fiji,144,1427.93
1962-12-31,Myanmar,145,1427.06
1962-12-31,Colombia,146,1424.54
1962-12-31,Tahiti,147,1418.9
1962-12-31,French Guiana,148,1417.1
1962-12-31,Afghanistan,149,1416.88
1962-12-31,Singapore,150,1412.84
1962-12-31,Djibouti,151,1411.73
1962-12-31,Japan,152,1410.42
1962-12-31,Barbados,153,1403.34
1962-12-31,Thailand,154,1391.88
1962-12-31,Latvia,155,1375.75
1962-12-31,Greece,156,1370.7
1962-12-31,Guyana,157,1365.94
1962-12-31,United States,158,1358.18
1962-12-31,Lithuania,159,1351.45
1962-12-31,Puerto Rico,160,1346.81
1962-12-31,Panama,161,1343.54
1962-12-31,Iceland,162,1333.1
1962-12-31,Réunion,163,1331.82
1962-12-31,Zanzibar,164,1321.02
1962-12-31,Luxembourg,165,1301.8
1962-12-31,Cuba,166,1298.88
1962-12-31,Nicaragua,167,1298.13
1962-12-31,Ecuador,168,1290.01
1962-12-31,Philippines,169,1287.83
1962-12-31,Alderney,170,1228.53
1962-12-31,Estonia,171,1220.66
1962-12-31,Finland,172,1216.07
1963-12-31,Russia,1,1766.07
1963-12-31,Brazil,2,1739.76
1963-12-31,Yugoslavia,3,1736.37
1963-12-31,Italy,4,1732.28
1963-12-31,Hungary,5,1731.81
1963-12-31,Sweden,6,1723.6
1963-12-31,Argentina,7,1718.42
1963-12-31,England,8,1712.87
1963-12-31,Jersey,9,1712.32
1963-12-31,Ghana,10,1694.7
1963-12-31,Germany,11,1689.29
1963-12-31,Costa Rica,12,1680.86
1963-12-31,Uruguay,13,1653.74
1963-12-31,Czechoslovakia,14,1652.47
1963-12-31,Scotland,15,1642.26
1963-12-31,Basque Country,16,1636.86
1963-12-31,Spain,17,1635.12
1963-12-31,Mexico,18,1632.17
1963-12-31,South Africa,19,1622.06
1963-12-31,Egypt,20,1621.67
1963-12-31,Mauritius,21,1617.58
1963-12-31,South Korea,22,1617.22
1963-12-31,Chile,23,1613.91
1963-12-31,North Korea,24,1606.82
1963-12-31,Belgium,25,1603.68
1963-12-31,Taiwan,26,1600.11
1963-12-31,China,27,1595.46
1963-12-31,Ethiopia,28,1586.5
1963-12-31,Austria,29,1583.75
1963-12-31,Bulgaria,30,1581.55
1963-12-31,Curaçao,31,1579.59
1963-12-31,New Zealand,32,1576.12
1963-12-31,Republic of Ireland,33,1574.03
1963-12-31,Paraguay,34,1570.33
1963-12-31,Croatia,35,1569.19
1963-12-31,Haiti,36,1569.03
1963-12-31,Romania,37,1568.27
1963-12-31,Guernsey,38,1561.14
1963-12-31,Turkey,39,1555.75
1963-12-31,Kenya,40,1554.89
1963-12-31,Tunisia,41,1552.78
1963-12-31,Bolivia,42,1552.6
1963-12-31,Congo,43,1552.31
1963-12-31,Hong Kong,44,1551.06
1963-12-31,France,45,1550.58
1963-12-31,India,46,1549.8
1963-12-31,Uganda,47,1547.6
1963-12-31,Indonesia,48,1546.78
1963-12-31,Grenada,49,1545.76
1963-12-31,Ivory Coast,50,1544.46
1963-12-31,Vietnam Republic,51,1542.67
1963-12-31,Nigeria,52,1539.59
1963-12-31,Trinidad and Tobago,53,1538.29
1963-12-31,El Salvador,54,1536.94
1963-12-31,Guadeloupe,55,1531.07
1963-12-31,Senegal,56,1530.43
1963-12-31,German DR,57,1528.7
1963-12-31,Morocco,58,1528.62
1963-12-31,Zambia,59,1526.17
1963-12-31,Australia,60,1526.0
1963-12-31,Algeria,61,1523.09
1963-12-31,Wales,62,1522.44
1963-12-31,Madagascar,63,1520.22
1963-12-31,Denmark,64,1517.72
1963-12-31,Asturias,65,1517.44
1963-12-31,Dominican Republic,66,1517.36
1963-12-31,Ukraine,67,1516.67
1963-12-31,Poland,68,1515.08
1963-12-31,Brittany,69,1513.29
1963-12-31,Benin,70,1513.01
1963-12-31,Cameroon,71,1511.43
1963-12-31,Peru,72,1510.89
1963-12-31,Sudan,73,1510.12
1963-12-31,Moldova,74,1509.93
1963-12-31,Suriname,75,1509.89
1963-12-31,Guinea-Bissau,76,1508.54
1963-12-31,Honduras,77,1508.05
1963-12-31,Netherlands,78,1506.82
1963-12-31,New Caledonia,79,1506.54
1963-12-31,Central Spain,80,1501.37
1963-12-31,Iraq,81,1501.04
1963-12-31,Saint Vincent and the Grenadines,82,1499.19
1963-12-31,Galicia,83,1496.46
1963-12-31,Vietnam,84,1496.43
1963-12-31,Guinea,85,1494.19
1963-12-31,Portugal,86,1493.85
1963-12-31,Mali,87,1493.02
1963-12-31,Silesia,88,1491.91
1963-12-31,Saint Lucia,89,1489.52
1963-12-31,Iran,90,1489.28
1963-12-31,Malaysia,91,1488.89
1963-12-31,Martinique,92,1488.8
1963-12-31,Burundi,93,1487.95
1963-12-31,Saudi Arabia,94,1487.76
1963-12-31,Somalia,95,1487.19
1963-12-31,Serbia,96,1486.04
1963-12-31,Venezuela,97,1485.73
1963-12-31,Andalusia,98,1484.74
1963-12-31,Kernow,99,1484.56
1963-12-31,Japan,100,1484.51
1963-12-31,Montenegro,101,1484.0
1963-12-31,Macau,102,1483.47
1963-12-31,Kyrgyzstan,103,1482.9
1963-12-31,Israel,104,1482.82
1963-12-31,Cape Verde,105,1482.44
1963-12-31,Papua New Guinea,106,1480.73
1963-12-31,Dominica,107,1480.5
1963-12-31,Togo,108,1479.46
1963-12-31,Syria,109,1479.4
1963-12-31,Cyprus,110,1477.2
1963-12-31,Central African Republic,111,1476.48
1963-12-31,Belarus,112,1475.36
1963-12-31,Catalonia,113,1475.3
1963-12-31,Zimbabwe,114,1474.22
1963-12-31,Gambia,115,1474.17
1963-12-31,Solomon Islands,116,1473.98
1963-12-31,Pakistan,117,1473.5
1963-12-31,Guatemala,118,1471.97
1963-12-31,Albania,119,1470.83
1963-12-31,Libya,120,1470.58
1963-12-31,Saint Kitts and Nevis,121,1469.47
1963-12-31,Gabon,122,1467.83
1963-12-31,Provence,123,1464.73
1963-12-31,Kuwait,124,1461.73
1963-12-31,Canada,125,1461.31
1963-12-31,Malta,126,1461.14
1963-12-31,Aruba,127,1458.92
1963-12-31,Niger,128,1458.07
1963-12-31,DR Congo,129,1456.7
1963-12-31,Northern Ireland,130,1456.6
1963-12-31,Burkina Faso,131,1456.41
1963-12-31,Chad,132,1453.33
1963-12-31,Manchukuo,133,1451.84
1963-12-31,Fiji,134,1451.36
1963-12-31,Saarland,135,1449.76
1963-12-31,Liberia,136,1449.38
1963-12-31,Norway,137,1449.38
1963-12-31,Switzerland,138,1449.32
1963-12-31,Lebanon,139,1447.34
1963-12-31,Malawi,140,1446.76
1963-12-31,Mongolia,141,1445.12
1963-12-31,Tanzania,142,1442.94
1963-12-31,Laos,143,1437.89
1963-12-31,Singapore,144,1434.75
1963-12-31,North Vietnam,145,1433.48
1963-12-31,Slovakia,146,1430.5
1963-12-31,Sierra Leone,147,1428.73
1963-12-31,Sri Lanka,148,1428.05
1963-12-31,Tahiti,149,1425.6
1963-12-31,Jordan,150,1420.88
1963-12-31,Vanuatu,151,1420.07
1963-12-31,Myanmar,152,1418.88
1963-12-31,French Guiana,153,1417.1
1963-12-31,Afghanistan,154,1416.88
1963-12-31,Mauritania,155,1416.51
1963-12-31,Jamaica,156,1414.06
1963-12-31,Djibouti,157,1411.73
1963-12-31,Cambodia,158,1405.35
1963-12-31,Barbados,159,1403.34
1963-12-31,Colombia,160,1402.84
1963-12-31,Latvia,161,1375.75
1963-12-31,Greece,162,1372.08
1963-12-31,Guyana,163,1365.94
1963-12-31,Thailand,164,1363.13
1963-12-31,Panama,165,1360.5
1963-12-31,United States,166,1358.18
1963-12-31,Lithuania,167,1351.45
1963-12-31,Réunion,168,1349.86
1963-12-31,Luxembourg,169,1342.26
1963-12-31,Iceland,170,1333.1
1963-12-31,Puerto Rico,171,1328.43
1963-12-31,Ecuador,172,1316.86
1963-12-31,Cuba,173,1298.88
1963-12-31,Zanzibar,174,1283.98
1963-12-31,Philippines,175,1283.18
1963-12-31,Finland,176,1267.25
1963-12-31,Nicaragua,177,1263.84
1963-12-31,Alderney,178,1226.54
1963-12-31,Estonia,179,1220.66
1964-12-20,Argentina,1,1746.2
1964-12-20,Brazil,2,1744.97
1964-12-20,Italy,3,1743.65
1964-12-20,Hungary,4,1732.66
1964-12-20,Russia,5,1731.28
1964-12-20,Jersey,6,1721.93
1964-12-20,Ghana,7,1704.02
1964-12-20,England,8,1692.58
1964-12-20,Yugoslavia,9,1686.75
1964-12-20,Costa Rica,10,1680.86
1964-12-20,Sweden,11,1680.03
1964-12-20,Spain,12,1676.59
1964-12-20,Germany,13,1654.71
1964-12-20,Scotland,14,1651.91
1964-12-20,Czechoslovakia,15,1642.3
1964-12-20,Basque Country,16,1636.86
1964-12-20,Egypt,17,1634.25
1964-12-20,Austria,18,1633.62
1964-12-20,Mexico,19,1632.17
1964-12-20,Uruguay,20,1622.25
1964-12-20,South Africa,21,1622.06
1964-12-20,Mauritius,22,1617.58
1964-12-20,Chile,23,1611.19
1964-12-20,North Korea,24,1606.82
1964-12-20,South Korea,25,1604.86
1964-12-20,China,26,1595.46
1964-12-20,Romania,27,1592.52
1964-12-20,Belgium,28,1592.52
1964-12-20,Paraguay,29,1584.5
1964-12-20,Curaçao,30,1579.59
1964-12-20,New Zealand,31,1576.12
1964-12-20,India,32,1573.53
1964-12-20,Taiwan,33,1573.39
1964-12-20,Uganda,34,1570.74
1964-12-20,Bulgaria,35,1570.42
1964-12-20,Croatia,36,1569.19
1964-12-20,Haiti,37,1569.03
1964-12-20,Indonesia,38,1566.51
1964-12-20,Trinidad and Tobago,39,1561.09
1964-12-20,Israel,40,1559.16
1964-12-20,Turkey,41,1557.69
1964-12-20,Poland,42,1557.62
1964-12-20,Guernsey,43,1555.6
1964-12-20,Cameroon,44,1553.19
1964-12-20,Republic of Ireland,45,1552.7
1964-12-20,Bolivia,46,1552.6
1964-12-20,Tunisia,47,1551.83
1964-12-20,Grenada,48,1545.76
1964-12-20,Ethiopia,49,1545.3
1964-12-20,Algeria,50,1542.48
1964-12-20,Ivory Coast,51,1542.11
1964-12-20,Nigeria,52,1539.59
1964-12-20,France,53,1539.24
1964-12-20,El Salvador,54,1536.94
1964-12-20,Portugal,55,1536.87
1964-12-20,German DR,56,1530.87
1964-12-20,Senegal,57,1530.43
1964-12-20,Benin,58,1528.93
1964-12-20,Morocco,59,1528.62
1964-12-20,Netherlands,60,1528.36
1964-12-20,Iraq,61,1526.04
1964-12-20,Australia,62,1526.0
1964-12-20,Vietnam Republic,63,1525.01
1964-12-20,Congo,64,1523.2
1964-12-20,Kenya,65,1521.96
1964-12-20,Guadeloupe,66,1521.43
1964-12-20,Madagascar,67,1520.22
1964-12-20,Saint Lucia,68,1519.47
1964-12-20,Zambia,69,1519.29
1964-12-20,Asturias,70,1517.44
1964-12-20,Dominican Republic,71,1517.36
1964-12-20,Ukraine,72,1516.67
1964-12-20,Martinique,73,1515.42
1964-12-20,Brittany,74,1513.29
1964-12-20,Guinea,75,1512.37
1964-12-20,Peru,76,1510.89
1964-12-20,Sudan,77,1510.12
1964-12-20,Moldova,78,1509.93
1964-12-20,Guinea-Bissau,79,1508.54
1964-12-20,Honduras,80,1508.05
1964-12-20,Central Spain,81,1501.37
1964-12-20,Denmark,82,1499.29
1964-12-20,Japan,83,1498.23
1964-12-20,New Caledonia,84,1498.16
1964-12-20,Saint Vincent and the Grenadines,85,1496.76
1964-12-20,Galicia,86,1496.46
1964-12-20,Vietnam,87,1496.43
1964-12-20,Silesia,88,1491.91
1964-12-20,Iran,89,1489.28
1964-12-20,Saudi Arabia,90,1487.76
1964-12-20,Suriname,91,1487.32
1964-12-20,Somalia,92,1487.19
1964-12-20,Serbia,93,1486.04
1964-12-20,Venezuela,94,1485.73
1964-12-20,Malaysia,95,1485.49
1964-12-20,Andalusia,96,1484.74
1964-12-20,Kernow,97,1484.56
1964-12-20,Montenegro,98,1484.0
1964-12-20,Libya,99,1483.61
1964-12-20,Macau,100,1483.47
1964-12-20,Kyrgyzstan,101,1482.9
1964-12-20,Cape Verde,102,1482.44
1964-12-20,Tanzania,103,1481.45
1964-12-20,Papua New Guinea,104,1480.73
1964-12-20,Wales,105,1480.54
1964-12-20,Mali,106,1479.94
1964-12-20,Togo,107,1479.46
1964-12-20,Syria,108,1479.4
1964-12-20,Cyprus,109,1477.2
1964-12-20,Bermuda,110,1476.86
1964-12-20,Belarus,111,1475.36
1964-12-20,Catalonia,112,1475.3
1964-12-20,Northern Ireland,113,1475.16
1964-12-20,Zimbabwe,114,1474.22
1964-12-20,Gambia,115,1474.17
1964-12-20,Solomon Islands,116,1473.98
1964-12-20,Burundi,117,1473.67
1964-12-20,Pakistan,118,1473.5
1964-12-20,Myanmar,119,1472.5
1964-12-20,Guatemala,120,1471.97
1964-12-20,Saint Kitts and Nevis,121,1469.47
1964-12-20,Gabon,122,1467.83
1964-12-20,Hong Kong,123,1466.69
1964-12-20,Provence,124,1464.73
1964-12-20,Central African Republic,125,1462.03
1964-12-20,Canada,126,1461.31
1964-12-20,Malta,127,1460.79
1964-12-20,Aruba,128,1458.92
1964-12-20,Niger,129,1458.07
1964-12-20,Burkina Faso,130,1456.41
1964-12-20,Norway,131,1454.13
1964-12-20,Dominica,132,1452.97
1964-12-20,DR Congo,133,1452.37
1964-12-20,Manchukuo,134,1451.84
1964-12-20,Fiji,135,1451.36
1964-12-20,Lebanon,136,1450.51
1964-12-20,Saarland,137,1449.76
1964-12-20,Liberia,138,1449.38
1964-12-20,Kuwait,139,1446.91
1964-12-20,Mongolia,140,1445.12
1964-12-20,Singapore,141,1442.9
1964-12-20,Albania,142,1442.8
1964-12-20,Chad,143,1440.78
1964-12-20,French Guiana,144,1439.68
1964-12-20,Laos,145,1437.89
1964-12-20,Greece,146,1437.49
1964-12-20,Switzerland,147,1436.12
1964-12-20,Malawi,148,1434.89
1964-12-20,Tahiti,149,1433.98
1964-12-20,North Vietnam,150,1433.48
1964-12-20,Slovakia,151,1430.5
1964-12-20,Sierra Leone,152,1428.73
1964-12-20,Vanuatu,153,1420.07
1964-12-20,Afghanistan,154,1416.88
1964-12-20,Mauritania,155,1416.51
1964-12-20,Jamaica,156,1414.06
1964-12-20,Djibouti,157,1411.73
1964-12-20,Barbados,158,1403.34
1964-12-20,Colombia,159,1402.84
1964-12-20,Sri Lanka,160,1396.83
1964-12-20,Jordan,161,1394.85
1964-12-20,Latvia,162,1375.75
1964-12-20,Cambodia,163,1370.55
1964-12-20,Thailand,164,1369.17
1964-12-20,Panama,165,1360.5
1964-12-20,United States,166,1354.7
1964-12-20,Lithuania,167,1351.45
1964-12-20,Réunion,168,1349.86
1964-12-20,Guyana,169,1343.14
1964-12-20,Iceland,170,1337.0
1964-12-20,Finland,171,1320.82
1964-12-20,Luxembourg,172,1320.64
1964-12-20,Ecuador,173,1316.86
1964-12-20,Puerto Rico,174,1311.44
1964-12-20,Cuba,175,1298.88
1964-12-20,Zanzibar,176,1288.3
1964-12-20,Philippines,177,1283.18
1964-12-20,Nicaragua,178,1263.84
1964-12-20,Alderney,179,1222.47
1964-12-20,Estonia,180,1220.66
1965-12-29,Brazil,1,1811.16
1965-12-29,Argentina,2,1761.27
1965-12-29,Ghana,3,1745.56
1965-12-29,Hungary,4,1742.58
1965-12-29,Russia,5,1733.58
1965-12-29,Jersey,6,1732.45
1965-12-29,England,7,1728.09
1965-12-29,Italy,8,1723.02
1965-12-29,Mexico,9,1720.1
1965-12-29,Germany,10,1686.27
1965-12-29,Costa Rica,11,1680.35
1965-12-29,North Korea,12,1677.92
1965-12-29,Spain,13,1662.76
1965-12-29,Yugoslavia,14,1648.04
1965-12-29,Czechoslovakia,15,1643.28
1965-12-29,Basque Country,16,1636.86
1965-12-29,Bulgaria,17,1636.09
1965-12-29,Egypt,18,1634.25
1965-12-29,Scotland,19,1631.19
1965-12-29,Uruguay,20,1624.96
1965-12-29,South Africa,21,1622.06
1965-12-29,Sweden,22,1619.25
1965-12-29,Mauritius,23,1617.58
1965-12-29,South Korea,24,1610.96
1965-12-29,Austria,25,1608.16
1965-12-29,Chile,26,1607.13
1965-12-29,China,27,1606.78
1965-12-29,Belgium,28,1604.39
1965-12-29,Paraguay,29,1599.9
1965-12-29,Portugal,30,1596.07
1965-12-29,Romania,31,1586.88
1965-12-29,Ivory Coast,32,1584.62
1965-12-29,India,33,1583.05
1965-12-29,New Zealand,34,1576.12
1965-12-29,Tunisia,35,1571.5
1965-12-29,Croatia,36,1569.19
1965-12-29,France,37,1569.18
1965-12-29,Poland,38,1564.71
1965-12-29,El Salvador,39,1563.62
1965-12-29,German DR,40,1560.0
1965-12-29,Benin,41,1559.15
1965-12-29,Senegal,42,1555.57
1965-12-29,Cameroon,43,1553.19
1965-12-29,Guernsey,44,1546.79
1965-12-29,Sudan,45,1544.82
1965-12-29,Bolivia,46,1544.29
1965-12-29,Japan,47,1542.92
1965-12-29,Ethiopia,48,1542.45
1965-12-29,Taiwan,49,1540.45
1965-12-29,Republic of Ireland,50,1538.0
1965-12-29,Indonesia,51,1536.19
1965-12-29,Wales,52,1536.11
1965-12-29,Australia,53,1527.18
1965-12-29,Kenya,54,1526.48
1965-12-29,Grenada,55,1525.59
1965-12-29,New Caledonia,56,1523.17
1965-12-29,Guadeloupe,57,1521.43
1965-12-29,Mali,58,1521.29
1965-12-29,Iraq,59,1520.27
1965-12-29,Zambia,60,1519.56
1965-12-29,Asturias,61,1517.44
1965-12-29,Dominican Republic,62,1517.36
1965-12-29,Ukraine,63,1516.67
1965-12-29,Myanmar,64,1516.23
1965-12-29,Nigeria,65,1515.95
1965-12-29,Saint Lucia,66,1515.64
1965-12-29,Algeria,67,1515.6
1965-12-29,Martinique,68,1515.42
1965-12-29,Libya,69,1515.41
1965-12-29,Congo,70,1514.44
1965-12-29,Haiti,71,1513.46
1965-12-29,Brittany,72,1513.29
1965-12-29,Moldova,73,1509.93
1965-12-29,Guatemala,74,1509.49
1965-12-29,Morocco,75,1509.45
1965-12-29,Turkey,76,1509.3
1965-12-29,Guinea-Bissau,77,1508.54
1965-12-29,Vietnam Republic,78,1508.05
1965-12-29,Suriname,79,1507.55
1965-12-29,Iran,80,1506.34
1965-12-29,Curaçao,81,1505.92
1965-12-29,Trinidad and Tobago,82,1503.56
1965-12-29,Northern Ireland,83,1503.47
1965-12-29,DR Congo,84,1503.11
1965-12-29,Netherlands,85,1503.04
1965-12-29,Central Spain,86,1501.37
1965-12-29,Denmark,87,1500.32
1965-12-29,Saint Vincent and the Grenadines,88,1498.28
1965-12-29,Galicia,89,1496.46
1965-12-29,Vietnam,90,1496.43
1965-12-29,Silesia,91,1491.91
1965-12-29,Tanzania,92,1489.19
1965-12-29,Israel,93,1488.08
1965-12-29,Saudi Arabia,94,1487.76
1965-12-29,Peru,95,1487.55
1965-12-29,Somalia,96,1487.19
1965-12-29,Guinea,97,1486.79
1965-12-29,Serbia,98,1486.04
1965-12-29,Andalusia,99,1484.74
1965-12-29,Kernow,100,1484.56
1965-12-29,Switzerland,101,1484.55
1965-12-29,Montenegro,102,1484.0
1965-12-29,Macau,103,1483.47
1965-12-29,Kyrgyzstan,104,1482.9
1965-12-29,Cape Verde,105,1482.44
1965-12-29,Uganda,106,1480.82
1965-12-29,Papua New Guinea,107,1480.73
1965-12-29,Norway,108,1480.43
1965-12-29,Syria,109,1479.4
1965-12-29,Dominica,110,1475.47
1965-12-29,Belarus,111,1475.36
1965-12-29,Catalonia,112,1475.3
1965-12-29,Zimbabwe,113,1474.22
1965-12-29,Gambia,114,1474.17
1965-12-29,Solomon Islands,115,1473.98
1965-12-29,Burundi,116,1473.67
1965-12-29,Saint Kitts and Nevis,117,1469.47
1965-12-29,Togo,118,1465.41
1965-12-29,Provence,119,1464.73
1965-12-29,Central African Republic,120,1462.03
1965-12-29,Jamaica,121,1461.77
1965-12-29,Canada,122,1461.31
1965-12-29,Malta,123,1460.79
1965-12-29,Bermuda,124,1459.36
1965-12-29,Aruba,125,1458.92
1965-12-29,Niger,126,1458.07
1965-12-29,Gabon,127,1458.06
1965-12-29,Cyprus,128,1457.96
1965-12-29,Burkina Faso,129,1456.41
1965-12-29,Manchukuo,130,1451.84
1965-12-29,Fiji,131,1451.36
1965-12-29,Saarland,132,1449.76
1965-12-29,Mongolia,133,1445.12
1965-12-29,Pakistan,134,1444.09
1965-12-29,Madagascar,135,1443.39
1965-12-29,Chad,136,1440.78
1965-12-29,Honduras,137,1438.1
1965-12-29,Laos,138,1437.89
1965-12-29,North Vietnam,139,1437.36
1965-12-29,Venezuela,140,1436.21
1965-12-29,Lebanon,141,1435.73
1965-12-29,Malawi,142,1434.89
1965-12-29,Liberia,143,1433.04
1965-12-29,Slovakia,144,1430.5
1965-12-29,Hong Kong,145,1428.9
1965-12-29,Sierra Leone,146,1428.73
1965-12-29,Thailand,147,1425.78
1965-12-29,Kuwait,148,1420.89
1965-12-29,Vanuatu,149,1420.07
1965-12-29,Greece,150,1418.89
1965-12-29,Afghanistan,151,1416.88
1965-12-29,Mauritania,152,1416.51
1965-12-29,Singapore,153,1413.21
1965-12-29,French Guiana,154,1412.69
1965-12-29,Djibouti,155,1411.73
1965-12-29,Tahiti,156,1408.97
1965-12-29,Albania,157,1404.08
1965-12-29,Barbados,158,1403.34
1965-12-29,Malaysia,159,1403.23
1965-12-29,Jordan,160,1400.62
1965-12-29,Sri Lanka,161,1388.08
1965-12-29,Colombia,162,1385.43
1965-12-29,United States,163,1382.7
1965-12-29,Latvia,164,1375.75
1965-12-29,Cambodia,165,1373.78
1965-12-29,Panama,166,1360.5
1965-12-29,Finland,167,1359.03
1965-12-29,Ecuador,168,1351.61
1965-12-29,Lithuania,169,1351.45
1965-12-29,Réunion,170,1349.86
1965-12-29,Guyana,171,1343.14
1965-12-29,Iceland,172,1328.85
1965-12-29,Cuba,173,1315.61
1965-12-29,Puerto Rico,174,1311.44
1965-12-29,Luxembourg,175,1301.49
1965-12-29,Nicaragua,176,1283.6
1965-12-29,Philippines,177,1283.18
1965-12-29,Zanzibar,178,1266.15
1965-12-29,Alderney,179,1220.76
1965-12-29,Estonia,180,1220.66
1966-12-28,England,1,1832.88
1966-12-28,Brazil,2,1787.44
1966-12-28,Germany,3,1770.07
1966-12-28,Italy,4,1767.73
1966-12-28,Ghana,5,1747.19
1966-12-28,Argentina,6,1739.68
1966-12-28,Hungary,7,1739.26
1966-12-28,Russia,8,1734.13
1966-12-28,Portugal,9,1715.63
1966-12-28,North Korea,10,1707.65
1966-12-28,Jersey,11,1701.66
1966-12-28,Mexico,12,1681.74
1966-12-28,Costa Rica,13,1680.35
1966-12-28,China,14,1654.98
1966-12-28,Spain,15,1652.38
1966-12-28,German DR,16,1646.52
1966-12-28,Czechoslovakia,17,1637.17
1966-12-28,Basque Country,18,1636.86
1966-12-28,Bulgaria,19,1633.33
1966-12-28,Sweden,20,1629.91
1966-12-28,Uruguay,21,1626.4
1966-12-28,Yugoslavia,22,1624.58
1966-12-28,South Africa,23,1622.06
1966-12-28,Mauritius,24,1617.58
1966-12-28,Egypt,25,1611.01
1966-12-28,Romania,26,1605.49
1966-12-28,Ivory Coast,27,1603.22
1966-12-28,Scotland,28,1602.22
1966-12-28,Belgium,29,1597.51
1966-12-28,India,30,1591.05
1966-12-28,Myanmar,31,1587.12
1966-12-28,Zambia,32,1586.01
1966-12-28,Japan,33,1583.42
1966-12-28,Guernsey,34,1581.82
1966-12-28,Austria,35,1577.47
1966-12-28,New Zealand,36,1576.12
1966-12-28,Chile,37,1575.45
1966-12-28,Paraguay,38,1574.72
1966-12-28,South Korea,39,1574.09
1966-12-28,Tunisia,40,1571.5
1966-12-28,Croatia,41,1569.19
1966-12-28,Iraq,42,1567.25
1966-12-28,Sudan,43,1555.46
1966-12-28,Haiti,44,1555.3
1966-12-28,Ethiopia,45,1554.69
1966-12-28,Kenya,46,1554.55
1966-12-28,France,47,1552.78
1966-12-28,Cameroon,48,1547.78
1966-12-28,Vietnam Republic,49,1546.18
1966-12-28,Saint Vincent and the Grenadines,50,1545.03
1966-12-28,Bolivia,51,1544.29
1966-12-28,Republic of Ireland,52,1543.06
1966-12-28,Indonesia,53,1542.04
1966-12-28,Suriname,54,1541.02
1966-12-28,New Caledonia,55,1540.15
1966-12-28,Morocco,56,1539.43
1966-12-28,El Salvador,57,1539.28
1966-12-28,Senegal,58,1536.44
1966-12-28,Congo,59,1532.22
1966-12-28,Netherlands,60,1531.45
1966-12-28,Iran,61,1530.83
1966-12-28,Australia,62,1527.18
1966-12-28,DR Congo,63,1526.09
1966-12-28,Poland,64,1525.7
1966-12-28,Nigeria,65,1523.61
1966-12-28,Grenada,66,1521.08
1966-12-28,Guatemala,67,1519.51
1966-12-28,Northern Ireland,68,1519.09
1966-12-28,Asturias,69,1517.44
1966-12-28,Dominican Republic,70,1517.36
1966-12-28,Ukraine,71,1516.67
1966-12-28,Martinique,72,1515.42
1966-12-28,Turkey,73,1513.78
1966-12-28,Benin,74,1513.66
1966-12-28,Brittany,75,1513.29
1966-12-28,Trinidad and Tobago,76,1512.17
1966-12-28,Mali,77,1511.31
1966-12-28,Moldova,78,1509.93
1966-12-28,Guinea-Bissau,79,1508.54
1966-12-28,Guinea,80,1506.05
1966-12-28,Syria,81,1501.74
1966-12-28,Central Spain,82,1501.37
1966-12-28,Algeria,83,1501.24
1966-12-28,Galicia,84,1496.46
1966-12-28,Vietnam,85,1496.43
1966-12-28,Wales,86,1496.22
1966-12-28,Malta,87,1496.17
1966-12-28,Libya,88,1496.04
1966-12-28,Curaçao,89,1492.5
1966-12-28,Silesia,90,1491.91
1966-12-28,Guadeloupe,91,1489.55
1966-12-28,Saudi Arabia,92,1487.76
1966-12-28,Somalia,93,1487.19
1966-12-28,Serbia,94,1486.04
1966-12-28,Andalusia,95,1484.74
1966-12-28,Kernow,96,1484.56
1966-12-28,Macau,97,1483.47
1966-12-28,Oman,98,1483.19
1966-12-28,Kyrgyzstan,99,1482.9
1966-12-28,Cape Verde,100,1482.44
1966-12-28,Tahiti,101,1482.27
1966-12-28,Dominica,102,1481.11
1966-12-28,Peru,103,1479.1
1966-12-28,Montenegro,104,1478.15
1966-12-28,Niger,105,1476.13
1966-12-28,Belarus,106,1475.36
1966-12-28,Catalonia,107,1475.3
1966-12-28,Palestine,108,1475.0
1966-12-28,Zimbabwe,109,1474.22
1966-12-28,Gambia,110,1474.17
1966-12-28,Burundi,111,1473.67
1966-12-28,Togo,112,1470.55
1966-12-28,Saint Kitts and Nevis,113,1469.47
1966-12-28,Saint Lucia,114,1467.75
1966-12-28,Provence,115,1464.73
1966-12-28,Wallis Islands and Futuna,116,1463.85
1966-12-28,Canada,117,1461.31
1966-12-28,Israel,118,1460.95
1966-12-28,Bermuda,119,1459.36
1966-12-28,Aruba,120,1458.92
1966-12-28,Solomon Islands,121,1457.9
1966-12-28,Burkina Faso,122,1456.41
1966-12-28,Taiwan,123,1456.1
1966-12-28,Tanzania,124,1455.23
1966-12-28,Lebanon,125,1454.41
1966-12-28,Switzerland,126,1453.16
1966-12-28,North Vietnam,127,1453.14
1966-12-28,Manchukuo,128,1451.84
1966-12-28,Fiji,129,1451.36
1966-12-28,Norway,130,1450.31
1966-12-28,Saarland,131,1449.76
1966-12-28,Liberia,132,1448.66
1966-12-28,Cyprus,133,1447.55
1966-12-28,Papua New Guinea,134,1446.4
1966-12-28,Madagascar,135,1446.06
1966-12-28,Mongolia,136,1445.12
1966-12-28,Uganda,137,1445.05
1966-12-28,Pakistan,138,1444.09
1966-12-28,Bahrain,139,1443.95
1966-12-28,Gabon,140,1443.94
1966-12-28,Chad,141,1440.78
1966-12-28,Honduras,142,1438.1
1966-12-28,Laos,143,1437.89
1966-12-28,Denmark,144,1437.24
1966-12-28,Venezuela,145,1436.21
1966-12-28,Greece,146,1433.9
1966-12-28,Central African Republic,147,1433.85
1966-12-28,Slovakia,148,1430.5
1966-12-28,Jamaica,149,1428.75
1966-12-28,Singapore,150,1428.38
1966-12-28,Afghanistan,151,1416.88
1966-12-28,Mauritania,152,1416.51
1966-12-28,Vanuatu,153,1416.34
1966-12-28,Kuwait,154,1413.96
1966-12-28,Sierra Leone,155,1413.1
1966-12-28,Djibouti,156,1411.73
1966-12-28,French Guiana,157,1407.1
1966-12-28,Albania,158,1404.08
1966-12-28,Barbados,159,1403.34
1966-12-28,Thailand,160,1397.09
1966-12-28,Malaysia,161,1393.06
1966-12-28,Yemen,162,1392.9
1966-12-28,Sri Lanka,163,1388.08
1966-12-28,Panama,164,1387.33
1966-12-28,Cambodia,165,1386.28
1966-12-28,Hong Kong,166,1386.09
1966-12-28,Colombia,167,1385.95
1966-12-28,United States,168,1382.7
1966-12-28,Finland,169,1382.25
1966-12-28,Jordan,170,1381.23
1966-12-28,Malawi,171,1378.57
1966-12-28,Latvia,172,1375.75
1966-12-28,Lithuania,173,1374.41
1966-12-28,Ecuador,174,1353.25
1966-12-28,Réunion,175,1349.86
1966-12-28,Guyana,176,1343.14
1966-12-28,Iceland,177,1328.85
1966-12-28,Cuba,178,1315.61
1966-12-28,Puerto Rico,179,1311.44
1966-12-28,Luxembourg,180,1289.31
1966-12-28,Philippines,181,1283.18
1966-12-28,Nicaragua,182,1271.09
1966-12-28,Zanzibar,183,1261.33
1966-12-28,Estonia,184,1220.66
1966-12-28,Alderney,185,1216.51
1967-12-31,England,1,1828.05
1967-12-31,Brazil,2,1782.87
1967-12-31,Italy,3,1778.28
1967-12-31,Hungary,4,1767.63
1967-12-31,Russia,5,1748.98
1967-12-31,Germany,6,1746.85
1967-12-31,Jersey,7,1714.13
1967-12-31,North Korea,8,1707.65
1967-12-31,Ghana,9,1706.29
1967-12-31,Uruguay,10,1705.02
1967-12-31,Portugal,11,1703.35
1967-12-31,German DR,12,1684.43
1967-12-31,Argentina,13,1678.66
1967-12-31,Mexico,14,1665.9
1967-12-31,Bulgaria,15,1658.83
1967-12-31,Costa Rica,16,1658.22
1967-12-31,China,17,1654.98
1967-12-31,Myanmar,18,1652.86
1967-12-31,Spain,19,1652.01
1967-12-31,Yugoslavia,20,1650.29
1967-12-31,Basque Country,21,1636.86
1967-12-31,Czechoslovakia,22,1635.45
1967-12-31,South Korea,23,1632.55
1967-12-31,Romania,24,1622.39
1967-12-31,South Africa,25,1622.06
1967-12-31,Guatemala,26,1620.68
1967-12-31,Scotland,27,1615.79
1967-12-31,Ivory Coast,28,1614.84
1967-12-31,Egypt,29,1608.23
1967-12-31,Chile,30,1602.29
1967-12-31,Australia,31,1601.18
1967-12-31,Ethiopia,32,1596.63
1967-12-31,Japan,33,1594.89
1967-12-31,Mauritius,34,1592.7
1967-12-31,Iraq,35,1583.34
1967-12-31,Zambia,36,1581.85
1967-12-31,DR Congo,37,1581.32
1967-12-31,Congo,38,1579.33
1967-12-31,Sweden,39,1579.14
1967-12-31,Belgium,40,1577.85
1967-12-31,Guernsey,41,1571.21
1967-12-31,Paraguay,42,1569.96
1967-12-31,Croatia,43,1569.19
1967-12-31,Suriname,44,1565.78
1967-12-31,Austria,45,1562.3
1967-12-31,Tunisia,46,1560.44
1967-12-31,Vietnam Republic,47,1559.48
1967-12-31,Senegal,48,1558.07
1967-12-31,New Caledonia,49,1556.96
1967-12-31,Algeria,50,1551.83
1967-12-31,Turkey,51,1551.59
1967-12-31,Grenada,52,1550.05
1967-12-31,El Salvador,53,1548.33
1967-12-31,New Zealand,54,1546.37
1967-12-31,Trinidad and Tobago,55,1543.25
1967-12-31,Martinique,56,1542.54
1967-12-31,Poland,57,1541.87
1967-12-31,Kenya,58,1539.28
1967-12-31,Sudan,59,1538.4
1967-12-31,Saint Vincent and the Grenadines,60,1537.85
1967-12-31,Republic of Ireland,61,1537.63
1967-12-31,France,62,1534.55
1967-12-31,India,63,1534.19
1967-12-31,Northern Ireland,64,1533.73
1967-12-31,Morocco,65,1532.72
1967-12-31,Nigeria,66,1531.06
1967-12-31,Mali,67,1527.7
1967-12-31,Indonesia,68,1527.42
1967-12-31,Netherlands,69,1524.49
1967-12-31,Benin,70,1523.56
1967-12-31,Corsica,71,1518.41
1967-12-31,Cameroon,72,1517.57
1967-12-31,Asturias,73,1517.44
1967-12-31,Dominican Republic,74,1517.36
1967-12-31,Ukraine,75,1516.67
1967-12-31,Switzerland,76,1514.9
1967-12-31,Iran,77,1514.51
1967-12-31,Brittany,78,1513.29
1967-12-31,Moldova,79,1509.93
1967-12-31,Guinea-Bissau,80,1508.54
1967-12-31,Saudi Arabia,81,1507.94
1967-12-31,Haiti,82,1505.47
1967-12-31,Syria,83,1501.74
1967-12-31,Central Spain,84,1501.37
1967-12-31,Belarus,85,1499.22
1967-12-31,Denmark,86,1497.19
1967-12-31,Galicia,87,1496.46
1967-12-31,Vietnam,88,1496.43
1967-12-31,Malta,89,1496.17
1967-12-31,Bolivia,90,1494.37
1967-12-31,Silesia,91,1491.91
1967-12-31,Peru,92,1488.72
1967-12-31,Saint Lucia,93,1488.58
1967-12-31,Somalia,94,1487.19
1967-12-31,Serbia,95,1486.04
1967-12-31,Andalusia,96,1484.74
1967-12-31,Kernow,97,1484.56
1967-12-31,Guinea,98,1483.99
1967-12-31,Macau,99,1483.47
1967-12-31,Oman,100,1483.19
1967-12-31,Kyrgyzstan,101,1482.9
1967-12-31,Cape Verde,102,1482.44
1967-12-31,Tahiti,103,1482.27
1967-12-31,Wales,104,1482.0
1967-12-31,Montenegro,105,1478.15
1967-12-31,Catalonia,106,1475.3
1967-12-31,Taiwan,107,1475.27
1967-12-31,Palestine,108,1475.0
1967-12-31,Gambia,109,1474.17
1967-12-31,Burundi,110,1473.67
1967-12-31,Guadeloupe,111,1469.53
1967-12-31,Saint Kitts and Nevis,112,1469.47
1967-12-31,Provence,113,1464.73
1967-12-31,Zimbabwe,114,1464.1
1967-12-31,Wallis Islands and Futuna,115,1463.85
1967-12-31,Honduras,116,1461.63
1967-12-31,Canada,117,1461.31
1967-12-31,Western Australia,118,1460.95
1967-12-31,Bermuda,119,1459.36
1967-12-31,Aruba,120,1458.92
1967-12-31,Greece,121,1458.25
1967-12-31,Libya,122,1458.16
1967-12-31,Solomon Islands,123,1457.9
1967-12-31,Curaçao,124,1455.91
1967-12-31,Lebanon,125,1454.41
1967-12-31,Burkina Faso,126,1453.66
1967-12-31,Gabon,127,1453.59
1967-12-31,North Vietnam,128,1453.14
1967-12-31,Norway,129,1453.04
1967-12-31,Manchukuo,130,1451.84
1967-12-31,Israel,131,1451.67
1967-12-31,Fiji,132,1451.36
1967-12-31,Saarland,133,1449.76
1967-12-31,Papua New Guinea,134,1446.4
1967-12-31,Madagascar,135,1446.06
1967-12-31,Mongolia,136,1445.12
1967-12-31,Bahrain,137,1443.95
1967-12-31,Togo,138,1441.22
1967-12-31,Uganda,139,1440.97
1967-12-31,Chad,140,1440.78
1967-12-31,Dominica,141,1438.49
1967-12-31,Sierra Leone,142,1438.43
1967-12-31,Central African Republic,143,1433.85
1967-12-31,Slovakia,144,1430.5
1967-12-31,Pakistan,145,1427.8
1967-12-31,Liberia,146,1425.28
1967-12-31,Venezuela,147,1424.46
1967-12-31,Mauritania,148,1418.11
1967-12-31,Cyprus,149,1418.11
1967-12-31,Afghanistan,150,1416.88
1967-12-31,Vanuatu,151,1416.34
1967-12-31,Niger,152,1415.05
1967-12-31,Kuwait,153,1413.96
1967-12-31,Jamaica,154,1412.28
1967-12-31,Djibouti,155,1411.73
1967-12-31,Barbados,156,1403.34
1967-12-31,Malaysia,157,1402.93
1967-12-31,Tanzania,158,1401.84
1967-12-31,Albania,159,1400.85
1967-12-31,Laos,160,1400.65
1967-12-31,Yemen,161,1392.9
1967-12-31,Sri Lanka,162,1388.08
1967-12-31,Singapore,163,1387.9
1967-12-31,Colombia,164,1385.95
1967-12-31,United States,165,1382.7
1967-12-31,Jordan,166,1381.23
1967-12-31,Cambodia,167,1379.13
1967-12-31,French Guiana,168,1377.87
1967-12-31,Latvia,169,1375.75
1967-12-31,Thailand,170,1375.07
1967-12-31,Lithuania,171,1374.41
1967-12-31,Malawi,172,1366.87
1967-12-31,Hong Kong,173,1361.11
1967-12-31,Panama,174,1357.09
1967-12-31,Ecuador,175,1353.25
1967-12-31,Réunion,176,1349.86
1967-12-31,Finland,177,1341.87
1967-12-31,Guyana,178,1337.05
1967-12-31,Iceland,179,1318.22
1967-12-31,Cuba,180,1312.75
1967-12-31,Puerto Rico,181,1295.36
1967-12-31,Luxembourg,182,1282.46
1967-12-31,Zanzibar,183,1272.12
1967-12-31,Nicaragua,184,1271.92
1967-12-31,Philippines,185,1266.83
1967-12-31,Estonia,186,1220.66
1967-12-31,Alderney,187,1214.67
1968-12-29,England,1,1798.67
1968-12-29,Brazil,2,1793.07
1968-12-29,Italy,3,1781.34
1968-12-29,Hungary,4,1764.48
1968-12-29,Germany,5,1752.01
1968-12-29,Russia,6,1740.55
1968-12-29,Ghana,7,1738.19
1968-12-29,Jersey,8,1724.03
1968-12-29,Mexico,9,1710.8
1968-12-29,North Korea,10,1707.65
1968-12-29,Bulgaria,11,1692.51
1968-12-29,Czechoslovakia,12,1691.18
1968-12-29,German DR,13,1678.92
1968-12-29,Portugal,14,1677.37
1968-12-29,Uruguay,15,1660.06
1968-12-29,China,16,1654.98
1968-12-29,Spain,17,1652.04
1968-12-29,Chile,18,1650.76
1968-12-29,Scotland,19,1649.14
1968-12-29,Costa Rica,20,1642.24
1968-12-29,Argentina,21,1637.1
1968-12-29,Basque Country,22,1636.86
1968-12-29,DR Congo,23,1630.85
1968-12-29,Yugoslavia,24,1629.5
1968-12-29,Romania,25,1623.08
1968-12-29,South Africa,26,1622.06
1968-12-29,Belgium,27,1614.74
1968-12-29,Paraguay,28,1612.84
1968-12-29,Ivory Coast,29,1611.9
1968-12-29,Egypt,30,1608.23
1968-12-29,Sweden,31,1603.6
1968-12-29,El Salvador,32,1599.3
1968-12-29,Australia,33,1597.38
1968-12-29,Ethiopia,34,1597.27
1968-12-29,South Korea,35,1597.17
1968-12-29,Zambia,36,1595.92
1968-12-29,Myanmar,37,1591.84
1968-12-29,Indonesia,38,1589.63
1968-12-29,Japan,39,1586.37
1968-12-29,Iraq,40,1583.34
1968-12-29,Nigeria,41,1580.07
1968-12-29,Mauritius,42,1575.47
1968-12-29,Suriname,43,1575.4
1968-12-29,Guatemala,44,1575.13
1968-12-29,Iran,45,1571.09
1968-12-29,Croatia,46,1569.19
1968-12-29,Poland,47,1565.97
1968-12-29,Guernsey,48,1564.94
1968-12-29,Grenada,49,1560.52
1968-12-29,New Caledonia,50,1560.05
1968-12-29,Northern Ireland,51,1558.97
1968-12-29,Morocco,52,1550.39
1968-12-29,Sudan,53,1543.3
1968-12-29,New Zealand,54,1542.54
1968-12-29,Tunisia,55,1541.95
1968-12-29,Senegal,56,1538.96
1968-12-29,Congo,57,1538.5
1968-12-29,Kenya,58,1532.82
1968-12-29,Saint Vincent and the Grenadines,59,1532.39
1968-12-29,Trinidad and Tobago,60,1531.37
1968-12-29,Mali,61,1527.7
1968-12-29,Austria,62,1527.6
1968-12-29,Haiti,63,1526.15
1968-12-29,Algeria,64,1523.04
1968-12-29,Cameroon,65,1522.29
1968-12-29,Republic of Ireland,66,1522.18
1968-12-29,Martinique,67,1521.73
1968-12-29,Vietnam Republic,68,1521.23
1968-12-29,Eswatini,69,1520.66
1968-12-29,Netherlands,70,1519.53
1968-12-29,Corsica,71,1518.41
1968-12-29,Asturias,72,1517.44
1968-12-29,Dominican Republic,73,1517.36
1968-12-29,Ukraine,74,1516.67
1968-12-29,Brittany,75,1513.29
1968-12-29,Honduras,76,1510.84
1968-12-29,Moldova,77,1509.93
1968-12-29,Western Australia,78,1509.13
1968-12-29,Guinea-Bissau,79,1508.54
1968-12-29,Switzerland,80,1508.23
1968-12-29,Saudi Arabia,81,1507.94
1968-12-29,France,82,1507.27
1968-12-29,Tahiti,83,1505.53
1968-12-29,Wales,84,1504.38
1968-12-29,Saint Lucia,85,1502.29
1968-12-29,Syria,86,1501.74
1968-12-29,Central Spain,87,1501.37
1968-12-29,Guinea,88,1499.92
1968-12-29,Belarus,89,1499.22
1968-12-29,Benin,90,1498.65
1968-12-29,Peru,91,1497.53
1968-12-29,Galicia,92,1496.46
1968-12-29,Vietnam,93,1496.43
1968-12-29,Guadeloupe,94,1496.38
1968-12-29,Malta,95,1496.17
1968-12-29,Turkey,96,1495.11
1968-12-29,Bolivia,97,1494.37
1968-12-29,Silesia,98,1491.91
1968-12-29,Denmark,99,1488.16
1968-12-29,Somalia,100,1487.19
1968-12-29,Serbia,101,1486.04
1968-12-29,Andalusia,102,1484.74
1968-12-29,Kernow,103,1484.56
1968-12-29,Macau,104,1483.47
1968-12-29,Oman,105,1483.19
1968-12-29,Kyrgyzstan,106,1482.9
1968-12-29,Cape Verde,107,1482.44
1968-12-29,Montenegro,108,1478.15
1968-12-29,Botswana,109,1478.03
1968-12-29,India,110,1476.96
1968-12-29,Catalonia,111,1475.3
1968-12-29,Palestine,112,1475.0
1968-12-29,Burkina Faso,113,1474.17
1968-12-29,Burundi,114,1473.67
1968-12-29,Greece,115,1470.57
1968-12-29,Saint Kitts and Nevis,116,1469.47
1968-12-29,Norway,117,1466.7
1968-12-29,Canada,118,1464.92
1968-12-29,Provence,119,1464.73
1968-12-29,Zimbabwe,120,1464.1
1968-12-29,Wallis Islands and Futuna,121,1463.85
1968-12-29,Aruba,122,1458.92
1968-12-29,Libya,123,1458.16
1968-12-29,Solomon Islands,124,1457.9
1968-12-29,Gambia,125,1455.99
1968-12-29,Israel,126,1454.94
1968-12-29,Curaçao,127,1454.71
1968-12-29,Lebanon,128,1454.41
1968-12-29,Gabon,129,1453.59
1968-12-29,North Vietnam,130,1453.14
1968-12-29,Manchukuo,131,1451.84
1968-12-29,Saarland,132,1449.76
1968-12-29,Malaysia,133,1447.48
1968-12-29,Sierra Leone,134,1447.41
1968-12-29,Papua New Guinea,135,1446.4
1968-12-29,Madagascar,136,1446.06
1968-12-29,Mongolia,137,1445.12
1968-12-29,Bahrain,138,1443.95
1968-12-29,Togo,139,1443.31
1968-12-29,Chad,140,1440.78
1968-12-29,Uganda,141,1436.46
1968-12-29,Central African Republic,142,1433.85
1968-12-29,Slovakia,143,1430.5
1968-12-29,Fiji,144,1428.84
1968-12-29,Thailand,145,1428.84
1968-12-29,Pakistan,146,1427.8
1968-12-29,Taiwan,147,1425.6
1968-12-29,Liberia,148,1425.28
1968-12-29,Venezuela,149,1424.46
1968-12-29,Dominica,150,1419.77
1968-12-29,United States,151,1418.57
1968-12-29,Mauritania,152,1418.11
1968-12-29,Afghanistan,153,1416.88
1968-12-29,Vanuatu,154,1416.34
1968-12-29,Cyprus,155,1416.29
1968-12-29,Niger,156,1415.05
1968-12-29,Kuwait,157,1413.96
1968-12-29,Djibouti,158,1411.73
1968-12-29,Bermuda,159,1409.48
1968-12-29,Barbados,160,1401.95
1968-12-29,Albania,161,1400.85
1968-12-29,Singapore,162,1397.67
1968-12-29,Yemen,163,1392.9
1968-12-29,Sri Lanka,164,1388.08
1968-12-29,Tanzania,165,1385.06
1968-12-29,Colombia,166,1381.7
1968-12-29,Jordan,167,1381.23
1968-12-29,Cambodia,168,1379.13
1968-12-29,Latvia,169,1375.75
1968-12-29,Malawi,170,1375.32
1968-12-29,Jamaica,171,1374.43
1968-12-29,Lithuania,172,1374.41
1968-12-29,French Guiana,173,1369.69
1968-12-29,Laos,174,1365.56
1968-12-29,Panama,175,1357.09
1968-12-29,Ecuador,176,1353.25
1968-12-29,Réunion,177,1349.86
1968-12-29,Hong Kong,178,1339.48
1968-12-29,Guyana,179,1337.05
1968-12-29,Cuba,180,1312.75
1968-12-29,Iceland,181,1307.14
1968-12-29,Finland,182,1300.84
1968-12-29,Puerto Rico,183,1280.64
1968-12-29,Nicaragua,184,1271.92
1968-12-29,Luxembourg,185,1268.45
1968-12-29,Philippines,186,1266.83
1968-12-29,Zanzibar,187,1246.67
1968-12-29,Estonia,188,1220.66
1968-12-29,Alderney,189,1211.03
1969-12-28,Brazil,1,1841.72
1969-12-28,England,2,1823.73
1969-12-28,Italy,3,1798.42
1969-12-28,Germany,4,1766.77
1969-12-28,Russia,5,1751.28
1969-12-28,Hungary,6,1723.98
1969-12-28,Ghana,7,1720.19
1969-12-28,North Korea,8,1716.76
1969-12-28,German DR,9,1704.41
1969-12-28,Jersey,10,1702.71
1969-12-28,Czechoslovakia,11,1697.05
1969-12-28,DR Congo,12,1679.82
1969-12-28,Sweden,13,1677.02
1969-12-28,Uruguay,14,1661.26
1969-12-28,Costa Rica,15,1660.9
1969-12-28,China,16,1654.98
1969-12-28,Bulgaria,17,1649.37
1969-12-28,Spain,18,1637.86
1969-12-28,Yugoslavia,19,1636.88
1969-12-28,Basque Country,20,1636.86
1969-12-28,Ivory Coast,21,1631.7
1969-12-28,South Korea,22,1629.24
1969-12-28,Romania,23,1628.54
1969-12-28,Argentina,24,1622.29
1969-12-28,South Africa,25,1622.06
1969-12-28,New Caledonia,26,1621.83
1969-12-28,Indonesia,27,1617.49
1969-12-28,Chile,28,1617.15
1969-12-28,Scotland,29,1616.31
1969-12-28,Portugal,30,1616.23
1969-12-28,Belgium,31,1615.8
1969-12-28,El Salvador,32,1612.58
1969-12-28,Myanmar,33,1612.29
1969-12-28,Poland,34,1606.65
1969-12-28,Egypt,35,1606.49
1969-12-28,Peru,36,1592.67
1969-12-28,Australia,37,1592.54
1969-12-28,Nigeria,38,1590.98
1969-12-28,Mexico,39,1589.55
1969-12-28,Guatemala,40,1589.14
1969-12-28,Guernsey,41,1587.85
1969-12-28,Iran,42,1586.08
1969-12-28,Paraguay,43,1585.88
1969-12-28,Grenada,44,1581.0
1969-12-28,Zambia,45,1580.49
1969-12-28,Suriname,46,1577.78
1969-12-28,Mauritius,47,1575.47
1969-12-28,Congo,48,1570.85
1969-12-28,Croatia,49,1569.19
1969-12-28,Austria,50,1569.1
1969-12-28,Ethiopia,51,1568.29
1969-12-28,Sudan,52,1567.26
1969-12-28,Japan,53,1558.56
1969-12-28,France,54,1558.48
1969-12-28,Morocco,55,1557.62
1969-12-28,Saint Vincent and the Grenadines,56,1557.42
1969-12-28,Iraq,57,1554.18
1969-12-28,Northern Ireland,58,1552.93
1969-12-28,Netherlands,59,1550.72
1969-12-28,Algeria,60,1538.63
1969-12-28,Guinea,61,1536.92
1969-12-28,Haiti,62,1533.28
1969-12-28,Turkey,63,1531.05
1969-12-28,Tahiti,64,1526.87
1969-12-28,Tunisia,65,1524.38
1969-12-28,Greece,66,1522.25
1969-12-28,Denmark,67,1520.24
1969-12-28,Mali,68,1518.82
1969-12-28,Cameroon,69,1518.68
1969-12-28,Corsica,70,1518.41
1969-12-28,Asturias,71,1517.44
1969-12-28,Dominican Republic,72,1517.36
1969-12-28,Ukraine,73,1516.67
1969-12-28,Martinique,74,1515.23
1969-12-28,Israel,75,1514.32
1969-12-28,Brittany,76,1513.29
1969-12-28,Bolivia,77,1510.66
1969-12-28,Moldova,78,1509.93
1969-12-28,Senegal,79,1509.85
1969-12-28,Benin,80,1508.98
1969-12-28,Guinea-Bissau,81,1508.54
1969-12-28,Uganda,82,1505.25
1969-12-28,Honduras,83,1501.99
1969-12-28,Syria,84,1501.74
1969-12-28,Central Spain,85,1501.37
1969-12-28,Trinidad and Tobago,86,1501.23
1969-12-28,Belarus,87,1499.22
1969-12-28,Eswatini,88,1497.71
1969-12-28,Galicia,89,1496.46
1969-12-28,Vietnam,90,1496.43
1969-12-28,Guadeloupe,91,1496.38
1969-12-28,Silesia,92,1491.91
1969-12-28,Saudi Arabia,93,1491.35
1969-12-28,Vietnam Republic,94,1491.07
1969-12-28,New Zealand,95,1488.12
1969-12-28,Saint Lucia,96,1487.28
1969-12-28,Serbia,97,1486.04
1969-12-28,Switzerland,98,1485.13
1969-12-28,Andalusia,99,1484.74
1969-12-28,Republic of Ireland,100,1484.68
1969-12-28,Kernow,101,1484.56
1969-12-28,Macau,102,1483.47
1969-12-28,Malaysia,103,1483.31
1969-12-28,Oman,104,1483.19
1969-12-28,Kyrgyzstan,105,1482.9
1969-12-28,Cape Verde,106,1482.44
1969-12-28,Malta,107,1481.92
1969-12-28,Wales,108,1481.85
1969-12-28,Montenegro,109,1478.15
1969-12-28,Botswana,110,1478.03
1969-12-28,Catalonia,111,1475.3
1969-12-28,Curaçao,112,1474.38
1969-12-28,Burkina Faso,113,1474.17
1969-12-28,Burundi,114,1473.67
1969-12-28,Saint Kitts and Nevis,115,1469.47
1969-12-28,Papua New Guinea,116,1469.21
1969-12-28,Libya,117,1468.67
1969-12-28,Norway,118,1467.37
1969-12-28,Kenya,119,1465.87
1969-12-28,Zimbabwe,120,1465.12
1969-12-28,Canada,121,1464.92
1969-12-28,Provence,122,1464.73
1969-12-28,Wallis Islands and Futuna,123,1463.85
1969-12-28,Palestine,124,1463.09
1969-12-28,Aruba,125,1458.92
1969-12-28,Madagascar,126,1458.69
1969-12-28,Somalia,127,1458.28
1969-12-28,Lebanon,128,1454.41
1969-12-28,North Vietnam,129,1453.14
1969-12-28,Western Australia,130,1452.65
1969-12-28,Manchukuo,131,1451.84
1969-12-28,Sierra Leone,132,1449.81
1969-12-28,Saarland,133,1449.76
1969-12-28,Mongolia,134,1445.12
1969-12-28,India,135,1444.27
1969-12-28,Bahrain,136,1443.95
1969-12-28,Gambia,137,1441.89
1969-12-28,Chad,138,1440.78
1969-12-28,Gabon,139,1439.48
1969-12-28,Togo,140,1434.64
1969-12-28,Central African Republic,141,1433.85
1969-12-28,Slovakia,142,1430.5
1969-12-28,Taiwan,143,1425.6
1969-12-28,Liberia,144,1425.28
1969-12-28,Fiji,145,1423.49
1969-12-28,Thailand,146,1420.85
1969-12-28,Mauritania,147,1418.11
1969-12-28,Pakistan,148,1417.87
1969-12-28,Afghanistan,149,1416.88
1969-12-28,Kuwait,150,1413.96
1969-12-28,Djibouti,151,1411.73
1969-12-28,Singapore,152,1410.01
1969-12-28,Niger,153,1409.0
1969-12-28,French Guiana,154,1403.56
1969-12-28,Barbados,155,1401.95
1969-12-28,Solomon Islands,156,1401.04
1969-12-28,Vanuatu,157,1400.98
1969-12-28,Albania,158,1400.85
1969-12-28,Tanzania,159,1397.33
1969-12-28,United States,160,1396.41
1969-12-28,Yemen,161,1392.9
1969-12-28,Bermuda,162,1388.58
1969-12-28,Sri Lanka,163,1388.08
1969-12-28,Cyprus,164,1382.71
1969-12-28,Venezuela,165,1382.08
1969-12-28,Jordan,166,1381.23
1969-12-28,Cambodia,167,1379.13
1969-12-28,Latvia,168,1375.75
1969-12-28,Lithuania,169,1374.41
1969-12-28,Dominica,170,1372.14
1969-12-28,Jamaica,171,1371.96
1969-12-28,Ecuador,172,1364.89
1969-12-28,Malawi,173,1364.34
1969-12-28,Colombia,174,1358.74
1969-12-28,Laos,175,1353.73
1969-12-28,Réunion,176,1349.86
1969-12-28,Panama,177,1343.6
1969-12-28,Hong Kong,178,1339.48
1969-12-28,Guyana,179,1337.05
1969-12-28,Finland,180,1329.53
1969-12-28,Cuba,181,1312.75
1969-12-28,Iceland,182,1288.3
1969-12-28,Puerto Rico,183,1280.64
1969-12-28,Luxembourg,184,1275.91
1969-12-28,Nicaragua,185,1271.92
1969-12-28,Philippines,186,1266.83
1969-12-28,Zanzibar,187,1224.24
1969-12-28,Estonia,188,1220.66
1969-12-28,Alderney,189,1209.44
1970-12-27,Brazil,1,1906.01
1970-12-27,England,2,1810.21
1970-12-27,Italy,3,1807.59
1970-12-27,Germany,4,1780.97
1970-12-27,Russia,5,1754.51
1970-12-27,German DR,6,1721.07
1970-12-27,North Korea,7,1716.76
1970-12-27,Ghana,8,1715.82
1970-12-27,Jersey,9,1713.74
1970-12-27,Hungary,10,1708.62
1970-12-27,Sweden,11,1694.71
1970-12-27,Spain,12,1692.18
1970-12-27,DR Congo,13,1677.13
1970-12-27,Costa Rica,14,1674.25
1970-12-27,South Korea,15,1671.91
1970-12-27,Uruguay,16,1671.66
1970-12-27,China,17,1654.98
1970-12-27,Myanmar,18,1653.23
1970-12-27,Yugoslavia,19,1651.01
1970-12-27,Australia,20,1648.92
1970-12-27,Egypt,21,1648.39
1970-12-27,Poland,22,1647.5
1970-12-27,Mexico,23,1642.08
1970-12-27,Scotland,24,1640.25
1970-12-27,Argentina,25,1638.1
1970-12-27,Basque Country,26,1636.86
1970-12-27,Czechoslovakia,27,1634.5
1970-12-27,South Africa,28,1622.06
1970-12-27,Portugal,29,1617.77
1970-12-27,Grenada,30,1613.32
1970-12-27,Peru,31,1610.24
1970-12-27,Sudan,32,1609.2
1970-12-27,Suriname,33,1608.96
1970-12-27,Guinea,34,1602.21
1970-12-27,Romania,35,1602.11
1970-12-27,Ivory Coast,36,1600.91
1970-12-27,Chile,37,1597.93
1970-12-27,Paraguay,38,1597.89
1970-12-27,Japan,39,1597.23
1970-12-27,Bulgaria,40,1595.73
1970-12-27,France,41,1591.73
1970-12-27,Belgium,42,1590.54
1970-12-27,Guatemala,43,1589.14
1970-12-27,Netherlands,44,1586.64
1970-12-27,Zambia,45,1582.96
1970-12-27,New Caledonia,46,1582.57
1970-12-27,Guernsey,47,1580.08
1970-12-27,Nigeria,48,1571.57
1970-12-27,Congo,49,1571.44
1970-12-27,Croatia,50,1569.19
1970-12-27,Iran,51,1564.26
1970-12-27,Turkey,52,1563.48
1970-12-27,Austria,53,1560.35
1970-12-27,Saint Vincent and the Grenadines,54,1551.42
1970-12-27,Morocco,55,1541.25
1970-12-27,El Salvador,56,1538.37
1970-12-27,Mauritius,57,1537.91
1970-12-27,Algeria,58,1537.27
1970-12-27,Tahiti,59,1533.62
1970-12-27,Iraq,60,1532.15
1970-12-27,Switzerland,61,1530.92
1970-12-27,Indonesia,62,1530.04
1970-12-27,Mali,63,1527.27
1970-12-27,Israel,64,1526.99
1970-12-27,Haiti,65,1526.98
1970-12-27,Wales,66,1522.21
1970-12-27,Tunisia,67,1518.88
1970-12-27,Corsica,68,1518.41
1970-12-27,India,69,1517.72
1970-12-27,Asturias,70,1517.44
1970-12-27,Dominican Republic,71,1517.36
1970-12-27,Ukraine,72,1516.67
1970-12-27,Cameroon,73,1516.16
1970-12-27,Martinique,74,1515.23
1970-12-27,Brittany,75,1513.29
1970-12-27,Honduras,76,1511.17
1970-12-27,Uganda,77,1511.04
1970-12-27,Bolivia,78,1510.66
1970-12-27,Moldova,79,1509.93
1970-12-27,Guinea-Bissau,80,1508.54
1970-12-27,Northern Ireland,81,1507.77
1970-12-27,Benin,82,1506.77
1970-12-27,Syria,83,1501.74
1970-12-27,Central Spain,84,1501.37
1970-12-27,Thailand,85,1501.37
1970-12-27,Belarus,86,1499.22
1970-12-27,Eswatini,87,1497.71
1970-12-27,Galicia,88,1496.46
1970-12-27,Vietnam,89,1496.43
1970-12-27,Guadeloupe,90,1496.38
1970-12-27,Silesia,91,1491.91
1970-12-27,Lesotho,92,1489.76
1970-12-27,New Zealand,93,1488.12
1970-12-27,Malaysia,94,1487.65
1970-12-27,Serbia,95,1486.04
1970-12-27,Andalusia,96,1484.74
1970-12-27,Kernow,97,1484.56
1970-12-27,Greece,98,1483.47
1970-12-27,Oman,99,1483.19
1970-12-27,Kyrgyzstan,100,1482.9
1970-12-27,Cape Verde,101,1482.44
1970-12-27,Montenegro,102,1478.15
1970-12-27,Botswana,103,1478.03
1970-12-27,Trinidad and Tobago,104,1475.46
1970-12-27,Catalonia,105,1475.3
1970-12-27,Togo,106,1474.16
1970-12-27,Burundi,107,1473.67
1970-12-27,Macau,108,1473.65
1970-12-27,Senegal,109,1473.42
1970-12-27,Saint Lucia,110,1471.23
1970-12-27,Burkina Faso,111,1471.21
1970-12-27,Saudi Arabia,112,1471.04
1970-12-27,Saint Kitts and Nevis,113,1469.47
1970-12-27,Papua New Guinea,114,1469.21
1970-12-27,Kuwait,115,1468.18
1970-12-27,Ethiopia,116,1467.63
1970-12-27,Libya,117,1465.26
1970-12-27,Zimbabwe,118,1465.12
1970-12-27,Canada,119,1464.92
1970-12-27,Provence,120,1464.73
1970-12-27,Madagascar,121,1464.61
1970-12-27,Curaçao,122,1464.16
1970-12-27,Wallis Islands and Futuna,123,1463.85
1970-12-27,Qatar,124,1463.62
1970-12-27,Palestine,125,1463.09
1970-12-27,North Vietnam,126,1463.0
1970-12-27,Malta,127,1461.53
1970-12-27,Aruba,128,1458.92
1970-12-27,Somalia,129,1458.28
1970-12-27,Republic of Ireland,130,1457.56
1970-12-27,Sierra Leone,131,1456.45
1970-12-27,Lebanon,132,1454.41
1970-12-27,Norway,133,1454.37
1970-12-27,Manchukuo,134,1451.84
1970-12-27,Saarland,135,1449.76
1970-12-27,Kenya,136,1447.62
1970-12-27,Bahrain,137,1446.42
1970-12-27,Mongolia,138,1445.12
1970-12-27,Gabon,139,1443.35
1970-12-27,Denmark,140,1442.91
1970-12-27,Gambia,141,1441.89
1970-12-27,Chad,142,1440.78
1970-12-27,Central African Republic,143,1433.85
1970-12-27,Slovakia,144,1430.5
1970-12-27,Vietnam Republic,145,1427.09
1970-12-27,Taiwan,146,1426.18
1970-12-27,Liberia,147,1425.28
1970-12-27,Fiji,148,1423.49
1970-12-27,Mauritania,149,1418.11
1970-12-27,Afghanistan,150,1416.88
1970-12-27,Tanzania,151,1414.26
1970-12-27,Djibouti,152,1411.73
1970-12-27,Western Australia,153,1408.67
1970-12-27,Barbados,154,1401.95
1970-12-27,Solomon Islands,155,1401.04
1970-12-27,Vanuatu,156,1400.98
1970-12-27,Pakistan,157,1398.47
1970-12-27,United States,158,1396.41
1970-12-27,French Guiana,159,1395.79
1970-12-27,Bermuda,160,1394.89
1970-12-27,Yemen,161,1392.9
1970-12-27,Malawi,162,1392.67
1970-12-27,Cambodia,163,1389.91
1970-12-27,Niger,164,1389.3
1970-12-27,Sri Lanka,165,1388.08
1970-12-27,Albania,166,1385.34
1970-12-27,Cyprus,167,1384.83
1970-12-27,Venezuela,168,1382.08
1970-12-27,Jordan,169,1381.23
1970-12-27,Latvia,170,1375.75
1970-12-27,Hong Kong,171,1375.03
1970-12-27,Lithuania,172,1374.41
1970-12-27,Jamaica,173,1371.96
1970-12-27,Dominica,174,1361.87
1970-12-27,Ecuador,175,1356.66
1970-12-27,Colombia,176,1356.48
1970-12-27,Réunion,177,1349.86
1970-12-27,Guyana,178,1349.63
1970-12-27,Laos,179,1337.46
1970-12-27,Panama,180,1334.43
1970-12-27,Finland,181,1329.61
1970-12-27,Iceland,182,1320.69
1970-12-27,Singapore,183,1308.35
1970-12-27,Cuba,184,1302.89
1970-12-27,Puerto Rico,185,1280.64
1970-12-27,Luxembourg,186,1275.83
1970-12-27,Nicaragua,187,1271.92
1970-12-27,Philippines,188,1266.83
1970-12-27,Zanzibar,189,1236.25
1970-12-27,Estonia,190,1220.66
1970-12-27,Alderney,191,1206.18
1971-12-24,Brazil,1,1877.17
1971-12-24,England,2,1820.76
1971-12-24,Italy,3,1799.38
1971-12-24,Germany,4,1795.4
1971-12-24,Russia,5,1770.34
1971-12-24,Hungary,6,1740.99
1971-12-24,Jersey,7,1725.44
1971-12-24,Myanmar,8,1721.52
1971-12-24,North Korea,9,1716.76
1971-12-24,Sweden,10,1706.13
1971-12-24,Spain,11,1704.49
1971-12-24,German DR,12,1702.91
1971-12-24,Argentina,13,1692.1
1971-12-24,DR Congo,14,1678.99
1971-12-24,Mexico,15,1665.44
1971-12-24,Yugoslavia,16,1662.65
1971-12-24,China,17,1657.29
1971-12-24,Czechoslovakia,18,1652.26
1971-12-24,Ghana,19,1643.2
1971-12-24,Romania,20,1641.09
1971-12-24,Egypt,21,1640.69
1971-12-24,Uruguay,22,1640.41
1971-12-24,Costa Rica,23,1638.31
1971-12-24,Poland,24,1634.0
1971-12-24,Australia,25,1632.73
1971-12-24,South Korea,26,1631.52
1971-12-24,New Caledonia,27,1624.53
1971-12-24,Bulgaria,28,1622.44
1971-12-24,South Africa,29,1622.06
1971-12-24,Suriname,30,1620.38
1971-12-24,Belgium,31,1620.3
1971-12-24,Netherlands,32,1619.72
1971-12-24,Basque Country,33,1613.92
1971-12-24,Portugal,34,1607.78
1971-12-24,Austria,35,1607.23
1971-12-24,Sudan,36,1606.48
1971-12-24,France,37,1603.17
1971-12-24,Iraq,38,1602.07
1971-12-24,Paraguay,39,1602.0
1971-12-24,Chile,40,1598.79
1971-12-24,Grenada,41,1593.62
1971-12-24,Guinea,42,1590.8
1971-12-24,Nigeria,43,1590.66
1971-12-24,Peru,44,1587.57
1971-12-24,Ivory Coast,45,1583.13
1971-12-24,Japan,46,1580.16
1971-12-24,Zambia,47,1573.56
1971-12-24,Iran,48,1572.8
1971-12-24,Guernsey,49,1570.01
1971-12-24,Croatia,50,1569.19
1971-12-24,Scotland,51,1569.0
1971-12-24,Guatemala,52,1567.82
1971-12-24,Haiti,53,1566.69
1971-12-24,Switzerland,54,1565.92
1971-12-24,Northern Ireland,55,1560.11
1971-12-24,Congo,56,1555.97
1971-12-24,Morocco,57,1549.02
1971-12-24,Kenya,58,1548.11
1971-12-24,Tahiti,59,1546.46
1971-12-24,Israel,60,1543.19
1971-12-24,Saint Vincent and the Grenadines,61,1543.17
1971-12-24,Indonesia,62,1542.36
1971-12-24,El Salvador,63,1542.34
1971-12-24,Malaysia,64,1537.29
1971-12-24,Senegal,65,1532.48
1971-12-24,Mali,66,1530.75
1971-12-24,Algeria,67,1529.7
1971-12-24,Turkey,68,1529.06
1971-12-24,Martinique,69,1528.74
1971-12-24,Tunisia,70,1518.88
1971-12-24,Corsica,71,1518.41
1971-12-24,Asturias,72,1517.44
1971-12-24,Dominican Republic,73,1517.36
1971-12-24,Togo,74,1516.77
1971-12-24,Ukraine,75,1516.67
1971-12-24,Madagascar,76,1513.57
1971-12-24,Brittany,77,1513.29
1971-12-24,Moldova,78,1509.93
1971-12-24,Guinea-Bissau,79,1508.54
1971-12-24,Benin,80,1506.77
1971-12-24,Wales,81,1506.36
1971-12-24,Central Spain,82,1501.37
1971-12-24,Cameroon,83,1500.37
1971-12-24,Mauritius,84,1499.44
1971-12-24,Belarus,85,1499.22
1971-12-24,Catalonia,86,1498.24
1971-12-24,Eswatini,87,1497.71
1971-12-24,Bolivia,88,1496.99
1971-12-24,Galicia,89,1496.46
1971-12-24,Vietnam,90,1496.43
1971-12-24,Libya,91,1495.85
1971-12-24,Silesia,92,1491.91
1971-12-24,Serbia,93,1486.04
1971-12-24,India,94,1485.96
1971-12-24,Bahamas,95,1485.24
1971-12-24,Andalusia,96,1484.74
1971-12-24,Kernow,97,1484.56
1971-12-24,Uganda,98,1484.18
1971-12-24,Vietnam Republic,99,1483.53
1971-12-24,Guadeloupe,100,1483.49
1971-12-24,Oman,101,1483.19
1971-12-24,Kyrgyzstan,102,1482.9
1971-12-24,Cape Verde,103,1482.44
1971-12-24,Sierra Leone,104,1479.58
1971-12-24,Montenegro,105,1478.15
1971-12-24,Botswana,106,1478.03
1971-12-24,Curaçao,107,1477.33
1971-12-24,Trinidad and Tobago,108,1475.54
1971-12-24,Honduras,109,1474.7
1971-12-24,Macau,110,1473.65
1971-12-24,Saudi Arabia,111,1471.04
1971-12-24,Denmark,112,1470.61
1971-12-24,Greece,113,1470.37
1971-12-24,Saint Kitts and Nevis,114,1469.47
1971-12-24,Palestine,115,1469.18
1971-12-24,Kuwait,116,1466.68
1971-12-24,New Zealand,117,1465.6
1971-12-24,Papua New Guinea,118,1465.46
1971-12-24,Zimbabwe,119,1465.12
1971-12-24,Canada,120,1464.92
1971-12-24,Provence,121,1464.73
1971-12-24,Wallis Islands and Futuna,122,1463.85
1971-12-24,Qatar,123,1463.62
1971-12-24,North Vietnam,124,1463.0
1971-12-24,Aruba,125,1458.92
1971-12-24,Somalia,126,1458.28
1971-12-24,Ethiopia,127,1456.54
1971-12-24,Brunei,128,1455.37
1971-12-24,Burundi,129,1455.18
1971-12-24,Syria,130,1452.32
1971-12-24,Manchukuo,131,1451.84
1971-12-24,Lesotho,132,1451.77
1971-12-24,Taiwan,133,1450.1
1971-12-24,Saarland,134,1449.76
1971-12-24,Cook Islands,135,1449.74
1971-12-24,Saint Lucia,136,1446.65
1971-12-24,Bahrain,137,1445.41
1971-12-24,Lebanon,138,1445.29
1971-12-24,Mongolia,139,1445.12
1971-12-24,Gabon,140,1443.35
1971-12-24,Chad,141,1440.78
1971-12-24,Tanzania,142,1439.03
1971-12-24,Vanuatu,143,1438.22
1971-12-24,Central African Republic,144,1433.85
1971-12-24,Thailand,145,1432.32
1971-12-24,Burkina Faso,146,1432.2
1971-12-24,Malawi,147,1431.77
1971-12-24,Republic of Ireland,148,1431.75
1971-12-24,Slovakia,149,1430.5
1971-12-24,Liberia,150,1429.96
1971-12-24,Malta,151,1426.77
1971-12-24,Gambia,152,1419.68
1971-12-24,Mauritania,153,1418.11
1971-12-24,Afghanistan,154,1416.88
1971-12-24,Dominica,155,1414.39
1971-12-24,Norway,156,1412.37
1971-12-24,Albania,157,1412.07
1971-12-24,Djibouti,158,1411.73
1971-12-24,Fiji,159,1407.97
1971-12-24,Solomon Islands,160,1401.04
1971-12-24,Pakistan,161,1398.47
1971-12-24,United States,162,1396.41
1971-12-24,Western Australia,163,1395.97
1971-12-24,French Guiana,164,1395.79
1971-12-24,Cambodia,165,1394.78
1971-12-24,Yemen,166,1392.9
1971-12-24,Barbados,167,1388.79
1971-12-24,Jordan,168,1382.37
1971-12-24,Venezuela,169,1382.08
1971-12-24,Bermuda,170,1381.23
1971-12-24,Niger,171,1377.56
1971-12-24,Latvia,172,1375.75
1971-12-24,Lithuania,173,1374.41
1971-12-24,Ecuador,174,1356.66
1971-12-24,Colombia,175,1356.48
1971-12-24,Hong Kong,176,1353.79
1971-12-24,Sri Lanka,177,1351.4
1971-12-24,Jamaica,178,1351.09
1971-12-24,Cuba,179,1350.84
1971-12-24,Réunion,180,1349.86
1971-12-24,Guyana,181,1338.21
1971-12-24,Cyprus,182,1335.29
1971-12-24,Singapore,183,1334.98
1971-12-24,Panama,184,1334.43
1971-12-24,Finland,185,1313.01
1971-12-24,Iceland,186,1304.81
1971-12-24,Laos,187,1304.18
1971-12-24,Puerto Rico,188,1280.64
1971-12-24,Luxembourg,189,1270.95
1971-12-24,Philippines,190,1263.87
1971-12-24,Nicaragua,191,1260.48
1971-12-24,Zanzibar,192,1232.88
1971-12-24,Estonia,193,1220.66
1971-12-24,Alderney,194,1204.55
1972-12-29,Brazil,1,1895.61
1972-12-29,Germany,2,1864.7
1972-12-29,England,3,1792.81
1972-12-29,Italy,4,1741.93
1972-12-29,Spain,5,1732.05
1972-12-29,North Korea,6,1716.76
1972-12-29,Russia,7,1712.41
1972-12-29,German DR,8,1710.77
1972-12-29,Mexico,9,1703.55
1972-12-29,Jersey,10,1702.86
1972-12-29,Yugoslavia,11,1701.71
1972-12-29,Myanmar,12,1700.34
1972-12-29,Argentina,13,1691.09
1972-12-29,Portugal,14,1686.92
1972-12-29,Sweden,15,1686.31
1972-12-29,Hungary,16,1686.19
1972-12-29,Australia,17,1682.73
1972-12-29,Belgium,18,1672.15
1972-12-29,Nigeria,19,1667.05
1972-12-29,Poland,20,1665.77
1972-12-29,Netherlands,21,1665.05
1972-12-29,China,22,1664.08
1972-12-29,DR Congo,23,1655.68
1972-12-29,Egypt,24,1653.48
1972-12-29,Bulgaria,25,1642.34
1972-12-29,Romania,26,1641.06
1972-12-29,Austria,27,1629.42
1972-12-29,Czechoslovakia,28,1626.41
1972-12-29,Scotland,29,1625.24
1972-12-29,Costa Rica,30,1624.23
1972-12-29,Ivory Coast,31,1623.95
1972-12-29,South Africa,32,1622.06
1972-12-29,Suriname,33,1619.88
1972-12-29,Paraguay,34,1617.04
1972-12-29,South Korea,35,1616.57
1972-12-29,Basque Country,36,1613.92
1972-12-29,Ghana,37,1611.71
1972-12-29,France,38,1609.87
1972-12-29,Haiti,39,1607.76
1972-12-29,Uruguay,40,1605.87
1972-12-29,Guatemala,41,1597.91
1972-12-29,Iraq,42,1596.38
1972-12-29,Guernsey,43,1596.07
1972-12-29,New Caledonia,44,1593.1
1972-12-29,Congo,45,1579.87
1972-12-29,Grenada,46,1577.97
1972-12-29,Algeria,47,1576.59
1972-12-29,Guinea,48,1575.43
1972-12-29,Trinidad and Tobago,49,1573.75
1972-12-29,Switzerland,50,1573.67
1972-12-29,Morocco,51,1570.62
1972-12-29,Croatia,52,1569.19
1972-12-29,Chile,53,1568.94
1972-12-29,Zambia,54,1568.87
1972-12-29,Iran,55,1564.65
1972-12-29,Japan,56,1560.86
1972-12-29,Northern Ireland,57,1560.31
1972-12-29,Israel,58,1553.44
1972-12-29,Sudan,59,1548.14
1972-12-29,Mali,60,1547.22
1972-12-29,Tahiti,61,1546.46
1972-12-29,Peru,62,1540.36
1972-12-29,Tunisia,63,1538.77
1972-12-29,Saint Vincent and the Grenadines,64,1535.78
1972-12-29,Malaysia,65,1534.65
1972-12-29,Cameroon,66,1533.63
1972-12-29,Kenya,67,1530.73
1972-12-29,Corsica,68,1518.41
1972-12-29,Kuwait,69,1518.13
1972-12-29,Asturias,70,1517.44
1972-12-29,Uganda,71,1517.39
1972-12-29,Dominican Republic,72,1517.36
1972-12-29,Ukraine,73,1516.67
1972-12-29,Togo,74,1515.12
1972-12-29,Saudi Arabia,75,1514.12
1972-12-29,Brittany,76,1513.29
1972-12-29,Madagascar,77,1511.78
1972-12-29,Moldova,78,1509.93
1972-12-29,Guinea-Bissau,79,1508.54
1972-12-29,Honduras,80,1504.07
1972-12-29,Central Spain,81,1501.37
1972-12-29,Saint Lucia,82,1500.69
1972-12-29,Indonesia,83,1500.15
1972-12-29,Belarus,84,1499.22
1972-12-29,Senegal,85,1498.68
1972-12-29,Catalonia,86,1498.24
1972-12-29,Eswatini,87,1497.71
1972-12-29,Galicia,88,1496.46
1972-12-29,Vietnam,89,1496.43
1972-12-29,Turkey,90,1495.87
1972-12-29,Martinique,91,1495.66
1972-12-29,El Salvador,92,1495.22
1972-12-29,Yemen DPR,93,1494.5
1972-12-29,Syria,94,1493.56
1972-12-29,Greece,95,1492.22
1972-12-29,Silesia,96,1491.91
1972-12-29,Nepal,97,1491.15
1972-12-29,New Zealand,98,1489.79
1972-12-29,Wales,99,1488.91
1972-12-29,Guadeloupe,100,1487.98
1972-12-29,Serbia,101,1486.04
1972-12-29,India,102,1485.96
1972-12-29,Bahamas,103,1485.24
1972-12-29,Andalusia,104,1484.74
1972-12-29,Benin,105,1484.63
1972-12-29,Kernow,106,1484.56
1972-12-29,Oman,107,1483.19
1972-12-29,Kyrgyzstan,108,1482.9
1972-12-29,Cape Verde,109,1482.44
1972-12-29,Montenegro,110,1478.15
1972-12-29,Botswana,111,1478.03
1972-12-29,Libya,112,1475.67
1972-12-29,Faroe Islands,113,1475.31
1972-12-29,Bolivia,114,1473.7
1972-12-29,Macau,115,1473.65
1972-12-29,Malawi,116,1470.58
1972-12-29,Vietnam Republic,117,1469.19
1972-12-29,Papua New Guinea,118,1465.46
1972-12-29,Republic of Ireland,119,1465.32
1972-12-29,Zimbabwe,120,1465.12
1972-12-29,Provence,121,1464.73
1972-12-29,Denmark,122,1464.11
1972-12-29,Wallis Islands and Futuna,123,1463.85
1972-12-29,North Vietnam,124,1463.0
1972-12-29,Canada,125,1462.76
1972-12-29,Ethiopia,126,1461.72
1972-12-29,Sierra Leone,127,1461.33
1972-12-29,United Arab Emirates,128,1459.83
1972-12-29,Aruba,129,1458.92
1972-12-29,Mauritius,130,1457.64
1972-12-29,Curaçao,131,1455.97
1972-12-29,Brunei,132,1455.37
1972-12-29,Saint Kitts and Nevis,133,1455.37
1972-12-29,Burundi,134,1455.18
1972-12-29,Manchukuo,135,1451.84
1972-12-29,Antigua and Barbuda,136,1451.78
1972-12-29,Somalia,137,1450.43
1972-12-29,Taiwan,138,1450.1
1972-12-29,Saarland,139,1449.76
1972-12-29,Cook Islands,140,1449.74
1972-12-29,Tanzania,141,1449.21
1972-12-29,Bahrain,142,1447.95
1972-12-29,Thailand,143,1445.76
1972-12-29,Lebanon,144,1445.29
1972-12-29,Mongolia,145,1445.12
1972-12-29,Gabon,146,1443.35
1972-12-29,Palestine,147,1442.36
1972-12-29,Chad,148,1440.78
1972-12-29,Burkina Faso,149,1439.03
1972-12-29,Vanuatu,150,1438.22
1972-12-29,Cambodia,151,1437.86
1972-12-29,Central African Republic,152,1433.85
1972-12-29,Slovakia,153,1430.5
1972-12-29,Lesotho,154,1428.43
1972-12-29,Liberia,155,1421.12
1972-12-29,Gambia,156,1419.68
1972-12-29,Mauritania,157,1418.11
1972-12-29,Afghanistan,158,1416.88
1972-12-29,Djibouti,159,1411.73
1972-12-29,Fiji,160,1407.97
1972-12-29,Hong Kong,161,1406.19
1972-12-29,Solomon Islands,162,1401.04
1972-12-29,Pakistan,163,1398.47
1972-12-29,Western Australia,164,1395.97
1972-12-29,French Guiana,165,1395.79
1972-12-29,Yemen,166,1392.9
1972-12-29,Malta,167,1390.67
1972-12-29,Barbados,168,1388.79
1972-12-29,Norway,169,1386.72
1972-12-29,Albania,170,1385.08
1972-12-29,Jamaica,171,1384.32
1972-12-29,Dominica,172,1383.39
1972-12-29,Jordan,173,1382.37
1972-12-29,Niger,174,1377.56
1972-12-29,United States,175,1377.36
1972-12-29,Latvia,176,1375.75
1972-12-29,Lithuania,177,1374.41
1972-12-29,Singapore,178,1372.45
1972-12-29,Venezuela,179,1366.29
1972-12-29,Bermuda,180,1363.99
1972-12-29,Colombia,181,1361.75
1972-12-29,Qatar,182,1359.75
1972-12-29,Réunion,183,1349.86
1972-12-29,Finland,184,1348.97
1972-12-29,Ecuador,185,1342.55
1972-12-29,Guyana,186,1338.21
1972-12-29,Cuba,187,1334.85
1972-12-29,Panama,188,1325.1
1972-12-29,Cyprus,189,1320.01
1972-12-29,Iceland,190,1300.83
1972-12-29,Luxembourg,191,1284.05
1972-12-29,Laos,192,1281.12
1972-12-29,Puerto Rico,193,1280.35
1972-12-29,Philippines,194,1260.62
1972-12-29,Nicaragua,195,1260.48
1972-12-29,Sri Lanka,196,1253.62
1972-12-29,Zanzibar,197,1229.5
1972-12-29,Estonia,198,1220.66
1972-12-29,Alderney,199,1201.07
1973-12-30,Brazil,1,1878.81
1973-12-30,Germany,2,1847.32
1973-12-30,Italy,3,1818.26
1973-12-30,England,4,1768.18
1973-12-30,German DR,5,1742.63
1973-12-30,Yugoslavia,6,1731.86
1973-12-30,Sweden,7,1726.05
1973-12-30,Jersey,8,1715.7
1973-12-30,Argentina,9,1708.25
1973-12-30,Spain,10,1706.44
1973-12-30,Poland,11,1697.76
1973-12-30,Belgium,12,1694.14
1973-12-30,DR Congo,13,1689.97
1973-12-30,Netherlands,14,1683.03
1973-12-30,Nigeria,15,1682.0
1973-12-30,China,16,1678.09
1973-12-30,Bulgaria,17,1677.97
1973-12-30,Australia,18,1674.03
1973-12-30,Portugal,19,1671.8
1973-12-30,Mexico,20,1663.17
1973-12-30,South Korea,21,1658.32
1973-12-30,Russia,22,1658.06
1973-12-30,Chile,23,1653.65
1973-12-30,Hungary,24,1651.94
1973-12-30,Romania,25,1643.81
1973-12-30,Egypt,26,1635.48
1973-12-30,North Korea,27,1631.91
1973-12-30,Ivory Coast,28,1631.78
1973-12-30,Czechoslovakia,29,1626.66
1973-12-30,Costa Rica,30,1624.23
1973-12-30,Tunisia,31,1622.49
1973-12-30,South Africa,32,1622.06
1973-12-30,Suriname,33,1620.76
1973-12-30,Austria,34,1614.64
1973-12-30,Basque Country,35,1613.92
1973-12-30,Iran,36,1610.47
1973-12-30,Uganda,37,1608.82
1973-12-30,Myanmar,38,1607.98
1973-12-30,Uruguay,39,1606.7
1973-12-30,Iraq,40,1606.35
1973-12-30,Paraguay,41,1603.87
1973-12-30,France,42,1597.74
1973-12-30,Haiti,43,1596.53
1973-12-30,Israel,44,1595.77
1973-12-30,Algeria,45,1593.91
1973-12-30,Scotland,46,1591.3
1973-12-30,Trinidad and Tobago,47,1587.28
1973-12-30,Guinea,48,1587.05
1973-12-30,Morocco,49,1586.58
1973-12-30,Northern Ireland,50,1585.08
1973-12-30,Guernsey,51,1584.91
1973-12-30,Ghana,52,1577.87
1973-12-30,Malaysia,53,1574.32
1973-12-30,Switzerland,54,1572.88
1973-12-30,New Caledonia,55,1570.91
1973-12-30,Croatia,56,1569.19
1973-12-30,Turkey,57,1568.72
1973-12-30,Saint Vincent and the Grenadines,58,1565.09
1973-12-30,Mali,59,1559.82
1973-12-30,Grenada,60,1556.7
1973-12-30,Sudan,61,1554.86
1973-12-30,Peru,62,1550.99
1973-12-30,Tahiti,63,1548.97
1973-12-30,Guatemala,64,1544.25
1973-12-30,Cameroon,65,1543.68
1973-12-30,Kuwait,66,1542.54
1973-12-30,Syria,67,1536.91
1973-12-30,Congo,68,1527.89
1973-12-30,India,69,1520.91
1973-12-30,Zambia,70,1520.75
1973-12-30,Madagascar,71,1518.65
1973-12-30,New Zealand,72,1518.55
1973-12-30,Corsica,73,1518.41
1973-12-30,Asturias,74,1517.44
1973-12-30,Dominican Republic,75,1517.36
1973-12-30,Malawi,76,1516.68
1973-12-30,Ukraine,77,1516.67
1973-12-30,Togo,78,1515.12
1973-12-30,Honduras,79,1514.66
1973-12-30,Saudi Arabia,80,1514.12
1973-12-30,Brittany,81,1513.29
1973-12-30,Japan,82,1512.47
1973-12-30,Moldova,83,1509.93
1973-12-30,Guinea-Bissau,84,1508.54
1973-12-30,Kenya,85,1503.99
1973-12-30,Central Spain,86,1501.37
1973-12-30,Belarus,87,1499.22
1973-12-30,Martinique,88,1498.79
1973-12-30,Catalonia,89,1498.24
1973-12-30,Galicia,90,1496.46
1973-12-30,Vietnam,91,1496.43
1973-12-30,El Salvador,92,1495.22
1973-12-30,Silesia,93,1491.91
1973-12-30,Nepal,94,1491.15
1973-12-30,Wales,95,1486.06
1973-12-30,Serbia,96,1486.04
1973-12-30,Thailand,97,1485.52
1973-12-30,Bahamas,98,1485.24
1973-12-30,Andalusia,99,1484.74
1973-12-30,Benin,100,1484.63
1973-12-30,Kernow,101,1484.56
1973-12-30,Oman,102,1483.19
1973-12-30,Kyrgyzstan,103,1482.9
1973-12-30,Cape Verde,104,1482.44
1973-12-30,Eswatini,105,1481.85
1973-12-30,Senegal,106,1481.01
1973-12-30,Libya,107,1480.13
1973-12-30,Indonesia,108,1479.58
1973-12-30,Montenegro,109,1478.15
1973-12-30,Republic of Ireland,110,1478.1
1973-12-30,Botswana,111,1478.03
1973-12-30,Denmark,112,1477.62
1973-12-30,Macau,113,1473.65
1973-12-30,Guadeloupe,114,1471.73
1973-12-30,Greece,115,1468.58
1973-12-30,Papua New Guinea,116,1465.46
1973-12-30,Zimbabwe,117,1465.12
1973-12-30,Provence,118,1464.73
1973-12-30,Wallis Islands and Futuna,119,1463.85
1973-12-30,North Vietnam,120,1463.0
1973-12-30,Vietnam Republic,121,1462.81
1973-12-30,Bangladesh,122,1460.97
1973-12-30,Tanzania,123,1459.24
1973-12-30,Aruba,124,1458.92
1973-12-30,Hong Kong,125,1457.13
1973-12-30,Brunei,126,1455.37
1973-12-30,Saint Kitts and Nevis,127,1455.37
1973-12-30,Burundi,128,1455.18
1973-12-30,Sierra Leone,129,1452.75
1973-12-30,Faroe Islands,130,1451.89
1973-12-30,Manchukuo,131,1451.84
1973-12-30,Antigua and Barbuda,132,1451.78
1973-12-30,Taiwan,133,1450.1
1973-12-30,Saarland,134,1449.76
1973-12-30,Cook Islands,135,1449.74
1973-12-30,Central African Republic,136,1448.58
1973-12-30,Bahrain,137,1447.95
1973-12-30,Curaçao,138,1447.26
1973-12-30,Lebanon,139,1445.29
1973-12-30,Mongolia,140,1445.12
1973-12-30,Palestine,141,1445.1
1973-12-30,Saint Lucia,142,1444.34
1973-12-30,Gabon,143,1443.35
1973-12-30,Yemen DPR,144,1442.6
1973-12-30,Chad,145,1440.78
1973-12-30,Ethiopia,146,1439.72
1973-12-30,Canada,147,1439.5
1973-12-30,Gambia,148,1439.25
1973-12-30,United Arab Emirates,149,1436.13
1973-12-30,Bolivia,150,1434.83
1973-12-30,Mauritius,151,1433.11
1973-12-30,Dominica,152,1431.71
1973-12-30,Slovakia,153,1430.5
1973-12-30,Somalia,154,1423.17
1973-12-30,Liberia,155,1421.12
1973-12-30,Mauritania,156,1418.11
1973-12-30,Afghanistan,157,1416.88
1973-12-30,Lesotho,158,1415.0
1973-12-30,Djibouti,159,1411.73
1973-12-30,Vanuatu,160,1409.92
1973-12-30,Barbados,161,1405.59
1973-12-30,Malta,162,1404.25
1973-12-30,Cambodia,163,1403.67
1973-12-30,Colombia,164,1401.42
1973-12-30,Burkina Faso,165,1401.13
1973-12-30,Solomon Islands,166,1401.04
1973-12-30,Albania,167,1396.37
1973-12-30,Western Australia,168,1395.97
1973-12-30,French Guiana,169,1395.79
1973-12-30,Pakistan,170,1392.76
1973-12-30,Norway,171,1391.38
1973-12-30,Jordan,172,1382.37
1973-12-30,Niger,173,1377.56
1973-12-30,Latvia,174,1375.75
1973-12-30,Lithuania,175,1374.41
1973-12-30,Ecuador,176,1372.64
1973-12-30,United States,177,1372.39
1973-12-30,Guyana,178,1369.97
1973-12-30,Yemen,179,1368.99
1973-12-30,Jamaica,180,1367.17
1973-12-30,Venezuela,181,1366.29
1973-12-30,Bermuda,182,1365.37
1973-12-30,Fiji,183,1364.35
1973-12-30,Réunion,184,1353.79
1973-12-30,Qatar,185,1342.08
1973-12-30,Cuba,186,1334.85
1973-12-30,Finland,187,1334.32
1973-12-30,Panama,188,1332.68
1973-12-30,Cyprus,189,1329.76
1973-12-30,Singapore,190,1315.32
1973-12-30,Iceland,191,1295.66
1973-12-30,Puerto Rico,192,1280.35
1973-12-30,Laos,193,1276.45
1973-12-30,Luxembourg,194,1262.7
1973-12-30,Philippines,195,1260.62
1973-12-30,Sri Lanka,196,1253.62
1973-12-30,Nicaragua,197,1247.17
1973-12-30,Estonia,198,1220.66
1973-12-30,Zanzibar,199,1216.73
1973-12-30,Alderney,200,1199.38
1974-12-31,Germany,1,1882.76
1974-12-31,Brazil,2,1848.49
1974-12-31,Netherlands,3,1805.21
1974-12-31,England,4,1771.54
1974-12-31,Italy,5,1750.2
1974-12-31,Poland,6,1748.45
1974-12-31,Spain,7,1732.86
1974-12-31,German DR,8,1730.15
1974-12-31,Belgium,9,1720.8
1974-12-31,Yugoslavia,10,1711.58
1974-12-31,Argentina,11,1703.79
1974-12-31,Czechoslovakia,12,1695.12
1974-12-31,Jersey,13,1694.08
1974-12-31,Mexico,14,1681.45
1974-12-31,Austria,15,1674.88
1974-12-31,Iran,16,1672.97
1974-12-31,DR Congo,17,1671.11
1974-12-31,Egypt,18,1670.47
1974-12-31,Nigeria,19,1669.94
1974-12-31,Sweden,20,1665.95
1974-12-31,China,21,1661.68
1974-12-31,Morocco,22,1661.65
1974-12-31,Portugal,23,1660.26
1974-12-31,Hungary,24,1654.16
1974-12-31,Israel,25,1652.53
1974-12-31,Australia,26,1644.07
1974-12-31,Scotland,27,1643.77
1974-12-31,Chile,28,1643.19
1974-12-31,Russia,29,1636.56
1974-12-31,Romania,30,1635.54
1974-12-31,Bulgaria,31,1628.88
1974-12-31,Ghana,32,1626.11
1974-12-31,Costa Rica,33,1624.23
1974-12-31,South Africa,34,1622.06
1974-12-31,France,35,1621.07
1974-12-31,Basque Country,36,1613.92
1974-12-31,Guernsey,37,1609.68
1974-12-31,North Korea,38,1608.57
1974-12-31,Kuwait,39,1607.95
1974-12-31,Uruguay,40,1603.55
1974-12-31,Myanmar,41,1600.74
1974-12-31,South Korea,42,1600.25
1974-12-31,Tunisia,43,1596.16
1974-12-31,Iraq,44,1595.21
1974-12-31,Suriname,45,1594.39
1974-12-31,Zambia,46,1588.05
1974-12-31,Paraguay,47,1583.67
1974-12-31,New Caledonia,48,1583.52
1974-12-31,Grenada,49,1577.05
1974-12-31,Mali,50,1576.13
1974-12-31,Algeria,51,1576.05
1974-12-31,Trinidad and Tobago,52,1571.55
1974-12-31,Saint Vincent and the Grenadines,53,1570.63
1974-12-31,Turkey,54,1570.56
1974-12-31,Croatia,55,1569.19
1974-12-31,Northern Ireland,56,1568.29
1974-12-31,Ivory Coast,57,1566.31
1974-12-31,Guinea,58,1561.23
1974-12-31,Syria,59,1560.99
1974-12-31,Sudan,60,1559.3
1974-12-31,Congo,61,1554.13
1974-12-31,Peru,62,1550.99
1974-12-31,Uganda,63,1549.95
1974-12-31,Switzerland,64,1548.95
1974-12-31,Cameroon,65,1544.52
1974-12-31,Guatemala,66,1544.25
1974-12-31,Saudi Arabia,67,1541.9
1974-12-31,Tahiti,68,1536.36
1974-12-31,Malaysia,69,1534.28
1974-12-31,Japan,70,1533.48
1974-12-31,Haiti,71,1527.43
1974-12-31,Libya,72,1522.99
1974-12-31,Madagascar,73,1518.65
1974-12-31,New Zealand,74,1518.55
1974-12-31,Corsica,75,1518.41
1974-12-31,Greece,76,1517.79
1974-12-31,Asturias,77,1517.44
1974-12-31,Dominican Republic,78,1517.36
1974-12-31,Ukraine,79,1516.67
1974-12-31,Honduras,80,1514.66
1974-12-31,Republic of Ireland,81,1514.65
1974-12-31,Togo,82,1513.96
1974-12-31,Brittany,83,1513.29
1974-12-31,Wales,84,1510.55
1974-12-31,Moldova,85,1509.93
1974-12-31,Guinea-Bissau,86,1508.54
1974-12-31,Silesia,87,1505.77
1974-12-31,Central Spain,88,1501.37
1974-12-31,Benin,89,1501.12
1974-12-31,Belarus,90,1499.22
1974-12-31,Martinique,91,1498.79
1974-12-31,Catalonia,92,1498.24
1974-12-31,Galicia,93,1496.46
1974-12-31,Vietnam,94,1496.43
1974-12-31,Malawi,95,1494.53
1974-12-31,Seychelles,96,1494.26
1974-12-31,Denmark,97,1491.55
1974-12-31,Nepal,98,1491.15
1974-12-31,Hong Kong,99,1488.48
1974-12-31,Serbia,100,1486.04
1974-12-31,Bahamas,101,1485.24
1974-12-31,Andalusia,102,1484.74
1974-12-31,Kernow,103,1484.56
1974-12-31,Kyrgyzstan,104,1482.9
1974-12-31,Cape Verde,105,1482.44
1974-12-31,India,106,1482.37
1974-12-31,Eswatini,107,1481.85
1974-12-31,Montenegro,108,1478.15
1974-12-31,Botswana,109,1478.03
1974-12-31,Kenya,110,1474.61
1974-12-31,Senegal,111,1473.94
1974-12-31,Macau,112,1473.65
1974-12-31,El Salvador,113,1472.23
1974-12-31,Guadeloupe,114,1471.73
1974-12-31,Vietnam Republic,115,1469.55
1974-12-31,Taiwan,116,1465.5
1974-12-31,Papua New Guinea,117,1465.46
1974-12-31,Zimbabwe,118,1465.12
1974-12-31,Provence,119,1464.73
1974-12-31,Wallis Islands and Futuna,120,1463.85
1974-12-31,North Vietnam,121,1463.0
1974-12-31,Bangladesh,122,1460.97
1974-12-31,Aruba,123,1458.92
1974-12-31,Yemen DPR,124,1458.76
1974-12-31,Indonesia,125,1456.27
1974-12-31,Brunei,126,1455.37
1974-12-31,Saint Kitts and Nevis,127,1455.37
1974-12-31,Manchukuo,128,1451.84
1974-12-31,Antigua and Barbuda,129,1451.78
1974-12-31,Thailand,130,1450.94
1974-12-31,Burundi,131,1450.93
1974-12-31,Saarland,132,1449.76
1974-12-31,Cook Islands,133,1449.74
1974-12-31,Central African Republic,134,1448.58
1974-12-31,Curaçao,135,1447.26
1974-12-31,Sierra Leone,136,1445.88
1974-12-31,Mongolia,137,1445.12
1974-12-31,Gabon,138,1443.35
1974-12-31,Dominica,139,1442.52
1974-12-31,Tanzania,140,1442.23
1974-12-31,Chad,141,1440.78
1974-12-31,Mauritius,142,1440.02
1974-12-31,Palestine,143,1439.97
1974-12-31,Ethiopia,144,1439.72
1974-12-31,Bolivia,145,1434.83
1974-12-31,Lebanon,146,1434.79
1974-12-31,Slovakia,147,1430.5
1974-12-31,Oman,148,1430.33
1974-12-31,Faroe Islands,149,1429.14
1974-12-31,Canada,150,1427.52
1974-12-31,Gambia,151,1424.89
1974-12-31,Cambodia,152,1421.34
1974-12-31,Mauritania,153,1418.11
1974-12-31,Afghanistan,154,1416.88
1974-12-31,Lesotho,155,1415.0
1974-12-31,United Arab Emirates,156,1414.72
1974-12-31,Djibouti,157,1411.73
1974-12-31,Vanuatu,158,1409.92
1974-12-31,Jamaica,159,1409.49
1974-12-31,Saint Lucia,160,1407.64
1974-12-31,Barbados,161,1405.59
1974-12-31,Colombia,162,1401.42
1974-12-31,Burkina Faso,163,1401.13
1974-12-31,Solomon Islands,164,1401.04
1974-12-31,Liberia,165,1396.44
1974-12-31,Albania,166,1396.37
1974-12-31,Pakistan,167,1396.01
1974-12-31,Western Australia,168,1395.97
1974-12-31,Malta,169,1395.97
1974-12-31,French Guiana,170,1395.79
1974-12-31,Somalia,171,1386.81
1974-12-31,Bermuda,172,1386.45
1974-12-31,Bahrain,173,1385.73
1974-12-31,Norway,174,1379.48
1974-12-31,Niger,175,1377.56
1974-12-31,Réunion,176,1376.15
1974-12-31,Latvia,177,1375.75
1974-12-31,Jordan,178,1374.62
1974-12-31,Lithuania,179,1374.41
1974-12-31,Ecuador,180,1372.64
1974-12-31,Guyana,181,1369.97
1974-12-31,Panama,182,1368.25
1974-12-31,Venezuela,183,1366.29
1974-12-31,Fiji,184,1364.35
1974-12-31,United States,185,1362.94
1974-12-31,Finland,186,1348.13
1974-12-31,Qatar,187,1337.71
1974-12-31,Cuba,188,1334.85
1974-12-31,Yemen,189,1331.74
1974-12-31,Iceland,190,1321.85
1974-12-31,Singapore,191,1321.58
1974-12-31,Cyprus,192,1316.33
1974-12-31,Puerto Rico,193,1267.77
1974-12-31,Laos,194,1258.78
1974-12-31,Sri Lanka,195,1253.62
1974-12-31,Luxembourg,196,1253.49
1974-12-31,Nicaragua,197,1247.17
1974-12-31,Philippines,198,1246.67
1974-12-31,Zanzibar,199,1236.15
1974-12-31,Estonia,200,1220.66
1974-12-31,Alderney,201,1196.25
1975-12-30,Germany,1,1859.18
1975-12-30,Brazil,2,1858.78
1975-12-30,Poland,3,1782.78
1975-12-30,Netherlands,4,1772.29
1975-12-30,England,5,1769.47
1975-12-30,Italy,6,1754.08
1975-12-30,Egypt,7,1737.44
1975-12-30,Yugoslavia,8,1734.05
1975-12-30,German DR,9,1732.1
1975-12-30,Spain,10,1727.16
1975-12-30,Belgium,11,1720.91
1975-12-30,Czechoslovakia,12,1718.15
1975-12-30,Argentina,13,1712.04
1975-12-30,South Korea,14,1682.38
1975-12-30,Russia,15,1676.19
1975-12-30,Scotland,16,1676.13
1975-12-30,Jersey,17,1672.37
1975-12-30,Mexico,18,1671.85
1975-12-30,Israel,19,1670.23
1975-12-30,Sweden,20,1661.63
1975-12-30,Australia,21,1659.61
1975-12-30,Nigeria,22,1655.91
1975-12-30,Iran,23,1654.41
1975-12-30,Portugal,24,1653.65
1975-12-30,Hungary,25,1648.6
1975-12-30,Bulgaria,26,1647.71
1975-12-30,Romania,27,1647.22
1975-12-30,Iraq,28,1646.67
1975-12-30,Morocco,29,1641.85
1975-12-30,DR Congo,30,1640.28
1975-12-30,Ghana,31,1638.03
1975-12-30,Guernsey,32,1633.11
1975-12-30,Austria,33,1632.71
1975-12-30,China,34,1632.34
1975-12-30,North Korea,35,1628.32
1975-12-30,South Africa,36,1622.06
1975-12-30,Kuwait,37,1619.53
1975-12-30,Tunisia,38,1618.33
1975-12-30,Basque Country,39,1613.92
1975-12-30,France,40,1612.54
1975-12-30,Uruguay,41,1609.48
1975-12-30,Costa Rica,42,1606.73
1975-12-30,Peru,43,1605.02
1975-12-30,New Caledonia,44,1603.59
1975-12-30,Guinea,45,1601.63
1975-12-30,Sudan,46,1594.2
1975-12-30,Northern Ireland,47,1584.49
1975-12-30,Mali,48,1582.93
1975-12-30,Myanmar,49,1582.82
1975-12-30,Grenada,50,1577.05
1975-12-30,Chile,51,1574.76
1975-12-30,Tahiti,52,1574.0
1975-12-30,Trinidad and Tobago,53,1571.55
1975-12-30,Saint Vincent and the Grenadines,54,1570.63
1975-12-30,Croatia,55,1569.19
1975-12-30,Suriname,56,1565.42
1975-12-30,Turkey,57,1562.58
1975-12-30,Wales,58,1559.45
1975-12-30,Cameroon,59,1554.13
1975-12-30,Algeria,60,1550.68
1975-12-30,Zambia,61,1542.26
1975-12-30,New Zealand,62,1540.85
1975-12-30,Paraguay,63,1535.86
1975-12-30,Malaysia,64,1535.83
1975-12-30,Kenya,65,1532.73
1975-12-30,Malawi,66,1532.59
1975-12-30,Congo,67,1530.09
1975-12-30,Ivory Coast,68,1528.74
1975-12-30,Switzerland,69,1528.65
1975-12-30,Syria,70,1528.1
1975-12-30,Uganda,71,1528.09
1975-12-30,Greece,72,1527.34
1975-12-30,Martinique,73,1525.6
1975-12-30,Republic of Ireland,74,1524.57
1975-12-30,Senegal,75,1524.24
1975-12-30,Japan,76,1524.16
1975-12-30,Guinea-Bissau,77,1520.76
1975-12-30,Guatemala,78,1520.74
1975-12-30,Mozambique,79,1519.76
1975-12-30,Madagascar,80,1518.65
1975-12-30,Corsica,81,1518.41
1975-12-30,Asturias,82,1517.44
1975-12-30,Dominican Republic,83,1517.36
1975-12-30,Ukraine,84,1516.67
1975-12-30,Togo,85,1515.54
1975-12-30,Honduras,86,1514.66
1975-12-30,Brittany,87,1513.29
1975-12-30,Moldova,88,1509.93
1975-12-30,Silesia,89,1505.77
1975-12-30,Libya,90,1505.49
1975-12-30,Saudi Arabia,91,1504.56
1975-12-30,Haiti,92,1502.57
1975-12-30,Central Spain,93,1501.37
1975-12-30,Benin,94,1501.12
1975-12-30,Belarus,95,1499.22
1975-12-30,Catalonia,96,1498.24
1975-12-30,Galicia,97,1496.46
1975-12-30,Vietnam,98,1496.43
1975-12-30,Seychelles,99,1494.26
1975-12-30,Indonesia,100,1492.36
1975-12-30,Nepal,101,1491.15
1975-12-30,Equatorial Guinea,102,1490.95
1975-12-30,Macau,103,1488.05
1975-12-30,Serbia,104,1486.04
1975-12-30,Bahamas,105,1485.24
1975-12-30,Andalusia,106,1484.74
1975-12-30,Kernow,107,1484.56
1975-12-30,Kyrgyzstan,108,1482.9
1975-12-30,Hong Kong,109,1482.53
1975-12-30,Cape Verde,110,1482.44
1975-12-30,India,111,1482.37
1975-12-30,Colombia,112,1481.16
1975-12-30,Montenegro,113,1478.15
1975-12-30,Botswana,114,1478.03
1975-12-30,Denmark,115,1476.21
1975-12-30,El Salvador,116,1472.23
1975-12-30,Yemen DPR,117,1471.97
1975-12-30,Eswatini,118,1470.77
1975-12-30,Guadeloupe,119,1468.71
1975-12-30,Antigua and Barbuda,120,1466.73
1975-12-30,Taiwan,121,1465.5
1975-12-30,Zimbabwe,122,1465.12
1975-12-30,Provence,123,1464.73
1975-12-30,Wallis Islands and Futuna,124,1463.85
1975-12-30,North Vietnam,125,1463.0
1975-12-30,Aruba,126,1458.92
1975-12-30,Guam,127,1458.21
1975-12-30,Saint Kitts and Nevis,128,1455.37
1975-12-30,Manchukuo,129,1451.84
1975-12-30,Thailand,130,1451.56
1975-12-30,Saarland,131,1449.76
1975-12-30,Cook Islands,132,1449.74
1975-12-30,Brunei,133,1448.6
1975-12-30,Central African Republic,134,1448.58
1975-12-30,Curaçao,135,1447.26
1975-12-30,Sierra Leone,136,1445.88
1975-12-30,Mongolia,137,1445.12
1975-12-30,Gabon,138,1443.35
1975-12-30,Dominica,139,1442.52
1975-12-30,Chad,140,1440.78
1975-12-30,Burundi,141,1437.26
1975-12-30,Palestine,142,1436.23
1975-12-30,Tanzania,143,1434.46
1975-12-30,Slovakia,144,1430.5
1975-12-30,Oman,145,1430.33
1975-12-30,Solomon Islands,146,1425.94
1975-12-30,Papua New Guinea,147,1425.68
1975-12-30,Bolivia,148,1425.55
1975-12-30,Jamaica,149,1425.37
1975-12-30,Lebanon,150,1425.12
1975-12-30,Ethiopia,151,1424.25
1975-12-30,Cambodia,152,1421.34
1975-12-30,Mauritania,153,1418.11
1975-12-30,Vietnam Republic,154,1416.37
1975-12-30,Lesotho,155,1415.0
1975-12-30,Barbados,156,1414.07
1975-12-30,Mauritius,157,1413.99
1975-12-30,Liberia,158,1412.91
1975-12-30,Gambia,159,1412.67
1975-12-30,Djibouti,160,1411.73
1975-12-30,Faroe Islands,161,1410.08
1975-12-30,Vanuatu,162,1408.81
1975-12-30,Burkina Faso,163,1408.69
1975-12-30,Saint Lucia,164,1407.64
1975-12-30,United Arab Emirates,165,1400.29
1975-12-30,Albania,166,1396.37
1975-12-30,Pakistan,167,1396.01
1975-12-30,Western Australia,168,1395.97
1975-12-30,Bangladesh,169,1395.13
1975-12-30,Malta,170,1392.45
1975-12-30,Cuba,171,1391.82
1975-12-30,Canada,172,1390.1
1975-12-30,Somalia,173,1386.81
1975-12-30,Bahrain,174,1385.73
1975-12-30,French Guiana,175,1385.07
1975-12-30,Panama,176,1378.9
1975-12-30,Réunion,177,1376.15
1975-12-30,Latvia,178,1375.75
1975-12-30,Jordan,179,1374.62
1975-12-30,Lithuania,180,1374.41
1975-12-30,Iceland,181,1370.7
1975-12-30,Bermuda,182,1370.57
1975-12-30,Guyana,183,1369.97
1975-12-30,Norway,184,1368.36
1975-12-30,Qatar,185,1365.3
1975-12-30,Afghanistan,186,1364.18
1975-12-30,Ecuador,187,1361.12
1975-12-30,Fiji,188,1358.69
1975-12-30,Venezuela,189,1355.59
1975-12-30,Singapore,190,1353.29
1975-12-30,Niger,191,1348.69
1975-12-30,United States,192,1340.29
1975-12-30,Finland,193,1332.72
1975-12-30,Yemen,194,1331.74
1975-12-30,Cyprus,195,1290.83
1975-12-30,Puerto Rico,196,1260.21
1975-12-30,Laos,197,1258.78
1975-12-30,Sri Lanka,198,1253.62
1975-12-30,Nicaragua,199,1247.17
1975-12-30,Philippines,200,1246.67
1975-12-30,Luxembourg,201,1239.91
1975-12-30,Estonia,202,1220.66
1975-12-30,Zanzibar,203,1217.02
1975-12-30,Alderney,204,1194.52
1976-12-29,Brazil,1,1916.02
1976-12-29,Germany,2,1885.34
1976-12-29,Netherlands,3,1784.99
1976-12-29,Italy,4,1766.04
1976-12-29,England,5,1756.67
1976-12-29,Czechoslovakia,6,1755.54
1976-12-29,Argentina,7,1750.16
1976-12-29,German DR,8,1740.18
1976-12-29,Spain,9,1736.75
1976-12-29,Scotland,10,1724.26
1976-12-29,Hungary,11,1716.88
1976-12-29,Morocco,12,1711.67
1976-12-29,Belgium,13,1709.55
1976-12-29,Iran,14,1703.24
1976-12-29,South Korea,15,1688.22
1976-12-29,Poland,16,1687.11
1976-12-29,Jersey,17,1686.67
1976-12-29,Egypt,18,1684.15
1976-12-29,Kuwait,19,1679.69
1976-12-29,Yugoslavia,20,1671.16
1976-12-29,Australia,21,1668.75
1976-12-29,Portugal,22,1665.04
1976-12-29,Nigeria,23,1663.31
1976-12-29,Russia,24,1657.91
1976-12-29,Austria,25,1654.95
1976-12-29,Tunisia,26,1649.74
1976-12-29,Guinea,27,1645.79
1976-12-29,Israel,28,1639.04
1976-12-29,France,29,1636.7
1976-12-29,Romania,30,1636.21
1976-12-29,Sweden,31,1633.35
1976-12-29,Bulgaria,32,1631.21
1976-12-29,Ghana,33,1627.43
1976-12-29,China,34,1626.07
1976-12-29,Iraq,35,1623.49
1976-12-29,Mexico,36,1623.07
1976-12-29,South Africa,37,1622.06
1976-12-29,Guernsey,38,1621.18
1976-12-29,New Caledonia,39,1616.77
1976-12-29,Basque Country,40,1613.92
1976-12-29,Malaysia,41,1613.29
1976-12-29,Mali,42,1613.25
1976-12-29,North Korea,43,1613.09
1976-12-29,Zambia,44,1604.4
1976-12-29,DR Congo,45,1602.93
1976-12-29,Peru,46,1582.34
1976-12-29,Congo,47,1581.01
1976-12-29,Uganda,48,1578.57
1976-12-29,Grenada,49,1577.05
1976-12-29,Tahiti,50,1574.0
1976-12-29,Saint Vincent and the Grenadines,51,1570.63
1976-12-29,Suriname,52,1569.25
1976-12-29,Croatia,53,1569.19
1976-12-29,Myanmar,54,1568.77
1976-12-29,Sudan,55,1567.78
1976-12-29,Turkey,56,1565.75
1976-12-29,Chile,57,1564.49
1976-12-29,Uruguay,58,1564.47
1976-12-29,Paraguay,59,1564.39
1976-12-29,Costa Rica,60,1562.82
1976-12-29,Ivory Coast,61,1559.89
1976-12-29,Guatemala,62,1558.43
1976-12-29,Cameroon,63,1556.04
1976-12-29,Republic of Ireland,64,1551.52
1976-12-29,Trinidad and Tobago,65,1551.5
1976-12-29,Martinique,66,1551.22
1976-12-29,Northern Ireland,67,1550.55
1976-12-29,Wales,68,1539.55
1976-12-29,Haiti,69,1537.36
1976-12-29,Greece,70,1534.77
1976-12-29,New Zealand,71,1528.42
1976-12-29,Algeria,72,1524.54
1976-12-29,Kenya,73,1524.15
1976-12-29,Malawi,74,1522.81
1976-12-29,Syria,75,1522.12
1976-12-29,Denmark,76,1521.87
1976-12-29,Japan,77,1521.75
1976-12-29,Togo,78,1520.99
1976-12-29,Mozambique,79,1519.76
1976-12-29,Madagascar,80,1518.65
1976-12-29,Corsica,81,1518.41
1976-12-29,Asturias,82,1517.44
1976-12-29,Ukraine,83,1516.67
1976-12-29,Honduras,84,1514.66
1976-12-29,Brittany,85,1513.29
1976-12-29,Moldova,86,1509.93
1976-12-29,Senegal,87,1506.03
1976-12-29,Silesia,88,1505.77
1976-12-29,Catalonia,89,1504.85
1976-12-29,Guinea-Bissau,90,1504.1
1976-12-29,Montenegro,91,1502.39
1976-12-29,Central Spain,92,1501.37
1976-12-29,Benin,93,1501.12
1976-12-29,Belarus,94,1499.22
1976-12-29,Galicia,95,1496.46
1976-12-29,Vietnam,96,1496.43
1976-12-29,Thailand,97,1493.11
1976-12-29,Nepal,98,1491.15
1976-12-29,Equatorial Guinea,99,1490.95
1976-12-29,Rwanda,100,1488.52
1976-12-29,Hong Kong,101,1488.25
1976-12-29,Angola,102,1488.09
1976-12-29,Macau,103,1488.05
1976-12-29,Serbia,104,1486.04
1976-12-29,Dominican Republic,105,1485.53
1976-12-29,Bahamas,106,1485.24
1976-12-29,Andalusia,107,1484.74
1976-12-29,Kernow,108,1484.56
1976-12-29,Kyrgyzstan,109,1482.9
1976-12-29,Cape Verde,110,1482.44
1976-12-29,El Salvador,111,1481.95
1976-12-29,Switzerland,112,1473.38
1976-12-29,Chad,113,1471.53
1976-12-29,Eswatini,114,1470.77
1976-12-29,Colombia,115,1468.72
1976-12-29,São Tomé and Príncipe,116,1467.82
1976-12-29,Antigua and Barbuda,117,1466.73
1976-12-29,Taiwan,118,1465.5
1976-12-29,Zimbabwe,119,1465.12
1976-12-29,Provence,120,1464.73
1976-12-29,Libya,121,1464.58
1976-12-29,Wallis Islands and Futuna,122,1463.85
1976-12-29,North Vietnam,123,1463.0
1976-12-29,Seychelles,124,1460.04
1976-12-29,Aruba,125,1458.92
1976-12-29,Guam,126,1458.21
1976-12-29,Saint Kitts and Nevis,127,1455.37
1976-12-29,Yemen DPR,128,1455.29
1976-12-29,Manchukuo,129,1451.84
1976-12-29,Gabon,130,1451.46
1976-12-29,Saarland,131,1449.76
1976-12-29,Cook Islands,132,1449.74
1976-12-29,Brunei,133,1448.6
1976-12-29,Central African Republic,134,1448.58
1976-12-29,Saudi Arabia,135,1448.33
1976-12-29,Sierra Leone,136,1447.68
1976-12-29,Mongolia,137,1445.12
1976-12-29,Guadeloupe,138,1443.09
1976-12-29,Dominica,139,1442.52
1976-12-29,Tanzania,140,1442.52
1976-12-29,Botswana,141,1440.28
1976-12-29,Qatar,142,1437.17
1976-12-29,Palestine,143,1436.23
1976-12-29,Ethiopia,144,1435.56
1976-12-29,Slovakia,145,1430.5
1976-12-29,Cuba,146,1427.84
1976-12-29,Solomon Islands,147,1425.94
1976-12-29,Papua New Guinea,148,1425.68
1976-12-29,Bolivia,149,1425.55
1976-12-29,Lebanon,150,1425.12
1976-12-29,Curaçao,151,1424.15
1976-12-29,Gambia,152,1423.98
1976-12-29,Cambodia,153,1421.34
1976-12-29,Canada,154,1419.96
1976-12-29,Mauritius,155,1419.58
1976-12-29,Albania,156,1418.29
1976-12-29,Indonesia,157,1417.27
1976-12-29,Vietnam Republic,158,1416.37
1976-12-29,Barbados,159,1415.72
1976-12-29,India,160,1411.94
1976-12-29,Djibouti,161,1411.73
1976-12-29,Burkina Faso,162,1409.9
1976-12-29,Bahrain,163,1408.91
1976-12-29,Vanuatu,164,1408.81
1976-12-29,Saint Lucia,165,1407.64
1976-12-29,Burundi,166,1404.47
1976-12-29,Lesotho,167,1404.21
1976-12-29,Pakistan,168,1399.32
1976-12-29,Liberia,169,1398.37
1976-12-29,Western Australia,170,1395.97
1976-12-29,Faroe Islands,171,1392.98
1976-12-29,Jamaica,172,1391.07
1976-12-29,Malta,173,1390.74
1976-12-29,Finland,174,1388.69
1976-12-29,Norway,175,1388.58
1976-12-29,Bangladesh,176,1387.88
1976-12-29,Iceland,177,1386.78
1976-12-29,French Guiana,178,1385.07
1976-12-29,Guyana,179,1384.52
1976-12-29,Mauritania,180,1383.75
1976-12-29,Latvia,181,1375.75
1976-12-29,Jordan,182,1374.62
1976-12-29,United States,183,1374.61
1976-12-29,Lithuania,184,1374.41
1976-12-29,Réunion,185,1373.88
1976-12-29,Bermuda,186,1370.57
1976-12-29,Oman,187,1370.19
1976-12-29,Afghanistan,188,1369.83
1976-12-29,Ecuador,189,1369.8
1976-12-29,United Arab Emirates,190,1361.53
1976-12-29,Fiji,191,1358.69
1976-12-29,Niger,192,1358.39
1976-12-29,Venezuela,193,1355.59
1976-12-29,Panama,194,1353.63
1976-12-29,Singapore,195,1343.06
1976-12-29,Somalia,196,1341.97
1976-12-29,Yemen,197,1331.74
1976-12-29,Cyprus,198,1271.53
1976-12-29,Puerto Rico,199,1260.21
1976-12-29,Laos,200,1258.78
1976-12-29,Sri Lanka,201,1253.62
1976-12-29,Nicaragua,202,1247.17
1976-12-29,Philippines,203,1246.67
1976-12-29,Zanzibar,204,1237.46
1976-12-29,Estonia,205,1220.66
1976-12-29,Luxembourg,206,1219.53
1976-12-29,Alderney,207,1192.15
1977-12-25,Brazil,1,1897.0
1977-12-25,Germany,2,1883.59
1977-12-25,Netherlands,3,1823.92
1977-12-25,German DR,4,1770.13
1977-12-25,Italy,5,1768.39
1977-12-25,Argentina,6,1762.7
1977-12-25,Hungary,7,1760.54
1977-12-25,Scotland,8,1757.72
1977-12-25,Spain,9,1754.38
1977-12-25,South Korea,10,1751.11
1977-12-25,Iran,11,1743.3
1977-12-25,England,12,1726.04
1977-12-25,Austria,13,1713.37
1977-12-25,Mexico,14,1704.19
1977-12-25,Jersey,15,1701.37
1977-12-25,Kuwait,16,1699.43
1977-12-25,France,17,1692.2
1977-12-25,Czechoslovakia,18,1689.19
1977-12-25,Russia,19,1686.52
1977-12-25,Portugal,20,1684.66
1977-12-25,Poland,21,1675.01
1977-12-25,Egypt,22,1670.78
1977-12-25,Romania,23,1667.48
1977-12-25,Morocco,24,1666.37
1977-12-25,Guinea,25,1663.86
1977-12-25,Nigeria,26,1663.3
1977-12-25,Tunisia,27,1655.57
1977-12-25,Australia,28,1649.58
1977-12-25,Iraq,29,1646.9
1977-12-25,Belgium,30,1645.23
1977-12-25,Israel,31,1640.65
1977-12-25,Malaysia,32,1634.36
1977-12-25,Ghana,33,1626.01
1977-12-25,Yugoslavia,34,1625.37
1977-12-25,Mali,35,1624.38
1977-12-25,South Africa,36,1623.83
1977-12-25,Bulgaria,37,1622.12
1977-12-25,Uganda,38,1617.55
1977-12-25,China,39,1614.63
1977-12-25,Basque Country,40,1613.92
1977-12-25,North Korea,41,1613.09
1977-12-25,DR Congo,42,1609.46
1977-12-25,Guernsey,43,1608.24
1977-12-25,Zambia,44,1606.87
1977-12-25,Peru,45,1603.13
1977-12-25,Ivory Coast,46,1597.97
1977-12-25,Wales,47,1591.72
1977-12-25,Sweden,48,1579.93
1977-12-25,New Caledonia,49,1578.57
1977-12-25,New Zealand,50,1578.5
1977-12-25,Paraguay,51,1578.14
1977-12-25,Martinique,52,1577.2
1977-12-25,Grenada,53,1577.05
1977-12-25,Tahiti,54,1574.0
1977-12-25,Saint Vincent and the Grenadines,55,1570.63
1977-12-25,Croatia,56,1569.19
1977-12-25,Senegal,57,1568.75
1977-12-25,Sudan,58,1567.78
1977-12-25,Uruguay,59,1564.37
1977-12-25,Costa Rica,60,1562.82
1977-12-25,Haiti,61,1560.55
1977-12-25,Republic of Ireland,62,1560.31
1977-12-25,Malawi,63,1558.56
1977-12-25,Myanmar,64,1557.29
1977-12-25,Cameroon,65,1554.21
1977-12-25,Congo,66,1551.43
1977-12-25,Chile,67,1546.15
1977-12-25,Algeria,68,1544.69
1977-12-25,Northern Ireland,69,1539.95
1977-12-25,Guatemala,70,1537.56
1977-12-25,Greece,71,1529.72
1977-12-25,Denmark,72,1528.37
1977-12-25,Honduras,73,1523.43
1977-12-25,Turkey,74,1520.61
1977-12-25,Madagascar,75,1518.65
1977-12-25,Corsica,76,1518.41
1977-12-25,Asturias,77,1517.44
1977-12-25,Ukraine,78,1516.67
1977-12-25,Trinidad and Tobago,79,1515.73
1977-12-25,Brittany,80,1513.29
1977-12-25,Moldova,81,1509.93
1977-12-25,Syria,82,1506.33
1977-12-25,Silesia,83,1505.77
1977-12-25,Catalonia,84,1504.85
1977-12-25,Hong Kong,85,1503.79
1977-12-25,Montenegro,86,1502.39
1977-12-25,Central Spain,87,1501.37
1977-12-25,Suriname,88,1500.49
1977-12-25,Belarus,89,1499.22
1977-12-25,Switzerland,90,1498.0
1977-12-25,Galicia,91,1496.46
1977-12-25,Vietnam,92,1496.43
1977-12-25,Guinea-Bissau,93,1492.96
1977-12-25,Japan,94,1492.81
1977-12-25,Kenya,95,1492.25
1977-12-25,Benin,96,1492.09
1977-12-25,Nepal,97,1491.15
1977-12-25,Equatorial Guinea,98,1490.95
1977-12-25,Rwanda,99,1488.52
1977-12-25,Angola,100,1488.09
1977-12-25,Northern Cyprus,101,1486.99
1977-12-25,Serbia,102,1486.04
1977-12-25,Dominican Republic,103,1485.53
1977-12-25,Bahamas,104,1485.24
1977-12-25,Andalusia,105,1484.74
1977-12-25,Kernow,106,1484.56
1977-12-25,Kyrgyzstan,107,1482.9
1977-12-25,Cape Verde,108,1482.44
1977-12-25,Mozambique,109,1480.97
1977-12-25,Libya,110,1478.8
1977-12-25,El Salvador,111,1474.24
1977-12-25,Macau,112,1473.67
1977-12-25,Chad,113,1471.53
1977-12-25,Eswatini,114,1470.77
1977-12-25,São Tomé and Príncipe,115,1467.82
1977-12-25,Antigua and Barbuda,116,1466.73
1977-12-25,Provence,117,1464.73
1977-12-25,Wallis Islands and Futuna,118,1463.85
1977-12-25,Zimbabwe,119,1463.35
1977-12-25,North Vietnam,120,1463.0
1977-12-25,Thailand,121,1459.0
1977-12-25,Aruba,122,1458.92
1977-12-25,Ethiopia,123,1458.78
1977-12-25,Guam,124,1458.21
1977-12-25,Saint Kitts and Nevis,125,1455.37
1977-12-25,Yemen DPR,126,1455.29
1977-12-25,Canada,127,1453.76
1977-12-25,Togo,128,1453.58
1977-12-25,Manchukuo,129,1451.84
1977-12-25,Saarland,130,1449.76
1977-12-25,Cook Islands,131,1449.74
1977-12-25,Central African Republic,132,1448.58
1977-12-25,Cuba,133,1447.49
1977-12-25,Mongolia,134,1445.12
1977-12-25,Tanzania,135,1444.89
1977-12-25,Bolivia,136,1444.41
1977-12-25,Dominica,137,1442.52
1977-12-25,Qatar,138,1441.91
1977-12-25,Mauritius,139,1441.31
1977-12-25,Sierra Leone,140,1440.5
1977-12-25,Gabon,141,1439.44
1977-12-25,United States,142,1438.38
1977-12-25,Saudi Arabia,143,1436.48
1977-12-25,Palestine,144,1436.23
1977-12-25,Slovakia,145,1430.5
1977-12-25,Taiwan,146,1429.79
1977-12-25,Colombia,147,1429.44
1977-12-25,Solomon Islands,148,1425.94
1977-12-25,Papua New Guinea,149,1425.68
1977-12-25,Lebanon,150,1425.12
1977-12-25,Curaçao,151,1424.15
1977-12-25,Seychelles,152,1422.62
1977-12-25,Guadeloupe,153,1421.65
1977-12-25,Cambodia,154,1421.34
1977-12-25,Indonesia,155,1420.32
1977-12-25,Albania,156,1418.29
1977-12-25,Vietnam Republic,157,1416.37
1977-12-25,Guyana,158,1414.81
1977-12-25,Gambia,159,1412.37
1977-12-25,Djibouti,160,1411.73
1977-12-25,Vanuatu,161,1408.81
1977-12-25,Botswana,162,1407.76
1977-12-25,Saint Lucia,163,1407.64
1977-12-25,Burundi,164,1404.47
1977-12-25,Bahrain,165,1402.3
1977-12-25,Brunei,166,1401.06
1977-12-25,Barbados,167,1400.5
1977-12-25,India,168,1400.41
1977-12-25,Pakistan,169,1399.32
1977-12-25,Liberia,170,1398.37
1977-12-25,Western Australia,171,1395.97
1977-12-25,Iceland,172,1395.69
1977-12-25,Ecuador,173,1395.02
1977-12-25,Burkina Faso,174,1393.84
1977-12-25,Faroe Islands,175,1392.98
1977-12-25,Bangladesh,176,1387.88
1977-12-25,Finland,177,1387.03
1977-12-25,Fiji,178,1386.34
1977-12-25,French Guiana,179,1385.07
1977-12-25,Lesotho,180,1384.04
1977-12-25,Réunion,181,1379.25
1977-12-25,Jamaica,182,1376.78
1977-12-25,Latvia,183,1375.75
1977-12-25,Mauritania,184,1374.94
1977-12-25,Norway,185,1374.73
1977-12-25,Jordan,186,1374.62
1977-12-25,Lithuania,187,1374.41
1977-12-25,Malta,188,1372.78
1977-12-25,Bermuda,189,1370.57
1977-12-25,Oman,190,1370.19
1977-12-25,United Arab Emirates,191,1361.53
1977-12-25,Niger,192,1358.39
1977-12-25,Afghanistan,193,1355.76
1977-12-25,Somalia,194,1353.14
1977-12-25,Venezuela,195,1349.27
1977-12-25,Panama,196,1336.6
1977-12-25,Yemen,197,1331.74
1977-12-25,Singapore,198,1314.13
1977-12-25,Philippines,199,1274.75
1977-12-25,Laos,200,1258.78
1977-12-25,Puerto Rico,201,1255.67
1977-12-25,Cyprus,202,1254.96
1977-12-25,Sri Lanka,203,1253.62
1977-12-25,Nicaragua,204,1247.17
1977-12-25,Estonia,205,1220.66
1977-12-25,Zanzibar,206,1217.4
1977-12-25,Luxembourg,207,1207.09
1977-12-25,Alderney,208,1190.39
1978-12-29,Brazil,1,1913.01
1978-12-29,Germany,2,1843.83
1978-12-29,South Korea,3,1843.81
1978-12-29,Netherlands,4,1838.34
1978-12-29,Argentina,5,1837.34
1978-12-29,Italy,6,1789.87
1978-12-29,England,7,1785.88
1978-12-29,Spain,8,1762.81
1978-12-29,France,9,1759.12
1978-12-29,German DR,10,1745.11
1978-12-29,Russia,11,1739.48
1978-12-29,Poland,12,1726.37
1978-12-29,Austria,13,1712.47
1978-12-29,Portugal,14,1710.45
1978-12-29,Scotland,15,1705.33
1978-12-29,Hungary,16,1686.01
1978-12-29,Kuwait,17,1684.56
1978-12-29,Egypt,18,1684.39
1978-12-29,Jersey,19,1681.29
1978-12-29,Ghana,20,1676.9
1978-12-29,Czechoslovakia,21,1673.64
1978-12-29,Iraq,22,1672.15
1978-12-29,Iran,23,1669.38
1978-12-29,Guinea,24,1663.86
1978-12-29,Israel,25,1659.12
1978-12-29,North Korea,26,1658.3
1978-12-29,China,27,1658.15
1978-12-29,Nigeria,28,1655.71
1978-12-29,Morocco,29,1650.51
1978-12-29,Mexico,30,1650.03
1978-12-29,Romania,31,1648.42
1978-12-29,Belgium,32,1640.93
1978-12-29,Wales,33,1638.78
1978-12-29,Peru,34,1638.33
1978-12-29,Zambia,35,1632.93
1978-12-29,Guernsey,36,1630.96
1978-12-29,Yugoslavia,37,1625.81
1978-12-29,South Africa,38,1623.83
1978-12-29,Basque Country,39,1617.89
1978-12-29,Tunisia,40,1617.78
1978-12-29,Algeria,41,1615.72
1978-12-29,DR Congo,42,1609.46
1978-12-29,Australia,43,1606.49
1978-12-29,Sweden,44,1598.38
1978-12-29,Sudan,45,1595.03
1978-12-29,Uganda,46,1590.92
1978-12-29,Uruguay,47,1590.03
1978-12-29,Malawi,48,1587.36
1978-12-29,Mali,49,1586.43
1978-12-29,New Zealand,50,1585.89
1978-12-29,Suriname,51,1584.67
1978-12-29,Tahiti,52,1584.01
1978-12-29,Ivory Coast,53,1583.59
1978-12-29,Malaysia,54,1581.35
1978-12-29,Paraguay,55,1578.14
1978-12-29,New Caledonia,56,1577.48
1978-12-29,Grenada,57,1576.72
1978-12-29,Greece,58,1576.15
1978-12-29,Saint Vincent and the Grenadines,59,1570.63
1978-12-29,Croatia,60,1569.19
1978-12-29,Senegal,61,1568.75
1978-12-29,Bulgaria,62,1566.95
1978-12-29,Northern Ireland,63,1563.56
1978-12-29,Costa Rica,64,1562.82
1978-12-29,Republic of Ireland,65,1562.07
1978-12-29,Cameroon,66,1552.39
1978-12-29,Haiti,67,1546.8
1978-12-29,Chile,68,1546.15
1978-12-29,Guatemala,69,1537.56
1978-12-29,Martinique,70,1534.41
1978-12-29,Trinidad and Tobago,71,1524.73
1978-12-29,Myanmar,72,1524.15
1978-12-29,Madagascar,73,1523.6
1978-12-29,Honduras,74,1523.43
1978-12-29,Denmark,75,1522.98
1978-12-29,Corsica,76,1518.41
1978-12-29,Hong Kong,77,1518.41
1978-12-29,Asturias,78,1517.44
1978-12-29,Ukraine,79,1516.67
1978-12-29,Brittany,80,1513.29
1978-12-29,Libya,81,1510.04
1978-12-29,Moldova,82,1509.93
1978-12-29,Silesia,83,1505.77
1978-12-29,Mozambique,84,1505.23
1978-12-29,Catalonia,85,1504.85
1978-12-29,Montenegro,86,1502.39
1978-12-29,Central Spain,87,1501.37
1978-12-29,Belarus,88,1499.22
1978-12-29,Congo,89,1497.08
1978-12-29,Galicia,90,1496.46
1978-12-29,Vietnam,91,1496.43
1978-12-29,Guinea-Bissau,92,1492.96
1978-12-29,Nepal,93,1491.15
1978-12-29,Equatorial Guinea,94,1490.95
1978-12-29,Turkey,95,1489.92
1978-12-29,Rwanda,96,1488.52
1978-12-29,Switzerland,97,1487.6
1978-12-29,Angola,98,1487.16
1978-12-29,Northern Cyprus,99,1486.99
1978-12-29,Serbia,100,1486.04
1978-12-29,Thailand,101,1485.99
1978-12-29,Dominican Republic,102,1485.53
1978-12-29,Bahamas,103,1485.24
1978-12-29,Andalusia,104,1484.74
1978-12-29,Kernow,105,1484.56
1978-12-29,Kyrgyzstan,106,1482.9
1978-12-29,Cape Verde,107,1482.44
1978-12-29,Kenya,108,1472.8
1978-12-29,Chad,109,1471.53
1978-12-29,Guadeloupe,110,1469.48
1978-12-29,São Tomé and Príncipe,111,1468.75
1978-12-29,Japan,112,1468.35
1978-12-29,El Salvador,113,1467.52
1978-12-29,Provence,114,1464.73
1978-12-29,Tanzania,115,1464.42
1978-12-29,Wallis Islands and Futuna,116,1463.85
1978-12-29,Zimbabwe,117,1463.35
1978-12-29,North Vietnam,118,1463.0
1978-12-29,Aruba,119,1458.92
1978-12-29,Ethiopia,120,1458.78
1978-12-29,Guam,121,1458.21
1978-12-29,Saint Kitts and Nevis,122,1455.37
1978-12-29,Canada,123,1453.76
1978-12-29,Togo,124,1453.58
1978-12-29,Benin,125,1453.1
1978-12-29,Manchukuo,126,1451.84
1978-12-29,Saarland,127,1449.76
1978-12-29,Cook Islands,128,1449.74
1978-12-29,Central African Republic,129,1448.58
1978-12-29,Macau,130,1448.11
1978-12-29,Cuba,131,1447.49
1978-12-29,Mongolia,132,1445.12
1978-12-29,Mauritius,133,1444.91
1978-12-29,Bolivia,134,1444.41
1978-12-29,Eswatini,135,1443.93
1978-12-29,Dominica,136,1442.52
1978-12-29,Yemen DPR,137,1441.15
1978-12-29,Saudi Arabia,138,1438.8
1978-12-29,Burkina Faso,139,1436.74
1978-12-29,Palestine,140,1436.23
1978-12-29,Gabon,141,1431.68
1978-12-29,Slovakia,142,1430.5
1978-12-29,Taiwan,143,1429.79
1978-12-29,Colombia,144,1429.44
1978-12-29,Syria,145,1427.79
1978-12-29,Indonesia,146,1426.67
1978-12-29,Qatar,147,1426.49
1978-12-29,Solomon Islands,148,1425.94
1978-12-29,Papua New Guinea,149,1425.68
1978-12-29,Cambodia,150,1421.34
1978-12-29,Sierra Leone,151,1419.11
1978-12-29,French Guiana,152,1418.78
1978-12-29,Albania,153,1418.29
1978-12-29,Lebanon,154,1418.02
1978-12-29,Curaçao,155,1417.07
1978-12-29,United States,156,1416.64
1978-12-29,Vietnam Republic,157,1416.37
1978-12-29,Barbados,158,1413.99
1978-12-29,Djibouti,159,1411.73
1978-12-29,Antigua and Barbuda,160,1409.86
1978-12-29,Saint Lucia,161,1407.64
1978-12-29,Seychelles,162,1407.49
1978-12-29,Gambia,163,1405.13
1978-12-29,Finland,164,1404.66
1978-12-29,Burundi,165,1404.47
1978-12-29,Brunei,166,1401.06
1978-12-29,Vanuatu,167,1399.89
1978-12-29,Pakistan,168,1399.32
1978-12-29,Liberia,169,1398.37
1978-12-29,Western Australia,170,1395.97
1978-12-29,Ecuador,171,1395.02
1978-12-29,Iceland,172,1393.1
1978-12-29,Faroe Islands,173,1392.98
1978-12-29,India,174,1391.9
1978-12-29,Fiji,175,1386.34
1978-12-29,Réunion,176,1384.48
1978-12-29,Botswana,177,1383.5
1978-12-29,Latvia,178,1375.75
1978-12-29,Mauritania,179,1374.94
1978-12-29,Jordan,180,1374.62
1978-12-29,Lithuania,181,1374.41
1978-12-29,Norway,182,1374.21
1978-12-29,Bahrain,183,1371.56
1978-12-29,Bermuda,184,1370.57
1978-12-29,Oman,185,1370.19
1978-12-29,Lesotho,186,1367.91
1978-12-29,Bangladesh,187,1365.73
1978-12-29,Singapore,188,1362.29
1978-12-29,United Arab Emirates,189,1361.53
1978-12-29,Niger,190,1358.39
1978-12-29,Malta,191,1356.14
1978-12-29,Afghanistan,192,1355.76
1978-12-29,Jamaica,193,1352.09
1978-12-29,Guyana,194,1344.26
1978-12-29,Venezuela,195,1343.56
1978-12-29,Somalia,196,1341.02
1978-12-29,Panama,197,1336.6
1978-12-29,Yemen,198,1331.74
1978-12-29,Puerto Rico,199,1283.53
1978-12-29,Philippines,200,1270.34
1978-12-29,Laos,201,1258.78
1978-12-29,Sri Lanka,202,1253.62
1978-12-29,Cyprus,203,1248.04
1978-12-29,Nicaragua,204,1247.17
1978-12-29,Estonia,205,1220.66
1978-12-29,Zanzibar,206,1211.35
1978-12-29,Luxembourg,207,1203.65
1978-12-29,Alderney,208,1187.74
1979-12-26,Germany,1,1872.56
1979-12-26,Brazil,2,1865.47
1979-12-26,South Korea,3,1831.91
1979-12-26,Netherlands,4,1825.69
1979-12-26,England,5,1801.81
1979-12-26,Italy,6,1797.81
1979-12-26,France,7,1772.2
1979-12-26,Argentina,8,1770.91
1979-12-26,Austria,9,1766.97
1979-12-26,Poland,10,1758.35
1979-12-26,Russia,11,1741.87
1979-12-26,Iraq,12,1740.48
1979-12-26,German DR,13,1709.65
1979-12-26,Yugoslavia,14,1708.32
1979-12-26,Spain,15,1696.76
1979-12-26,Belgium,16,1695.82
1979-12-26,Czechoslovakia,17,1693.1
1979-12-26,Portugal,18,1687.15
1979-12-26,North Korea,19,1683.8
1979-12-26,Kuwait,20,1680.02
1979-12-26,Hungary,21,1679.99
1979-12-26,Iran,22,1669.38
1979-12-26,Egypt,23,1667.49
1979-12-26,Jersey,24,1664.68
1979-12-26,Mexico,25,1662.13
1979-12-26,Israel,26,1658.27
1979-12-26,China,27,1658.15
1979-12-26,Nigeria,28,1649.72
1979-12-26,Guernsey,29,1649.34
1979-12-26,Scotland,30,1648.82
1979-12-26,Ghana,31,1643.02
1979-12-26,Tahiti,32,1639.09
1979-12-26,Wales,33,1637.82
1979-12-26,Zambia,34,1635.94
1979-12-26,Morocco,35,1631.57
1979-12-26,Basque Country,36,1631.32
1979-12-26,New Zealand,37,1629.49
1979-12-26,Haiti,38,1627.78
1979-12-26,Tunisia,39,1625.24
1979-12-26,Paraguay,40,1624.01
1979-12-26,South Africa,41,1623.83
1979-12-26,Malawi,42,1607.58
1979-12-26,Romania,43,1606.84
1979-12-26,Algeria,44,1606.77
1979-12-26,DR Congo,45,1599.85
1979-12-26,Mali,46,1599.51
1979-12-26,Guinea,47,1590.98
1979-12-26,Australia,48,1589.55
1979-12-26,Saint Vincent and the Grenadines,49,1589.26
1979-12-26,Greece,50,1580.24
1979-12-26,New Caledonia,51,1570.56
1979-12-26,Peru,52,1569.75
1979-12-26,Croatia,53,1569.19
1979-12-26,Suriname,54,1568.45
1979-12-26,Sweden,55,1566.42
1979-12-26,Cameroon,56,1563.54
1979-12-26,Malaysia,57,1563.34
1979-12-26,Costa Rica,58,1562.82
1979-12-26,Sudan,59,1561.73
1979-12-26,Uruguay,60,1558.39
1979-12-26,Martinique,61,1556.03
1979-12-26,Chile,62,1554.24
1979-12-26,Northern Ireland,63,1553.51
1979-12-26,Republic of Ireland,64,1553.41
1979-12-26,Bulgaria,65,1548.25
1979-12-26,Japan,66,1547.88
1979-12-26,Senegal,67,1545.08
1979-12-26,Grenada,68,1540.04
1979-12-26,Libya,69,1539.55
1979-12-26,Congo,70,1539.27
1979-12-26,Uganda,71,1538.75
1979-12-26,Guatemala,72,1537.56
1979-12-26,Denmark,73,1535.66
1979-12-26,Madagascar,74,1532.29
1979-12-26,Ivory Coast,75,1531.62
1979-12-26,Turkey,76,1530.31
1979-12-26,Ukraine,77,1527.16
1979-12-26,Honduras,78,1523.43
1979-12-26,Tanzania,79,1518.45
1979-12-26,Corsica,80,1518.41
1979-12-26,Asturias,81,1517.44
1979-12-26,Kazakhstan,82,1516.27
1979-12-26,Trinidad and Tobago,83,1514.53
1979-12-26,Togo,84,1513.29
1979-12-26,Brittany,85,1513.29
1979-12-26,Hong Kong,86,1512.01
1979-12-26,Georgia,87,1510.65
1979-12-26,Moldova,88,1509.93
1979-12-26,Kenya,89,1509.31
1979-12-26,Guinea-Bissau,90,1506.57
1979-12-26,Silesia,91,1505.77
1979-12-26,Catalonia,92,1504.85
1979-12-26,Bolivia,93,1504.79
1979-12-26,Montenegro,94,1502.39
1979-12-26,Central Spain,95,1501.37
1979-12-26,Galicia,96,1496.46
1979-12-26,Vietnam,97,1496.43
1979-12-26,Nepal,98,1491.15
1979-12-26,Equatorial Guinea,99,1490.95
1979-12-26,Liberia,100,1489.66
1979-12-26,Belarus,101,1489.64
1979-12-26,Mozambique,102,1487.31
1979-12-26,Angola,103,1487.06
1979-12-26,Northern Cyprus,104,1486.99
1979-12-26,Serbia,105,1486.04
1979-12-26,Rwanda,106,1485.92
1979-12-26,Dominican Republic,107,1485.53
1979-12-26,Bahamas,108,1485.24
1979-12-26,Andalusia,109,1484.74
1979-12-26,Kernow,110,1484.56
1979-12-26,Armenia,111,1483.96
1979-12-26,Switzerland,112,1481.88
1979-12-26,Zimbabwe,113,1481.27
1979-12-26,Solomon Islands,114,1480.37
1979-12-26,Azerbaijan,115,1478.22
1979-12-26,Saudi Arabia,116,1478.1
1979-12-26,Kyrgyzstan,117,1478.06
1979-12-26,Mauritius,118,1477.33
1979-12-26,Thailand,119,1473.22
1979-12-26,Tuvalu,120,1472.94
1979-12-26,Chad,121,1471.53
1979-12-26,Myanmar,122,1470.92
1979-12-26,El Salvador,123,1468.36
1979-12-26,Tonga,124,1467.51
1979-12-26,Sierra Leone,125,1466.65
1979-12-26,Guam,126,1465.16
1979-12-26,Provence,127,1464.73
1979-12-26,North Vietnam,128,1463.0
1979-12-26,Comoros,129,1461.73
1979-12-26,Kiribati,130,1461.45
1979-12-26,Aruba,131,1458.92
1979-12-26,Colombia,132,1457.04
1979-12-26,Cape Verde,133,1455.49
1979-12-26,Réunion,134,1454.6
1979-12-26,Canada,135,1453.76
1979-12-26,São Tomé and Príncipe,136,1453.6
1979-12-26,Guadeloupe,137,1453.08
1979-12-26,Taiwan,138,1452.54
1979-12-26,Manchukuo,139,1451.84
1979-12-26,Ethiopia,140,1451.01
1979-12-26,Saarland,141,1449.76
1979-12-26,Cook Islands,142,1449.74
1979-12-26,Central African Republic,143,1448.58
1979-12-26,Macau,144,1448.11
1979-12-26,Cuba,145,1447.49
1979-12-26,Samoa,146,1446.24
1979-12-26,Mongolia,147,1445.12
1979-12-26,Eswatini,148,1443.93
1979-12-26,Maldives,149,1443.83
1979-12-26,Dominica,150,1442.52
1979-12-26,Yemen DPR,151,1441.15
1979-12-26,Palestine,152,1441.06
1979-12-26,Vanuatu,153,1438.22
1979-12-26,United States,154,1437.97
1979-12-26,Qatar,155,1434.11
1979-12-26,Finland,156,1434.07
1979-12-26,Slovakia,157,1430.5
1979-12-26,Ecuador,158,1430.5
1979-12-26,Gabon,159,1430.11
1979-12-26,Wallis Islands and Futuna,160,1429.92
1979-12-26,Syria,161,1427.79
1979-12-26,Fiji,162,1426.53
1979-12-26,Cambodia,163,1421.34
1979-12-26,French Guiana,164,1418.78
1979-12-26,Gambia,165,1418.67
1979-12-26,Albania,166,1418.29
1979-12-26,Lebanon,167,1418.02
1979-12-26,Curaçao,168,1417.07
1979-12-26,Vietnam Republic,169,1416.37
1979-12-26,Saint Kitts and Nevis,170,1415.92
1979-12-26,Djibouti,171,1411.73
1979-12-26,Benin,172,1411.52
1979-12-26,Papua New Guinea,173,1409.58
1979-12-26,Barbados,174,1408.02
1979-12-26,Burkina Faso,175,1407.67
1979-12-26,Saint Lucia,176,1407.64
1979-12-26,Burundi,177,1404.47
1979-12-26,Indonesia,178,1403.07
1979-12-26,Brunei,179,1401.06
1979-12-26,Seychelles,180,1399.63
1979-12-26,Pakistan,181,1399.32
1979-12-26,Western Australia,182,1395.97
1979-12-26,Lithuania,183,1395.78
1979-12-26,Faroe Islands,184,1392.98
1979-12-26,Antigua and Barbuda,185,1390.63
1979-12-26,India,186,1389.14
1979-12-26,Niger,187,1383.93
1979-12-26,Botswana,188,1383.5
1979-12-26,Lesotho,189,1375.84
1979-12-26,Jamaica,190,1374.99
1979-12-26,Jordan,191,1374.62
1979-12-26,Norway,192,1370.84
1979-12-26,Bahrain,193,1369.61
1979-12-26,Latvia,194,1365.85
1979-12-26,Iceland,195,1358.22
1979-12-26,Bangladesh,196,1358.06
1979-12-26,Mauritania,197,1355.07
1979-12-26,Singapore,198,1346.39
1979-12-26,Guyana,199,1344.26
1979-12-26,Bermuda,200,1343.42
1979-12-26,Somalia,201,1341.02
1979-12-26,Afghanistan,202,1340.22
1979-12-26,Malta,203,1338.76
1979-12-26,Panama,204,1336.6
1979-12-26,Venezuela,205,1334.75
1979-12-26,United Arab Emirates,206,1334.23
1979-12-26,Yemen,207,1331.74
1979-12-26,Oman,208,1307.71
1979-12-26,Puerto Rico,209,1283.53
1979-12-26,Philippines,210,1270.34
1979-12-26,Laos,211,1258.78
1979-12-26,Sri Lanka,212,1248.06
1979-12-26,Nicaragua,213,1247.17
1979-12-26,Cyprus,214,1245.66
1979-12-26,Estonia,215,1220.66
1979-12-26,Zanzibar,216,1210.38
1979-12-26,Luxembourg,217,1208.07
1979-12-26,Alderney,218,1185.98
1980-12-31,Germany,1,1918.87
1980-12-31,Brazil,2,1872.66
1980-12-31,Italy,3,1842.77
1980-12-31,Russia,4,1819.11
1980-12-31,Argentina,5,1807.64
1980-12-31,England,6,1791.73
1980-12-31,South Korea,7,1767.59
1980-12-31,Austria,8,1763.94
1980-12-31,France,9,1763.82
1980-12-31,Belgium,10,1756.81
1980-12-31,German DR,11,1753.96
1980-12-31,Poland,12,1739.59
1980-12-31,Iraq,13,1736.96
1980-12-31,Netherlands,14,1732.3
1980-12-31,Yugoslavia,15,1718.78
1980-12-31,Morocco,16,1712.55
1980-12-31,Nigeria,17,1705.72
1980-12-31,Iran,18,1687.97
1980-12-31,North Korea,19,1681.23
1980-12-31,Portugal,20,1679.62
1980-12-31,Hungary,21,1677.11
1980-12-31,Czechoslovakia,22,1675.69
1980-12-31,Guernsey,23,1668.03
1980-12-31,Wales,24,1661.27
1980-12-31,Ghana,25,1657.21
1980-12-31,Spain,26,1656.56
1980-12-31,China,27,1652.23
1980-12-31,Egypt,28,1650.76
1980-12-31,Jersey,29,1648.07
1980-12-31,Mexico,30,1637.06
1980-12-31,Scotland,31,1636.29
1980-12-31,Romania,32,1635.19
1980-12-31,Tahiti,33,1633.33
1980-12-31,Algeria,34,1629.34
1980-12-31,Paraguay,35,1625.45
1980-12-31,South Africa,36,1623.83
1980-12-31,Northern Ireland,37,1620.86
1980-12-31,Basque Country,38,1618.32
1980-12-31,Tunisia,39,1616.2
1980-12-31,Israel,40,1611.74
1980-12-31,Uruguay,41,1605.58
1980-12-31,Kuwait,42,1603.39
1980-12-31,Senegal,43,1593.84
1980-12-31,Honduras,44,1593.73
1980-12-31,Australia,45,1591.98
1980-12-31,Saint Vincent and the Grenadines,46,1589.26
1980-12-31,Malaysia,47,1588.52
1980-12-31,DR Congo,48,1587.46
1980-12-31,Republic of Ireland,49,1586.85
1980-12-31,New Caledonia,50,1585.39
1980-12-31,Haiti,51,1581.03
1980-12-31,Cameroon,52,1580.69
1980-12-31,Libya,53,1578.55
1980-12-31,New Zealand,54,1573.39
1980-12-31,Zambia,55,1570.48
1980-12-31,Mali,56,1569.95
1980-12-31,Croatia,57,1569.19
1980-12-31,Martinique,58,1567.42
1980-12-31,Peru,59,1567.39
1980-12-31,Zimbabwe,60,1564.62
1980-12-31,Malawi,61,1562.29
1980-12-31,Japan,62,1561.32
1980-12-31,Suriname,63,1560.84
1980-12-31,Congo,64,1560.04
1980-12-31,Chile,65,1558.25
1980-12-31,Sudan,66,1555.91
1980-12-31,Guinea,67,1553.75
1980-12-31,Ivory Coast,68,1547.08
1980-12-31,Greece,69,1546.89
1980-12-31,Costa Rica,70,1540.77
1980-12-31,Uganda,71,1538.75
1980-12-31,Sweden,72,1536.49
1980-12-31,El Salvador,73,1534.64
1980-12-31,Denmark,74,1532.7
1980-12-31,Ukraine,75,1527.16
1980-12-31,Canada,76,1525.82
1980-12-31,Madagascar,77,1524.95
1980-12-31,Corsica,78,1518.41
1980-12-31,Asturias,79,1517.44
1980-12-31,Kazakhstan,80,1516.27
1980-12-31,Trinidad and Tobago,81,1513.71
1980-12-31,Brittany,82,1513.29
1980-12-31,Tanzania,83,1513.18
1980-12-31,Thailand,84,1512.4
1980-12-31,Georgia,85,1510.65
1980-12-31,Moldova,86,1509.93
1980-12-31,Bulgaria,87,1509.6
1980-12-31,Hong Kong,88,1506.67
1980-12-31,Kenya,89,1506.6
1980-12-31,Silesia,90,1505.77
1980-12-31,Catalonia,91,1504.85
1980-12-31,Angola,92,1504.22
1980-12-31,Turkey,93,1502.95
1980-12-31,Montenegro,94,1502.39
1980-12-31,Central Spain,95,1501.37
1980-12-31,Togo,96,1496.57
1980-12-31,Galicia,97,1496.46
1980-12-31,Vietnam,98,1496.43
1980-12-31,Grenada,99,1493.46
1980-12-31,Saudi Arabia,100,1492.96
1980-12-31,Nepal,101,1491.15
1980-12-31,Equatorial Guinea,102,1490.95
1980-12-31,Belarus,103,1489.64
1980-12-31,Cuba,104,1487.36
1980-12-31,Guatemala,105,1487.26
1980-12-31,Serbia,106,1486.04
1980-12-31,Rwanda,107,1485.92
1980-12-31,Dominican Republic,108,1485.53
1980-12-31,Bahamas,109,1485.24
1980-12-31,Myanmar,110,1485.1
1980-12-31,Andalusia,111,1484.74
1980-12-31,Kernow,112,1484.56
1980-12-31,Armenia,113,1483.96
1980-12-31,Mauritius,114,1483.17
1980-12-31,Azerbaijan,115,1478.22
1980-12-31,Kyrgyzstan,116,1478.06
1980-12-31,Tuvalu,117,1472.94
1980-12-31,Chad,118,1471.53
1980-12-31,Liberia,119,1469.4
1980-12-31,Tonga,120,1467.51
1980-12-31,Syria,121,1466.76
1980-12-31,Switzerland,122,1465.95
1980-12-31,Guam,123,1465.16
1980-12-31,Provence,124,1464.73
1980-12-31,Guinea-Bissau,125,1464.24
1980-12-31,Ethiopia,126,1464.17
1980-12-31,North Vietnam,127,1463.0
1980-12-31,Bolivia,128,1462.76
1980-12-31,Comoros,129,1461.73
1980-12-31,Kiribati,130,1461.45
1980-12-31,United States,131,1461.14
1980-12-31,Aruba,132,1458.92
1980-12-31,Greenland,133,1457.78
1980-12-31,Northern Cyprus,134,1456.06
1980-12-31,Cape Verde,135,1455.49
1980-12-31,Réunion,136,1454.6
1980-12-31,São Tomé and Príncipe,137,1453.6
1980-12-31,Sierra Leone,138,1453.35
1980-12-31,Taiwan,139,1452.54
1980-12-31,Manchukuo,140,1451.84
1980-12-31,Colombia,141,1451.25
1980-12-31,Fiji,142,1450.05
1980-12-31,Saarland,143,1449.76
1980-12-31,Cook Islands,144,1449.74
1980-12-31,Central African Republic,145,1448.58
1980-12-31,Samoa,146,1446.24
1980-12-31,Mongolia,147,1445.12
1980-12-31,Solomon Islands,148,1443.97
1980-12-31,Eswatini,149,1443.93
1980-12-31,Maldives,150,1443.83
1980-12-31,Norway,151,1443.32
1980-12-31,Dominica,152,1442.52
1980-12-31,Guadeloupe,153,1441.69
1980-12-31,Yemen DPR,154,1441.15
1980-12-31,Palestine,155,1441.06
1980-12-31,Qatar,156,1440.3
1980-12-31,Gambia,157,1431.74
1980-12-31,Slovakia,158,1430.5
1980-12-31,Ecuador,159,1430.5
1980-12-31,Wallis Islands and Futuna,160,1429.92
1980-12-31,Benin,161,1426.08
1980-12-31,Curaçao,162,1425.24
1980-12-31,Indonesia,163,1424.97
1980-12-31,Cambodia,164,1421.34
1980-12-31,French Guiana,165,1418.78
1980-12-31,Lebanon,166,1418.02
1980-12-31,Vietnam Republic,167,1416.37
1980-12-31,Saint Kitts and Nevis,168,1415.92
1980-12-31,Gabon,169,1415.48
1980-12-31,Mozambique,170,1413.44
1980-12-31,Albania,171,1412.19
1980-12-31,Djibouti,172,1411.73
1980-12-31,Macau,173,1411.2
1980-12-31,Western Australia,174,1409.92
1980-12-31,Papua New Guinea,175,1408.29
1980-12-31,Barbados,176,1408.02
1980-12-31,Burkina Faso,177,1407.67
1980-12-31,Saint Lucia,178,1407.64
1980-12-31,Burundi,179,1404.47
1980-12-31,Iceland,180,1402.15
1980-12-31,Seychelles,181,1399.63
1980-12-31,Pakistan,182,1399.32
1980-12-31,Faroe Islands,183,1396.76
1980-12-31,Vanuatu,184,1396.52
1980-12-31,Lithuania,185,1395.78
1980-12-31,Antigua and Barbuda,186,1390.63
1980-12-31,India,187,1389.14
1980-12-31,Botswana,188,1383.5
1980-12-31,Lesotho,189,1380.04
1980-12-31,Niger,190,1378.93
1980-12-31,Mauritania,191,1377.01
1980-12-31,Jamaica,192,1374.99
1980-12-31,Jordan,193,1374.62
1980-12-31,Brunei,194,1366.98
1980-12-31,Latvia,195,1365.85
1980-12-31,Finland,196,1359.11
1980-12-31,Singapore,197,1358.57
1980-12-31,Bahrain,198,1350.01
1980-12-31,Guyana,199,1346.67
1980-12-31,Somalia,200,1344.1
1980-12-31,Bermuda,201,1343.42
1980-12-31,Afghanistan,202,1340.22
1980-12-31,Venezuela,203,1334.75
1980-12-31,Bangladesh,204,1332.15
1980-12-31,Yemen,205,1331.74
1980-12-31,Malta,206,1326.93
1980-12-31,United Arab Emirates,207,1318.19
1980-12-31,Oman,208,1307.71
1980-12-31,Panama,209,1298.11
1980-12-31,Puerto Rico,210,1283.53
1980-12-31,Philippines,211,1270.34
1980-12-31,Laos,212,1258.78
1980-12-31,Sri Lanka,213,1248.06
1980-12-31,Nicaragua,214,1247.17
1980-12-31,Cyprus,215,1245.15
1980-12-31,Zanzibar,216,1233.29
1980-12-31,Luxembourg,217,1230.05
1980-12-31,Estonia,218,1220.66
1980-12-31,Alderney,219,1183.9
1981-12-29,Germany,1,1906.64
1981-12-29,Brazil,2,1902.84
1981-12-29,Russia,3,1832.41
1981-12-29,Argentina,4,1803.57
1981-12-29,Italy,5,1782.04
1981-12-29,Yugoslavia,6,1758.79
1981-12-29,Iraq,7,1758.42
1981-12-29,Austria,8,1741.63
1981-12-29,Poland,9,1737.23
1981-12-29,German DR,10,1734.06
1981-12-29,South Korea,11,1730.79
1981-12-29,Belgium,12,1727.27
1981-12-29,Netherlands,13,1723.44
1981-12-29,France,14,1717.09
1981-12-29,England,15,1709.65
1981-12-29,Spain,16,1698.69
1981-12-29,Tahiti,17,1692.13
1981-12-29,Iran,18,1687.97
1981-12-29,Hungary,19,1684.11
1981-12-29,Kuwait,20,1683.88
1981-12-29,Scotland,21,1672.86
1981-12-29,Czechoslovakia,22,1669.84
1981-12-29,Wales,23,1668.2
1981-12-29,Jersey,24,1666.96
1981-12-29,North Korea,25,1663.9
1981-12-29,China,26,1663.82
1981-12-29,Morocco,27,1662.61
1981-12-29,Ghana,28,1662.57
1981-12-29,Egypt,29,1660.33
1981-12-29,Guernsey,30,1651.21
1981-12-29,Algeria,31,1647.74
1981-12-29,Uruguay,32,1640.16
1981-12-29,Chile,33,1640.07
1981-12-29,Mexico,34,1631.42
1981-12-29,Tunisia,35,1630.92
1981-12-29,Cameroon,36,1630.8
1981-12-29,Portugal,37,1629.95
1981-12-29,Honduras,38,1627.53
1981-12-29,New Zealand,39,1626.26
1981-12-29,Denmark,40,1625.19
1981-12-29,Northern Ireland,41,1624.54
1981-12-29,South Africa,42,1623.83
1981-12-29,Basque Country,43,1618.32
1981-12-29,Nigeria,44,1612.97
1981-12-29,Saint Vincent and the Grenadines,45,1610.7
1981-12-29,Zambia,46,1609.35
1981-12-29,Republic of Ireland,47,1605.75
1981-12-29,Zimbabwe,48,1605.66
1981-12-29,Israel,49,1602.8
1981-12-29,Mali,50,1601.57
1981-12-29,Bulgaria,51,1588.31
1981-12-29,Sweden,52,1587.84
1981-12-29,Senegal,53,1587.69
1981-12-29,Australia,54,1586.64
1981-12-29,Romania,55,1582.69
1981-12-29,Libya,56,1578.55
1981-12-29,Malawi,57,1576.75
1981-12-29,New Caledonia,58,1576.73
1981-12-29,El Salvador,59,1573.94
1981-12-29,DR Congo,60,1571.33
1981-12-29,Trinidad and Tobago,61,1570.04
1981-12-29,Croatia,62,1569.19
1981-12-29,Kenya,63,1564.3
1981-12-29,Thailand,64,1561.31
1981-12-29,Guinea,65,1559.52
1981-12-29,Paraguay,66,1556.89
1981-12-29,Greece,67,1555.32
1981-12-29,Switzerland,68,1554.35
1981-12-29,Japan,69,1552.61
1981-12-29,Peru,70,1552.29
1981-12-29,Ivory Coast,71,1547.08
1981-12-29,Canada,72,1546.03
1981-12-29,Tanzania,73,1543.5
1981-12-29,Costa Rica,74,1540.77
1981-12-29,Uganda,75,1540.31
1981-12-29,Martinique,76,1538.8
1981-12-29,Congo,77,1535.78
1981-12-29,Madagascar,78,1535.62
1981-12-29,Suriname,79,1529.26
1981-12-29,Ukraine,80,1527.16
1981-12-29,Angola,81,1525.97
1981-12-29,Sudan,82,1523.57
1981-12-29,Corsica,83,1518.41
1981-12-29,Hong Kong,84,1518.38
1981-12-29,Asturias,85,1517.44
1981-12-29,Kazakhstan,86,1516.27
1981-12-29,Haiti,87,1514.55
1981-12-29,Brittany,88,1513.29
1981-12-29,Georgia,89,1510.65
1981-12-29,Saudi Arabia,90,1510.6
1981-12-29,Moldova,91,1509.93
1981-12-29,Silesia,92,1505.77
1981-12-29,Catalonia,93,1504.85
1981-12-29,Montenegro,94,1502.39
1981-12-29,Central Spain,95,1501.37
1981-12-29,Galicia,96,1496.46
1981-12-29,Vietnam,97,1496.43
1981-12-29,Togo,98,1492.78
1981-12-29,Ethiopia,99,1492.54
1981-12-29,Liberia,100,1491.97
1981-12-29,Nepal,101,1491.15
1981-12-29,Belarus,102,1489.64
1981-12-29,Liechtenstein,103,1489.36
1981-12-29,Equatorial Guinea,104,1489.24
1981-12-29,Rwanda,105,1487.7
1981-12-29,Guatemala,106,1487.26
1981-12-29,Serbia,107,1486.04
1981-12-29,Dominican Republic,108,1485.53
1981-12-29,Bahamas,109,1485.24
1981-12-29,Andalusia,110,1484.74
1981-12-29,Mauritius,111,1484.59
1981-12-29,Kernow,112,1484.56
1981-12-29,Armenia,113,1483.96
1981-12-29,Azerbaijan,114,1478.22
1981-12-29,Kyrgyzstan,115,1478.06
1981-12-29,Tuvalu,116,1472.94
1981-12-29,Cuba,117,1471.83
1981-12-29,Chad,118,1471.53
1981-12-29,Papua New Guinea,119,1470.48
1981-12-29,Myanmar,120,1469.9
1981-12-29,Tonga,121,1467.51
1981-12-29,Grenada,122,1465.7
1981-12-29,Guam,123,1465.16
1981-12-29,Provence,124,1464.73
1981-12-29,North Vietnam,125,1463.0
1981-12-29,Comoros,126,1461.73
1981-12-29,Kiribati,127,1461.45
1981-12-29,Colombia,128,1461.18
1981-12-29,United States,129,1461.14
1981-12-29,Aruba,130,1458.92
1981-12-29,Turkey,131,1458.72
1981-12-29,Greenland,132,1457.78
1981-12-29,Northern Cyprus,133,1456.06
1981-12-29,São Tomé and Príncipe,134,1455.31
1981-12-29,Sierra Leone,135,1453.35
1981-12-29,Iceland,136,1453.03
1981-12-29,Guadeloupe,137,1452.55
1981-12-29,Manchukuo,138,1451.84
1981-12-29,Guinea-Bissau,139,1450.44
1981-12-29,Saarland,140,1449.76
1981-12-29,Cook Islands,141,1449.74
1981-12-29,Central African Republic,142,1448.58
1981-12-29,Mongolia,143,1445.12
1981-12-29,Qatar,144,1444.36
1981-12-29,Maldives,145,1443.83
1981-12-29,Yemen DPR,146,1443.28
1981-12-29,Cape Verde,147,1441.71
1981-12-29,Palestine,148,1441.06
1981-12-29,Solomon Islands,149,1439.45
1981-12-29,Malaysia,150,1435.0
1981-12-29,Bolivia,151,1433.72
1981-12-29,Slovakia,152,1430.5
1981-12-29,Wallis Islands and Futuna,153,1429.92
1981-12-29,Eswatini,154,1429.35
1981-12-29,Gambia,155,1427.24
1981-12-29,Ecuador,156,1426.22
1981-12-29,Pakistan,157,1423.04
1981-12-29,Taiwan,158,1421.52
1981-12-29,Cambodia,159,1421.34
1981-12-29,French Guiana,160,1421.07
1981-12-29,Norway,161,1419.23
1981-12-29,Indonesia,162,1419.21
1981-12-29,Lebanon,163,1418.02
1981-12-29,Vietnam Republic,164,1416.37
1981-12-29,Curaçao,165,1416.08
1981-12-29,Saint Kitts and Nevis,166,1415.92
1981-12-29,Gabon,167,1415.48
1981-12-29,Barbados,168,1414.85
1981-12-29,Dominica,169,1411.92
1981-12-29,Djibouti,170,1411.73
1981-12-29,Benin,171,1410.06
1981-12-29,Western Australia,172,1409.92
1981-12-29,Niger,173,1408.4
1981-12-29,Syria,174,1407.79
1981-12-29,Fiji,175,1407.68
1981-12-29,Saint Lucia,176,1407.64
1981-12-29,Réunion,177,1403.83
1981-12-29,Seychelles,178,1399.63
1981-12-29,Macau,179,1399.49
1981-12-29,Mozambique,180,1397.28
1981-12-29,Faroe Islands,181,1396.76
1981-12-29,Lithuania,182,1395.78
1981-12-29,Malta,183,1394.51
1981-12-29,Antigua and Barbuda,184,1390.63
1981-12-29,Burkina Faso,185,1389.1
1981-12-29,Finland,186,1387.97
1981-12-29,Vanuatu,187,1387.44
1981-12-29,Burundi,188,1386.84
1981-12-29,India,189,1383.6
1981-12-29,Albania,190,1382.05
1981-12-29,Jamaica,191,1374.99
1981-12-29,United Arab Emirates,192,1371.58
1981-12-29,Samoa,193,1369.54
1981-12-29,Venezuela,194,1368.42
1981-12-29,Botswana,195,1368.27
1981-12-29,Brunei,196,1366.98
1981-12-29,Latvia,197,1365.85
1981-12-29,Jordan,198,1363.88
1981-12-29,Singapore,199,1357.64
1981-12-29,Bahrain,200,1355.97
1981-12-29,Lesotho,201,1354.92
1981-12-29,Mauritania,202,1348.22
1981-12-29,Guyana,203,1346.67
1981-12-29,Somalia,204,1344.1
1981-12-29,Bermuda,205,1343.42
1981-12-29,Afghanistan,206,1340.22
1981-12-29,Bangladesh,207,1332.15
1981-12-29,Yemen,208,1331.74
1981-12-29,Panama,209,1298.11
1981-12-29,Puerto Rico,210,1287.1
1981-12-29,Oman,211,1282.34
1981-12-29,Laos,212,1258.78
1981-12-29,Sri Lanka,213,1248.06
1981-12-29,Nicaragua,214,1247.17
1981-12-29,Philippines,215,1238.31
1981-12-29,Cyprus,216,1233.81
1981-12-29,Estonia,217,1220.66
1981-12-29,Zanzibar,218,1219.75
1981-12-29,Luxembourg,219,1212.28
1981-12-29,Alderney,220,1181.83
1982-12-30,Brazil,1,1923.66
1982-12-30,Germany,2,1850.11
1982-12-30,Russia,3,1836.29
1982-12-30,Iraq,4,1786.98
1982-12-30,Argentina,5,1785.38
1982-12-30,Austria,6,1778.96
1982-12-30,England,7,1778.93
1982-12-30,Italy,8,1772.81
1982-12-30,Poland,9,1759.68
1982-12-30,Belgium,10,1752.44
1982-12-30,France,11,1741.9
1982-12-30,Yugoslavia,12,1724.66
1982-12-30,German DR,13,1723.14
1982-12-30,Spain,14,1707.36
1982-12-30,Kuwait,15,1707.01
1982-12-30,Ghana,16,1702.77
1982-12-30,Algeria,17,1698.56
1982-12-30,Tahiti,18,1692.13
1982-12-30,Netherlands,19,1689.17
1982-12-30,Iran,20,1688.79
1982-12-30,South Korea,21,1686.1
1982-12-30,Wales,22,1684.21
1982-12-30,Jersey,23,1682.33
1982-12-30,Czechoslovakia,24,1677.1
1982-12-30,Scotland,25,1673.44
1982-12-30,Hungary,26,1671.56
1982-12-30,Uruguay,27,1665.4
1982-12-30,Cameroon,28,1653.88
1982-12-30,Switzerland,29,1652.79
1982-12-30,Zambia,30,1647.67
1982-12-30,Portugal,31,1643.79
1982-12-30,Egypt,32,1643.19
1982-12-30,Libya,33,1642.27
1982-12-30,Morocco,34,1641.6
1982-12-30,Guernsey,35,1637.85
1982-12-30,Mexico,36,1631.42
1982-12-30,North Korea,37,1624.14
1982-12-30,South Africa,38,1623.83
1982-12-30,Northern Ireland,39,1621.94
1982-12-30,Peru,40,1618.97
1982-12-30,Basque Country,41,1618.32
1982-12-30,Chile,42,1614.76
1982-12-30,Saint Vincent and the Grenadines,43,1610.7
1982-12-30,Australia,44,1606.78
1982-12-30,China,45,1605.99
1982-12-30,Israel,46,1602.8
1982-12-30,Romania,47,1600.57
1982-12-30,Japan,48,1598.69
1982-12-30,Honduras,49,1598.51
1982-12-30,Malawi,50,1598.35
1982-12-30,Denmark,51,1597.31
1982-12-30,Nigeria,52,1594.04
1982-12-30,New Zealand,53,1592.61
1982-12-30,Guinea,54,1591.19
1982-12-30,Tunisia,55,1588.18
1982-12-30,Kenya,56,1582.12
1982-12-30,Uganda,57,1580.5
1982-12-30,New Caledonia,58,1576.73
1982-12-30,DR Congo,59,1571.33
1982-12-30,Croatia,60,1569.19
1982-12-30,Senegal,61,1568.45
1982-12-30,Saudi Arabia,62,1565.72
1982-12-30,Republic of Ireland,63,1565.06
1982-12-30,El Salvador,64,1564.99
1982-12-30,Mali,65,1560.71
1982-12-30,Paraguay,66,1556.89
1982-12-30,Bulgaria,67,1551.3
1982-12-30,Sweden,68,1551.09
1982-12-30,Zimbabwe,69,1548.16
1982-12-30,Togo,70,1548.07
1982-12-30,Suriname,71,1546.94
1982-12-30,Canada,72,1546.03
1982-12-30,Costa Rica,73,1540.77
1982-12-30,Martinique,74,1538.8
1982-12-30,Madagascar,75,1535.62
1982-12-30,Ivory Coast,76,1533.04
1982-12-30,Trinidad and Tobago,77,1531.31
1982-12-30,Ukraine,78,1527.16
1982-12-30,Congo,79,1524.05
1982-12-30,Corsica,80,1518.41
1982-12-30,Asturias,81,1517.44
1982-12-30,Kazakhstan,82,1516.27
1982-12-30,Haiti,83,1514.55
1982-12-30,Brittany,84,1513.29
1982-12-30,Angola,85,1511.14
1982-12-30,Georgia,86,1510.65
1982-12-30,Moldova,87,1509.93
1982-12-30,Silesia,88,1505.77
1982-12-30,Catalonia,89,1504.85
1982-12-30,Montenegro,90,1502.39
1982-12-30,Central Spain,91,1501.37
1982-12-30,Mauritius,92,1500.99
1982-12-30,Liechtenstein,93,1498.75
1982-12-30,Greece,94,1496.56
1982-12-30,Galicia,95,1496.46
1982-12-30,Vietnam,96,1496.43
1982-12-30,Hong Kong,97,1493.66
1982-12-30,Tanzania,98,1493.49
1982-12-30,Belarus,99,1489.64
1982-12-30,Equatorial Guinea,100,1489.24
1982-12-30,Guatemala,101,1487.26
1982-12-30,Serbia,102,1486.04
1982-12-30,Dominican Republic,103,1485.53
1982-12-30,Bahamas,104,1485.24
1982-12-30,Andalusia,105,1484.74
1982-12-30,Kernow,106,1484.56
1982-12-30,Armenia,107,1483.96
1982-12-30,Sudan,108,1482.51
1982-12-30,Bhutan,109,1482.16
1982-12-30,United States,110,1482.0
1982-12-30,Thailand,111,1480.89
1982-12-30,Azerbaijan,112,1478.22
1982-12-30,Kyrgyzstan,113,1478.06
1982-12-30,Norway,114,1477.93
1982-12-30,Rwanda,115,1477.74
1982-12-30,Ethiopia,116,1476.87
1982-12-30,South Yemen,117,1473.5
1982-12-30,Myanmar,118,1473.42
1982-12-30,Tuvalu,119,1472.94
1982-12-30,Liberia,120,1472.0
1982-12-30,Cuba,121,1471.83
1982-12-30,Chad,122,1471.53
1982-12-30,Papua New Guinea,123,1470.48
1982-12-30,Tonga,124,1467.51
1982-12-30,Grenada,125,1465.7
1982-12-30,Guam,126,1465.16
1982-12-30,Provence,127,1464.73
1982-12-30,North Vietnam,128,1463.0
1982-12-30,Comoros,129,1461.73
1982-12-30,Kiribati,130,1461.45
1982-12-30,Colombia,131,1461.18
1982-12-30,Turkey,132,1459.79
1982-12-30,Aruba,133,1458.92
1982-12-30,Greenland,134,1457.78
1982-12-30,Northern Cyprus,135,1456.06
1982-12-30,São Tomé and Príncipe,136,1455.31
1982-12-30,Guadeloupe,137,1452.55
1982-12-30,Manchukuo,138,1451.84
1982-12-30,Saarland,139,1449.76
1982-12-30,Cook Islands,140,1449.74
1982-12-30,Central African Republic,141,1448.58
1982-12-30,Iceland,142,1448.4
1982-12-30,Nepal,143,1445.54
1982-12-30,Mongolia,144,1445.12
1982-12-30,Gambia,145,1444.79
1982-12-30,Maldives,146,1443.83
1982-12-30,Yemen DPR,147,1443.28
1982-12-30,Palestine,148,1441.06
1982-12-30,Solomon Islands,149,1439.45
1982-12-30,Cape Verde,150,1434.58
1982-12-30,Bolivia,151,1433.72
1982-12-30,Guinea-Bissau,152,1431.01
1982-12-30,Slovakia,153,1430.5
1982-12-30,Wallis Islands and Futuna,154,1429.92
1982-12-30,Eswatini,155,1429.35
1982-12-30,Singapore,156,1426.58
1982-12-30,Ecuador,157,1426.22
1982-12-30,Qatar,158,1424.85
1982-12-30,Barbados,159,1423.29
1982-12-30,Réunion,160,1421.93
1982-12-30,Taiwan,161,1421.52
1982-12-30,Cambodia,162,1421.34
1982-12-30,French Guiana,163,1421.07
1982-12-30,Macau,164,1420.76
1982-12-30,Lebanon,165,1418.02
1982-12-30,Benin,166,1416.99
1982-12-30,Vietnam Republic,167,1416.37
1982-12-30,United Arab Emirates,168,1416.11
1982-12-30,Curaçao,169,1416.08
1982-12-30,Saint Kitts and Nevis,170,1415.92
1982-12-30,Indonesia,171,1414.2
1982-12-30,India,172,1413.17
1982-12-30,Dominica,173,1411.92
1982-12-30,Djibouti,174,1411.73
1982-12-30,Niger,175,1411.65
1982-12-30,Finland,176,1410.79
1982-12-30,Western Australia,177,1409.92
1982-12-30,Syria,178,1408.93
1982-12-30,Sierra Leone,179,1408.69
1982-12-30,Gabon,180,1408.55
1982-12-30,Fiji,181,1407.68
1982-12-30,Saint Lucia,182,1407.64
1982-12-30,Pakistan,183,1407.54
1982-12-30,Malaysia,184,1407.52
1982-12-30,Burundi,185,1407.35
1982-12-30,Mozambique,186,1406.14
1982-12-30,Burkina Faso,187,1405.48
1982-12-30,Seychelles,188,1399.63
1982-12-30,Lithuania,189,1395.78
1982-12-30,Malta,190,1395.17
1982-12-30,Antigua and Barbuda,191,1390.63
1982-12-30,Bahrain,192,1390.26
1982-12-30,Vanuatu,193,1387.44
1982-12-30,Albania,194,1376.44
1982-12-30,Jamaica,195,1374.99
1982-12-30,Faroe Islands,196,1369.66
1982-12-30,Samoa,197,1369.54
1982-12-30,Venezuela,198,1368.42
1982-12-30,Latvia,199,1365.85
1982-12-30,Jordan,200,1363.88
1982-12-30,Botswana,201,1361.88
1982-12-30,Lesotho,202,1354.92
1982-12-30,Bermuda,203,1352.3
1982-12-30,Mauritania,204,1351.86
1982-12-30,Guyana,205,1346.67
1982-12-30,Brunei,206,1341.77
1982-12-30,Afghanistan,207,1340.22
1982-12-30,Somalia,208,1333.54
1982-12-30,Yemen,209,1331.74
1982-12-30,Bangladesh,210,1325.43
1982-12-30,Panama,211,1298.11
1982-12-30,Puerto Rico,212,1287.1
1982-12-30,Oman,213,1276.61
1982-12-30,Laos,214,1258.78
1982-12-30,Zanzibar,215,1249.01
1982-12-30,Sri Lanka,216,1248.06
1982-12-30,Nicaragua,217,1247.17
1982-12-30,Cyprus,218,1230.28
1982-12-30,Philippines,219,1228.24
1982-12-30,Estonia,220,1220.66
1982-12-30,Luxembourg,221,1203.19
1982-12-30,Alderney,222,1179.82
1983-12-22,Russia,1,1841.62
1983-12-22,Brazil,2,1829.74
1983-12-22,Germany,3,1824.65
1983-12-22,Iraq,4,1795.96
1983-12-22,England,5,1774.58
1983-12-22,Argentina,6,1759.18
1983-12-22,Belgium,7,1750.76
1983-12-22,France,8,1747.84
1983-12-22,Spain,9,1725.69
1983-12-22,Ghana,10,1725.03
1983-12-22,Austria,11,1724.63
1983-12-22,Tahiti,12,1723.19
1983-12-22,Poland,13,1721.71
1983-12-22,Yugoslavia,14,1718.77
1983-12-22,Kuwait,15,1707.01
1983-12-22,German DR,16,1704.86
1983-12-22,Netherlands,17,1700.4
1983-12-22,Mexico,18,1695.09
1983-12-22,Portugal,19,1694.95
1983-12-22,Uruguay,20,1690.46
1983-12-22,Iran,21,1688.79
1983-12-22,Italy,22,1684.01
1983-12-22,South Korea,23,1680.06
1983-12-22,Scotland,24,1677.97
1983-12-22,Wales,25,1677.14
1983-12-22,Northern Ireland,26,1671.14
1983-12-22,Jersey,27,1665.89
1983-12-22,Denmark,28,1663.27
1983-12-22,Algeria,29,1660.64
1983-12-22,Czechoslovakia,30,1657.3
1983-12-22,Guernsey,31,1655.96
1983-12-22,Sweden,32,1654.81
1983-12-22,Chile,33,1652.73
1983-12-22,Egypt,34,1647.36
1983-12-22,Switzerland,35,1641.45
1983-12-22,Kenya,36,1637.35
1983-12-22,Honduras,37,1633.15
1983-12-22,Hungary,38,1632.17
1983-12-22,Paraguay,39,1631.24
1983-12-22,Romania,40,1627.19
1983-12-22,Tunisia,41,1625.59
1983-12-22,North Korea,42,1624.14
1983-12-22,South Africa,43,1623.83
1983-12-22,New Zealand,44,1622.1
1983-12-22,Zambia,45,1619.32
1983-12-22,Basque Country,46,1618.32
1983-12-22,Cameroon,47,1614.17
1983-12-22,China,48,1608.1
1983-12-22,Ivory Coast,49,1607.95
1983-12-22,Libya,50,1607.21
1983-12-22,Bulgaria,51,1606.49
1983-12-22,Israel,52,1606.0
1983-12-22,Japan,53,1603.46
1983-12-22,Morocco,54,1597.58
1983-12-22,Martinique,55,1597.29
1983-12-22,Saint Vincent and the Grenadines,56,1591.43
1983-12-22,Nigeria,57,1589.66
1983-12-22,Australia,58,1582.23
1983-12-22,Congo,59,1580.43
1983-12-22,Madagascar,60,1579.04
1983-12-22,Zimbabwe,61,1576.57
1983-12-22,Senegal,62,1575.69
1983-12-22,New Caledonia,63,1573.85
1983-12-22,DR Congo,64,1571.33
1983-12-22,Republic of Ireland,65,1570.49
1983-12-22,Croatia,66,1569.19
1983-12-22,Saudi Arabia,67,1565.72
1983-12-22,Peru,68,1560.1
1983-12-22,Malawi,69,1552.75
1983-12-22,Uganda,70,1552.38
1983-12-22,El Salvador,71,1549.21
1983-12-22,Costa Rica,72,1548.23
1983-12-22,Togo,73,1546.77
1983-12-22,Trinidad and Tobago,74,1527.83
1983-12-22,Ukraine,75,1527.16
1983-12-22,Suriname,76,1521.82
1983-12-22,Corsica,77,1518.41
1983-12-22,Mali,78,1517.74
1983-12-22,Asturias,79,1517.44
1983-12-22,Kazakhstan,80,1516.27
1983-12-22,Mauritius,81,1513.75
1983-12-22,Brittany,82,1513.29
1983-12-22,Tanzania,83,1511.97
1983-12-22,Georgia,84,1510.65
1983-12-22,Moldova,85,1509.93
1983-12-22,Canada,86,1508.38
1983-12-22,Guatemala,87,1507.21
1983-12-22,Angola,88,1506.79
1983-12-22,Hong Kong,89,1506.22
1983-12-22,Silesia,90,1505.77
1983-12-22,Fiji,91,1504.9
1983-12-22,Catalonia,92,1504.85
1983-12-22,Greece,93,1502.77
1983-12-22,Montenegro,94,1502.39
1983-12-22,Central Spain,95,1501.37
1983-12-22,Guinea,96,1500.83
1983-12-22,United States,97,1499.49
1983-12-22,Liechtenstein,98,1498.75
1983-12-22,Haiti,99,1497.05
1983-12-22,Galicia,100,1496.46
1983-12-22,Vietnam,101,1496.43
1983-12-22,Turkey,102,1495.04
1983-12-22,Sudan,103,1492.76
1983-12-22,Belarus,104,1489.64
1983-12-22,Equatorial Guinea,105,1489.24
1983-12-22,Serbia,106,1486.04
1983-12-22,Dominican Republic,107,1485.53
1983-12-22,Bahamas,108,1485.24
1983-12-22,Belize,109,1484.79
1983-12-22,Thailand,110,1484.79
1983-12-22,Andalusia,111,1484.74
1983-12-22,Kernow,112,1484.56
1983-12-22,Armenia,113,1483.96
1983-12-22,Bhutan,114,1482.16
1983-12-22,Azerbaijan,115,1478.22
1983-12-22,Kyrgyzstan,116,1478.06
1983-12-22,Niue,117,1474.97
1983-12-22,American Samoa,118,1474.76
1983-12-22,Norway,119,1474.26
1983-12-22,South Yemen,120,1473.5
1983-12-22,Tuvalu,121,1472.94
1983-12-22,Chad,122,1471.53
1983-12-22,Colombia,123,1471.27
1983-12-22,Grenada,124,1465.7
1983-12-22,Tonga,125,1465.21
1983-12-22,Guam,126,1465.16
1983-12-22,Provence,127,1464.73
1983-12-22,North Vietnam,128,1463.0
1983-12-22,Qatar,129,1462.66
1983-12-22,Comoros,130,1461.73
1983-12-22,Kiribati,131,1461.45
1983-12-22,Rwanda,132,1459.07
1983-12-22,Aruba,133,1458.92
1983-12-22,Ethiopia,134,1458.83
1983-12-22,Guinea-Bissau,135,1458.26
1983-12-22,Singapore,136,1458.16
1983-12-22,Guadeloupe,137,1457.31
1983-12-22,Northern Cyprus,138,1456.06
1983-12-22,São Tomé and Príncipe,139,1455.31
1983-12-22,Gambia,140,1455.27
1983-12-22,Malaysia,141,1452.28
1983-12-22,Myanmar,142,1451.88
1983-12-22,Manchukuo,143,1451.84
1983-12-22,Saarland,144,1449.76
1983-12-22,Cook Islands,145,1449.74
1983-12-22,Ecuador,146,1448.97
1983-12-22,Central African Republic,147,1448.58
1983-12-22,Sierra Leone,148,1448.03
1983-12-22,Papua New Guinea,149,1447.14
1983-12-22,Mongolia,150,1445.12
1983-12-22,Liberia,151,1444.34
1983-12-22,Maldives,152,1443.83
1983-12-22,Yemen DPR,153,1443.28
1983-12-22,Niger,154,1441.52
1983-12-22,Palestine,155,1441.06
1983-12-22,Iceland,156,1440.02
1983-12-22,Cape Verde,157,1437.52
1983-12-22,Taiwan,158,1437.18
1983-12-22,Wallis Islands and Futuna,159,1435.91
1983-12-22,Greenland,160,1434.17
1983-12-22,French Guiana,161,1433.66
1983-12-22,Slovakia,162,1430.5
1983-12-22,Eswatini,163,1429.35
1983-12-22,Réunion,164,1429.12
1983-12-22,Mozambique,165,1424.29
1983-12-22,Cambodia,166,1421.34
1983-12-22,Lebanon,167,1418.02
1983-12-22,Cuba,168,1417.59
1983-12-22,Barbados,169,1417.28
1983-12-22,Bolivia,170,1417.22
1983-12-22,Vietnam Republic,171,1416.37
1983-12-22,United Arab Emirates,172,1416.11
1983-12-22,Curaçao,173,1416.08
1983-12-22,Solomon Islands,174,1413.72
1983-12-22,India,175,1413.17
1983-12-22,Western Australia,176,1409.92
1983-12-22,Syria,177,1408.45
1983-12-22,Macau,178,1408.07
1983-12-22,Nepal,179,1407.91
1983-12-22,Saint Lucia,180,1407.64
1983-12-22,Pakistan,181,1407.54
1983-12-22,Burundi,182,1407.35
1983-12-22,Burkina Faso,183,1405.48
1983-12-22,Gabon,184,1405.31
1983-12-22,Finland,185,1401.5
1983-12-22,Benin,186,1399.36
1983-12-22,Saint Kitts and Nevis,187,1397.08
1983-12-22,Lithuania,188,1395.78
1983-12-22,Bahrain,189,1390.26
1983-12-22,Antigua and Barbuda,190,1389.23
1983-12-22,Djibouti,191,1387.55
1983-12-22,Dominica,192,1384.91
1983-12-22,Faroe Islands,193,1380.12
1983-12-22,Indonesia,194,1377.96
1983-12-22,Seychelles,195,1376.23
1983-12-22,Samoa,196,1375.61
1983-12-22,Jamaica,197,1374.99
1983-12-22,Vanuatu,198,1368.58
1983-12-22,Albania,199,1366.76
1983-12-22,Latvia,200,1365.85
1983-12-22,Venezuela,201,1365.14
1983-12-22,Botswana,202,1361.88
1983-12-22,Guyana,203,1359.02
1983-12-22,Lesotho,204,1354.92
1983-12-22,Bermuda,205,1352.3
1983-12-22,Jordan,206,1350.14
1983-12-22,Mauritania,207,1344.24
1983-12-22,Malta,208,1341.21
1983-12-22,Afghanistan,209,1340.22
1983-12-22,Bangladesh,210,1334.29
1983-12-22,Yemen,211,1331.74
1983-12-22,Panama,212,1328.36
1983-12-22,Brunei,213,1318.63
1983-12-22,Somalia,214,1316.41
1983-12-22,Puerto Rico,215,1287.1
1983-12-22,Oman,216,1276.61
1983-12-22,Laos,217,1258.78
1983-12-22,Nicaragua,218,1247.17
1983-12-22,Cyprus,219,1245.38
1983-12-22,Zanzibar,220,1240.45
1983-12-22,Sri Lanka,221,1239.61
1983-12-22,Philippines,222,1227.81
1983-12-22,Estonia,223,1220.66
1983-12-22,Luxembourg,224,1191.26
1983-12-22,Alderney,225,1178.14
1984-12-30,France,1,1879.96
1984-12-30,Germany,2,1817.88
1984-12-30,Brazil,3,1817.87
1984-12-30,Russia,4,1812.12
1984-12-30,Iraq,5,1769.32
1984-12-30,England,6,1757.1
1984-12-30,Argentina,7,1743.71
1984-12-30,Uruguay,8,1731.08
1984-12-30,Scotland,9,1726.1
1984-12-30,Tahiti,10,1723.19
1984-12-30,Italy,11,1722.08
1984-12-30,Mexico,12,1716.19
1984-12-30,German DR,13,1713.5
1984-12-30,Spain,14,1713.3
1984-12-30,Iran,15,1702.73
1984-12-30,Yugoslavia,16,1702.32
1984-12-30,Poland,17,1701.99
1984-12-30,Portugal,18,1700.91
1984-12-30,Ghana,19,1693.19
1984-12-30,Austria,20,1692.14
1984-12-30,Denmark,21,1691.47
1984-12-30,Hungary,22,1689.04
1984-12-30,Netherlands,23,1682.17
1984-12-30,Belgium,24,1682.03
1984-12-30,Jersey,25,1681.53
1984-12-30,Algeria,26,1676.74
1984-12-30,Chile,27,1675.27
1984-12-30,Malawi,28,1674.03
1984-12-30,Northern Ireland,29,1670.98
1984-12-30,Ivory Coast,30,1668.76
1984-12-30,Czechoslovakia,31,1660.92
1984-12-30,Saudi Arabia,32,1643.73
1984-12-30,Japan,33,1643.26
1984-12-30,Morocco,34,1642.31
1984-12-30,Guernsey,35,1642.25
1984-12-30,Switzerland,36,1642.1
1984-12-30,South Korea,37,1635.7
1984-12-30,Cameroon,38,1635.52
1984-12-30,Egypt,39,1634.93
1984-12-30,New Zealand,40,1634.62
1984-12-30,Honduras,41,1631.93
1984-12-30,Paraguay,42,1631.24
1984-12-30,Tunisia,43,1631.11
1984-12-30,Zambia,44,1629.9
1984-12-30,Sweden,45,1629.13
1984-12-30,Wales,46,1628.35
1984-12-30,Kuwait,47,1624.95
1984-12-30,China,48,1624.86
1984-12-30,North Korea,49,1624.14
1984-12-30,South Africa,50,1623.83
1984-12-30,Basque Country,51,1618.32
1984-12-30,Israel,52,1609.57
1984-12-30,Libya,53,1607.21
1984-12-30,Nigeria,54,1600.62
1984-12-30,Bulgaria,55,1597.98
1984-12-30,Martinique,56,1597.29
1984-12-30,Romania,57,1595.83
1984-12-30,Norway,58,1589.97
1984-12-30,Republic of Ireland,59,1579.41
1984-12-30,Madagascar,60,1579.04
1984-12-30,New Caledonia,61,1573.85
1984-12-30,DR Congo,62,1572.96
1984-12-30,Croatia,63,1569.19
1984-12-30,Saint Vincent and the Grenadines,64,1567.68
1984-12-30,Australia,65,1566.72
1984-12-30,Togo,66,1565.98
1984-12-30,Uganda,67,1564.48
1984-12-30,Qatar,68,1551.69
1984-12-30,Senegal,69,1546.3
1984-12-30,Zimbabwe,70,1541.63
1984-12-30,El Salvador,71,1541.59
1984-12-30,Costa Rica,72,1539.01
1984-12-30,Congo,73,1538.63
1984-12-30,Guatemala,74,1537.79
1984-12-30,Trinidad and Tobago,75,1536.31
1984-12-30,Kenya,76,1534.54
1984-12-30,Angola,77,1534.13
1984-12-30,Suriname,78,1527.63
1984-12-30,Ukraine,79,1527.16
1984-12-30,Peru,80,1524.32
1984-12-30,Mali,81,1519.96
1984-12-30,Corsica,82,1518.41
1984-12-30,Asturias,83,1517.44
1984-12-30,Kazakhstan,84,1516.27
1984-12-30,United States,85,1515.14
1984-12-30,Brittany,86,1513.29
1984-12-30,Georgia,87,1510.65
1984-12-30,Moldova,88,1509.93
1984-12-30,Greece,89,1507.67
1984-12-30,Silesia,90,1505.77
1984-12-30,Catalonia,91,1504.85
1984-12-30,Montenegro,92,1502.39
1984-12-30,Central Spain,93,1501.37
1984-12-30,Tanzania,94,1501.22
1984-12-30,Fiji,95,1500.82
1984-12-30,Ethiopia,96,1497.12
1984-12-30,Galicia,97,1496.46
1984-12-30,Vietnam,98,1496.43
1984-12-30,Thailand,99,1494.94
1984-12-30,Malaysia,100,1494.77
1984-12-30,Sudan,101,1494.37
1984-12-30,Liechtenstein,102,1491.21
1984-12-30,United Arab Emirates,103,1490.79
1984-12-30,Belarus,104,1489.64
1984-12-30,Serbia,105,1486.04
1984-12-30,Dominican Republic,106,1485.53
1984-12-30,Bahamas,107,1485.24
1984-12-30,Belize,108,1484.79
1984-12-30,Andalusia,109,1484.74
1984-12-30,Kernow,110,1484.56
1984-12-30,Armenia,111,1483.96
1984-12-30,Haiti,112,1482.6
1984-12-30,Colombia,113,1481.27
1984-12-30,Azerbaijan,114,1478.22
1984-12-30,Kyrgyzstan,115,1478.06
1984-12-30,Grenada,116,1478.05
1984-12-30,Canada,117,1477.36
1984-12-30,Guinea-Bissau,118,1476.92
1984-12-30,Hong Kong,119,1476.6
1984-12-30,Guinea,120,1475.89
1984-12-30,Niue,121,1474.97
1984-12-30,American Samoa,122,1474.76
1984-12-30,South Yemen,123,1473.5
1984-12-30,Turkey,124,1472.95
1984-12-30,Tuvalu,125,1472.94
1984-12-30,Equatorial Guinea,126,1471.14
1984-12-30,Iceland,127,1470.41
1984-12-30,Mauritius,128,1468.14
1984-12-30,Tonga,129,1465.21
1984-12-30,Guam,130,1465.16
1984-12-30,Burkina Faso,131,1465.0
1984-12-30,Provence,132,1464.73
1984-12-30,North Vietnam,133,1463.0
1984-12-30,Comoros,134,1461.73
1984-12-30,Kiribati,135,1461.45
1984-12-30,Chad,136,1460.63
1984-12-30,Papua New Guinea,137,1459.43
1984-12-30,Rwanda,138,1459.07
1984-12-30,Aruba,139,1458.92
1984-12-30,Guadeloupe,140,1457.31
1984-12-30,Northern Cyprus,141,1456.06
1984-12-30,Sierra Leone,142,1455.89
1984-12-30,São Tomé and Príncipe,143,1455.31
1984-12-30,Myanmar,144,1451.88
1984-12-30,Manchukuo,145,1451.84
1984-12-30,Saarland,146,1449.76
1984-12-30,Cook Islands,147,1449.74
1984-12-30,Ecuador,148,1448.54
1984-12-30,Mozambique,149,1445.99
1984-12-30,Mongolia,150,1445.12
1984-12-30,Yemen DPR,151,1443.28
1984-12-30,Gambia,152,1442.11
1984-12-30,Palestine,153,1441.06
1984-12-30,Taiwan,154,1437.18
1984-12-30,Wallis Islands and Futuna,155,1435.91
1984-12-30,French Guiana,156,1433.66
1984-12-30,Singapore,157,1433.16
1984-12-30,Réunion,158,1432.87
1984-12-30,Saint Lucia,159,1431.39
1984-12-30,Slovakia,160,1430.5
1984-12-30,Central African Republic,161,1428.4
1984-12-30,Niger,162,1428.19
1984-12-30,Cuba,163,1425.89
1984-12-30,Syria,164,1423.83
1984-12-30,Bhutan,165,1423.62
1984-12-30,Maldives,166,1423.56
1984-12-30,Eswatini,167,1423.35
1984-12-30,Finland,168,1422.65
1984-12-30,Cambodia,169,1421.34
1984-12-30,Lebanon,170,1418.02
1984-12-30,Barbados,171,1417.28
1984-12-30,Bolivia,172,1417.22
1984-12-30,Vietnam Republic,173,1416.37
1984-12-30,Faroe Islands,174,1415.92
1984-12-30,Solomon Islands,175,1413.72
1984-12-30,Gabon,176,1411.69
1984-12-30,Western Australia,177,1409.92
1984-12-30,Cape Verde,178,1409.12
1984-12-30,Curaçao,179,1407.99
1984-12-30,Burundi,180,1407.35
1984-12-30,Albania,181,1403.46
1984-12-30,Antigua and Barbuda,182,1399.43
1984-12-30,Saint Kitts and Nevis,183,1397.08
1984-12-30,Macau,184,1396.47
1984-12-30,Lithuania,185,1395.78
1984-12-30,Bahrain,186,1392.53
1984-12-30,Liberia,187,1386.94
1984-12-30,Pakistan,188,1386.03
1984-12-30,Greenland,189,1384.12
1984-12-30,India,190,1379.04
1984-12-30,Seychelles,191,1376.23
1984-12-30,Samoa,192,1375.61
1984-12-30,Benin,193,1375.42
1984-12-30,Guyana,194,1373.21
1984-12-30,Dominica,195,1372.57
1984-12-30,Indonesia,196,1372.26
1984-12-30,Vanuatu,197,1368.58
1984-12-30,Nepal,198,1366.61
1984-12-30,Latvia,199,1365.85
1984-12-30,Venezuela,200,1365.14
1984-12-30,Jamaica,201,1363.75
1984-12-30,Bangladesh,202,1358.39
1984-12-30,Jordan,203,1357.98
1984-12-30,Djibouti,204,1355.89
1984-12-30,Somalia,205,1352.97
1984-12-30,Bermuda,206,1352.3
1984-12-30,Botswana,207,1352.28
1984-12-30,Lesotho,208,1342.29
1984-12-30,Mauritania,209,1325.59
1984-12-30,Malta,210,1325.44
1984-12-30,Panama,211,1325.2
1984-12-30,Afghanistan,212,1317.23
1984-12-30,Brunei,213,1313.43
1984-12-30,Yemen,214,1292.46
1984-12-30,Oman,215,1281.28
1984-12-30,Puerto Rico,216,1276.86
1984-12-30,Laos,217,1258.78
1984-12-30,Cyprus,218,1253.91
1984-12-30,Sri Lanka,219,1252.82
1984-12-30,Nicaragua,220,1234.88
1984-12-30,Zanzibar,221,1222.45
1984-12-30,Estonia,222,1220.66
1984-12-30,Philippines,223,1192.36
1984-12-30,Alderney,224,1176.22
1984-12-30,Luxembourg,225,1154.04
1985-12-29,Russia,1,1862.77
1985-12-29,France,2,1844.63
1985-12-29,Brazil,3,1776.96
1985-12-29,Mexico,4,1761.18
1985-12-29,Germany,5,1742.46
1985-12-29,Tahiti,6,1740.56
1985-12-29,Hungary,7,1735.35
1985-12-29,England,8,1732.56
1985-12-29,Iraq,9,1729.9
1985-12-29,Spain,10,1728.5
1985-12-29,Scotland,11,1719.66
1985-12-29,Argentina,12,1717.23
1985-12-29,Netherlands,13,1717.07
1985-12-29,Uruguay,14,1715.7
1985-12-29,Italy,15,1709.47
1985-12-29,German DR,16,1709.23
1985-12-29,Denmark,17,1704.42
1985-12-29,Belgium,18,1703.52
1985-12-29,Yugoslavia,19,1697.96
1985-12-29,Iran,20,1689.02
1985-12-29,South Korea,21,1685.67
1985-12-29,Sweden,22,1680.11
1985-12-29,Northern Ireland,23,1678.52
1985-12-29,Morocco,24,1674.15
1985-12-29,Chile,25,1668.36
1985-12-29,Portugal,26,1668.11
1985-12-29,Czechoslovakia,27,1666.55
1985-12-29,Algeria,28,1666.19
1985-12-29,Jersey,29,1665.3
1985-12-29,Guernsey,30,1660.13
1985-12-29,Austria,31,1658.91
1985-12-29,Tunisia,32,1656.15
1985-12-29,Libya,33,1648.75
1985-12-29,Japan,34,1646.96
1985-12-29,Ivory Coast,35,1646.66
1985-12-29,Bulgaria,36,1645.03
1985-12-29,New Zealand,37,1644.64
1985-12-29,Malawi,38,1643.96
1985-12-29,Zambia,39,1636.79
1985-12-29,Wales,40,1635.52
1985-12-29,Poland,41,1634.18
1985-12-29,Ghana,42,1633.19
1985-12-29,Honduras,43,1632.73
1985-12-29,Paraguay,44,1630.99
1985-12-29,Australia,45,1630.86
1985-12-29,Egypt,46,1626.75
1985-12-29,Nigeria,47,1625.92
1985-12-29,Romania,48,1623.84
1985-12-29,South Africa,49,1623.83
1985-12-29,Switzerland,50,1622.58
1985-12-29,Zimbabwe,51,1622.21
1985-12-29,Basque Country,52,1618.32
1985-12-29,Senegal,53,1617.32
1985-12-29,North Korea,54,1614.52
1985-12-29,Martinique,55,1612.58
1985-12-29,Canada,56,1605.48
1985-12-29,Saudi Arabia,57,1605.2
1985-12-29,Kuwait,58,1602.21
1985-12-29,China,59,1600.21
1985-12-29,Israel,60,1599.3
1985-12-29,Cameroon,61,1598.59
1985-12-29,Norway,62,1595.15
1985-12-29,DR Congo,63,1592.62
1985-12-29,Peru,64,1591.49
1985-12-29,Colombia,65,1588.96
1985-12-29,Costa Rica,66,1574.64
1985-12-29,Republic of Ireland,67,1574.02
1985-12-29,New Caledonia,68,1573.85
1985-12-29,Croatia,69,1569.19
1985-12-29,Uganda,70,1566.4
1985-12-29,El Salvador,71,1564.5
1985-12-29,Togo,72,1553.37
1985-12-29,Qatar,73,1546.92
1985-12-29,Saint Vincent and the Grenadines,74,1545.06
1985-12-29,Madagascar,75,1544.44
1985-12-29,Hong Kong,76,1540.19
1985-12-29,Guatemala,77,1538.3
1985-12-29,Angola,78,1531.53
1985-12-29,Mali,79,1527.63
1985-12-29,Ukraine,80,1527.16
1985-12-29,United Arab Emirates,81,1521.66
1985-12-29,Congo,82,1519.47
1985-12-29,Corsica,83,1518.41
1985-12-29,Asturias,84,1517.44
1985-12-29,Kazakhstan,85,1516.27
1985-12-29,British Virgin Islands,86,1516.0
1985-12-29,Brittany,87,1513.29
1985-12-29,United States,88,1511.76
1985-12-29,Georgia,89,1510.65
1985-12-29,Greece,90,1510.47
1985-12-29,Moldova,91,1509.93
1985-12-29,Silesia,92,1505.77
1985-12-29,Catalonia,93,1504.85
1985-12-29,Montenegro,94,1502.39
1985-12-29,Central Spain,95,1501.37
1985-12-29,Suriname,96,1500.51
1985-12-29,Mauritius,97,1497.49
1985-12-29,Ethiopia,98,1497.12
1985-12-29,Galicia,99,1496.46
1985-12-29,Vietnam,100,1496.43
1985-12-29,Kenya,101,1495.79
1985-12-29,Liechtenstein,102,1491.21
1985-12-29,Syria,103,1490.3
1985-12-29,Belarus,104,1489.64
1985-12-29,Sudan,105,1488.12
1985-12-29,Serbia,106,1486.04
1985-12-29,Dominican Republic,107,1485.53
1985-12-29,Bahamas,108,1485.24
1985-12-29,Belize,109,1484.79
1985-12-29,Andalusia,110,1484.74
1985-12-29,Kernow,111,1484.56
1985-12-29,Gabon,112,1484.29
1985-12-29,Anguilla,113,1484.0
1985-12-29,Armenia,114,1483.96
1985-12-29,Guadeloupe,115,1479.84
1985-12-29,Azerbaijan,116,1478.22
1985-12-29,Kyrgyzstan,117,1478.06
1985-12-29,Cayman Islands,118,1477.79
1985-12-29,Malaysia,119,1476.02
1985-12-29,Niue,120,1474.97
1985-12-29,American Samoa,121,1474.76
1985-12-29,South Yemen,122,1473.5
1985-12-29,Tanzania,123,1473.33
1985-12-29,Tuvalu,124,1472.94
1985-12-29,Iceland,125,1472.67
1985-12-29,Mozambique,126,1471.33
1985-12-29,Thailand,127,1470.26
1985-12-29,Ecuador,128,1469.01
1985-12-29,Guinea,129,1467.98
1985-12-29,Singapore,130,1465.67
1985-12-29,Myanmar,131,1465.23
1985-12-29,Tonga,132,1465.21
1985-12-29,Guam,133,1465.16
1985-12-29,Burkina Faso,134,1465.0
1985-12-29,Provence,135,1464.73
1985-12-29,North Vietnam,136,1463.0
1985-12-29,Kiribati,137,1461.45
1985-12-29,Equatorial Guinea,138,1461.01
1985-12-29,Rwanda,139,1459.07
1985-12-29,Aruba,140,1458.92
1985-12-29,Papua New Guinea,141,1457.67
1985-12-29,Northern Cyprus,142,1456.06
1985-12-29,Fiji,143,1455.35
1985-12-29,Sierra Leone,144,1454.9
1985-12-29,Manchukuo,145,1451.84
1985-12-29,Réunion,146,1451.4
1985-12-29,Saarland,147,1449.76
1985-12-29,Cook Islands,148,1449.74
1985-12-29,Grenada,149,1449.17
1985-12-29,Trinidad and Tobago,150,1446.77
1985-12-29,Bahrain,151,1446.24
1985-12-29,Mongolia,152,1445.12
1985-12-29,Barbados,153,1445.0
1985-12-29,Turkey,154,1443.86
1985-12-29,Comoros,155,1442.69
1985-12-29,São Tomé and Príncipe,156,1442.67
1985-12-29,Bolivia,157,1441.07
1985-12-29,Palestine,158,1441.06
1985-12-29,Chad,159,1440.5
1985-12-29,Gambia,160,1440.21
1985-12-29,Wallis Islands and Futuna,161,1435.91
1985-12-29,Slovakia,162,1430.5
1985-12-29,Haiti,163,1429.48
1985-12-29,Guinea-Bissau,164,1428.57
1985-12-29,Niger,165,1428.19
1985-12-29,Cape Verde,166,1427.94
1985-12-29,Saint Kitts and Nevis,167,1427.04
1985-12-29,India,168,1425.55
1985-12-29,Yemen DPR,169,1425.18
1985-12-29,Eswatini,170,1423.35
1985-12-29,Cambodia,171,1421.34
1985-12-29,Saint Lucia,172,1421.01
1985-12-29,Finland,173,1419.23
1985-12-29,Lebanon,174,1418.02
1985-12-29,Vietnam Republic,175,1416.37
1985-12-29,Solomon Islands,176,1413.72
1985-12-29,Western Australia,177,1409.92
1985-12-29,Curaçao,178,1407.99
1985-12-29,Burundi,179,1407.35
1985-12-29,Cuba,180,1406.76
1985-12-29,French Guiana,181,1403.36
1985-12-29,Central African Republic,182,1400.7
1985-12-29,Antigua and Barbuda,183,1400.17
1985-12-29,Guyana,184,1398.61
1985-12-29,Bangladesh,185,1396.56
1985-12-29,Albania,186,1396.5
1985-12-29,Lithuania,187,1395.78
1985-12-29,Taiwan,188,1391.65
1985-12-29,Faroe Islands,189,1388.52
1985-12-29,Bhutan,190,1387.32
1985-12-29,Liberia,191,1386.94
1985-12-29,Greenland,192,1384.12
1985-12-29,Jamaica,193,1379.04
1985-12-29,Samoa,194,1375.61
1985-12-29,Benin,195,1375.42
1985-12-29,Pakistan,196,1374.38
1985-12-29,Maldives,197,1374.0
1985-12-29,Macau,198,1373.68
1985-12-29,Vanuatu,199,1368.58
1985-12-29,Latvia,200,1365.85
1985-12-29,Dominica,201,1360.56
1985-12-29,Seychelles,202,1356.4
1985-12-29,Djibouti,203,1355.89
1985-12-29,Somalia,204,1352.97
1985-12-29,Bermuda,205,1352.3
1985-12-29,Botswana,206,1352.28
1985-12-29,Panama,207,1349.66
1985-12-29,Jordan,208,1349.31
1985-12-29,Lesotho,209,1342.29
1985-12-29,Nepal,210,1341.03
1985-12-29,Malta,211,1340.73
1985-12-29,Indonesia,212,1340.01
1985-12-29,Venezuela,213,1336.86
1985-12-29,Afghanistan,214,1317.23
1985-12-29,Mauritania,215,1309.67
1985-12-29,Oman,216,1281.28
1985-12-29,Puerto Rico,217,1276.86
1985-12-29,Yemen,218,1264.08
1985-12-29,Laos,219,1258.78
1985-12-29,Brunei,220,1258.3
1985-12-29,Sri Lanka,221,1252.82
1985-12-29,Cyprus,222,1246.65
1985-12-29,Nicaragua,223,1234.88
1985-12-29,Zanzibar,224,1222.45
1985-12-29,Estonia,225,1220.66
1985-12-29,Alderney,226,1174.56
1985-12-29,Philippines,227,1169.28
1985-12-29,Luxembourg,228,1159.03
1986-12-21,Brazil,1,1824.31
1986-12-21,Spain,2,1812.14
1986-12-21,France,3,1795.68
1986-12-21,Mexico,4,1795.12
1986-12-21,England,5,1786.45
1986-12-21,Russia,6,1785.88
1986-12-21,Germany,7,1783.13
1986-12-21,Argentina,8,1782.64
1986-12-21,Italy,9,1742.33
1986-12-21,Tahiti,10,1740.56
1986-12-21,Denmark,11,1729.18
1986-12-21,Czechoslovakia,12,1720.78
1986-12-21,Netherlands,13,1719.38
1986-12-21,Sweden,14,1704.79
1986-12-21,Kuwait,15,1701.7
1986-12-21,Yugoslavia,16,1699.53
1986-12-21,Hungary,17,1696.31
1986-12-21,Iran,18,1694.92
1986-12-21,Scotland,19,1691.52
1986-12-21,Cameroon,20,1686.09
1986-12-21,Romania,21,1686.0
1986-12-21,Belgium,22,1685.19
1986-12-21,Jersey,23,1681.15
1986-12-21,Paraguay,24,1676.01
1986-12-21,South Korea,25,1675.13
1986-12-21,Senegal,26,1674.66
1986-12-21,Austria,27,1674.0
1986-12-21,Uruguay,28,1673.77
1986-12-21,Chile,29,1673.5
1986-12-21,German DR,30,1657.11
1986-12-21,Ghana,31,1653.63
1986-12-21,Northern Ireland,32,1652.74
1986-12-21,Wales,33,1652.51
1986-12-21,Norway,34,1650.59
1986-12-21,Libya,35,1648.75
1986-12-21,China,36,1646.73
1986-12-21,Poland,37,1646.25
1986-12-21,Guernsey,38,1646.13
1986-12-21,Ivory Coast,39,1645.91
1986-12-21,Morocco,40,1645.15
1986-12-21,Australia,41,1643.82
1986-12-21,Algeria,42,1641.13
1986-12-21,Zambia,43,1640.32
1986-12-21,New Zealand,44,1639.41
1986-12-21,Honduras,45,1638.55
1986-12-21,Portugal,46,1637.84
1986-12-21,Bulgaria,47,1636.86
1986-12-21,Egypt,48,1635.48
1986-12-21,Japan,49,1631.06
1986-12-21,South Africa,50,1623.83
1986-12-21,Zimbabwe,51,1622.21
1986-12-21,Tunisia,52,1621.89
1986-12-21,Iraq,53,1621.56
1986-12-21,Basque Country,54,1618.32
1986-12-21,DR Congo,55,1613.57
1986-12-21,Switzerland,56,1612.15
1986-12-21,North Korea,57,1608.99
1986-12-21,Nigeria,58,1608.32
1986-12-21,Saudi Arabia,59,1600.02
1986-12-21,Martinique,60,1597.07
1986-12-21,Republic of Ireland,61,1592.71
1986-12-21,Malawi,62,1592.62
1986-12-21,Colombia,63,1588.96
1986-12-21,Uganda,64,1580.15
1986-12-21,Peru,65,1576.04
1986-12-21,Costa Rica,66,1574.64
1986-12-21,New Caledonia,67,1573.85
1986-12-21,Croatia,68,1569.19
1986-12-21,Israel,69,1568.11
1986-12-21,El Salvador,70,1564.5
1986-12-21,Canada,71,1559.19
1986-12-21,United Arab Emirates,72,1559.12
1986-12-21,Greece,73,1550.73
1986-12-21,Madagascar,74,1544.44
1986-12-21,Guatemala,75,1538.3
1986-12-21,Togo,76,1537.52
1986-12-21,Ukraine,77,1527.16
1986-12-21,Angola,78,1525.56
1986-12-21,Congo,79,1525.03
1986-12-21,Ethiopia,80,1523.97
1986-12-21,Hong Kong,81,1523.63
1986-12-21,Saint Vincent and the Grenadines,82,1523.24
1986-12-21,Corsica,83,1518.41
1986-12-21,Asturias,84,1517.44
1986-12-21,Kazakhstan,85,1516.27
1986-12-21,Qatar,86,1516.17
1986-12-21,British Virgin Islands,87,1516.0
1986-12-21,Mali,88,1513.5
1986-12-21,Brittany,89,1513.29
1986-12-21,United States,90,1511.76
1986-12-21,Georgia,91,1510.65
1986-12-21,Moldova,92,1509.93
1986-12-21,Sierra Leone,93,1506.16
1986-12-21,Silesia,94,1505.77
1986-12-21,Catalonia,95,1504.85
1986-12-21,Montenegro,96,1502.39
1986-12-21,Central Spain,97,1501.37
1986-12-21,Gabon,98,1500.73
1986-12-21,Suriname,99,1500.51
1986-12-21,Galicia,100,1496.46
1986-12-21,Vietnam,101,1496.43
1986-12-21,Liechtenstein,102,1491.21
1986-12-21,Belarus,103,1489.64
1986-12-21,Sudan,104,1488.12
1986-12-21,Serbia,105,1486.04
1986-12-21,Finland,106,1485.24
1986-12-21,Bahamas,107,1485.24
1986-12-21,Malaysia,108,1484.92
1986-12-21,Belize,109,1484.79
1986-12-21,Andalusia,110,1484.74
1986-12-21,Kernow,111,1484.56
1986-12-21,Anguilla,112,1484.0
1986-12-21,Armenia,113,1483.96
1986-12-21,Syria,114,1481.62
1986-12-21,Myanmar,115,1479.3
1986-12-21,Mauritius,116,1478.74
1986-12-21,Azerbaijan,117,1478.22
1986-12-21,Kyrgyzstan,118,1478.06
1986-12-21,Cayman Islands,119,1477.79
1986-12-21,Niue,120,1474.97
1986-12-21,American Samoa,121,1474.76
1986-12-21,Kenya,122,1474.5
1986-12-21,South Yemen,123,1473.5
1986-12-21,Tuvalu,124,1472.94
1986-12-21,Guadeloupe,125,1469.69
1986-12-21,Turkey,126,1469.29
1986-12-21,Ecuador,127,1469.01
1986-12-21,Réunion,128,1467.96
1986-12-21,Rwanda,129,1465.6
1986-12-21,Tonga,130,1465.21
1986-12-21,Guam,131,1465.16
1986-12-21,Provence,132,1464.73
1986-12-21,Dominican Republic,133,1463.57
1986-12-21,North Vietnam,134,1463.0
1986-12-21,Kiribati,135,1461.45
1986-12-21,Aruba,136,1458.92
1986-12-21,Papua New Guinea,137,1457.67
1986-12-21,Iceland,138,1457.12
1986-12-21,Northern Cyprus,139,1456.06
1986-12-21,Manchukuo,140,1451.84
1986-12-21,Guinea,141,1450.72
1986-12-21,Saarland,142,1449.76
1986-12-21,Cook Islands,143,1449.74
1986-12-21,Trinidad and Tobago,144,1446.77
1986-12-21,Chad,145,1445.99
1986-12-21,Tanzania,146,1445.97
1986-12-21,Mongolia,147,1445.12
1986-12-21,Bahrain,148,1444.05
1986-12-21,Comoros,149,1442.69
1986-12-21,São Tomé and Príncipe,150,1442.67
1986-12-21,Bolivia,151,1441.07
1986-12-21,Palestine,152,1441.06
1986-12-21,Fiji,153,1439.78
1986-12-21,Grenada,154,1439.52
1986-12-21,Mozambique,155,1438.9
1986-12-21,Equatorial Guinea,156,1436.19
1986-12-21,Wallis Islands and Futuna,157,1435.91
1986-12-21,Niger,158,1435.11
1986-12-21,Saint Lucia,159,1434.58
1986-12-21,Slovakia,160,1430.5
1986-12-21,Haiti,161,1429.48
1986-12-21,Cape Verde,162,1427.94
1986-12-21,Burkina Faso,163,1427.91
1986-12-21,Saint Kitts and Nevis,164,1427.04
1986-12-21,Barbados,165,1426.87
1986-12-21,Yemen DPR,166,1425.18
1986-12-21,Cambodia,167,1421.34
1986-12-21,Lebanon,168,1418.02
1986-12-21,Guyana,169,1416.73
1986-12-21,Thailand,170,1416.49
1986-12-21,Vietnam Republic,171,1416.37
1986-12-21,Solomon Islands,172,1413.72
1986-12-21,Guinea-Bissau,173,1410.64
1986-12-21,Western Australia,174,1409.92
1986-12-21,Liberia,175,1409.83
1986-12-21,Gambia,176,1409.17
1986-12-21,Singapore,177,1408.96
1986-12-21,Curaçao,178,1407.99
1986-12-21,Burundi,179,1407.35
1986-12-21,French Guiana,180,1405.55
1986-12-21,Cuba,181,1404.88
1986-12-21,Eswatini,182,1403.67
1986-12-21,Antigua and Barbuda,183,1400.17
1986-12-21,Lithuania,184,1395.78
1986-12-21,Taiwan,185,1391.65
1986-12-21,Faroe Islands,186,1388.52
1986-12-21,Botswana,187,1387.85
1986-12-21,Albania,188,1387.7
1986-12-21,India,189,1386.74
1986-12-21,Greenland,190,1384.12
1986-12-21,Samoa,191,1375.61
1986-12-21,Benin,192,1375.42
1986-12-21,Bangladesh,193,1374.79
1986-12-21,Maldives,194,1374.0
1986-12-21,Jamaica,195,1372.93
1986-12-21,Bhutan,196,1369.12
1986-12-21,Vanuatu,197,1368.58
1986-12-21,Panama,198,1367.67
1986-12-21,Latvia,199,1365.85
1986-12-21,Macau,200,1364.81
1986-12-21,Dominica,201,1360.56
1986-12-21,Pakistan,202,1360.28
1986-12-21,Indonesia,203,1360.24
1986-12-21,Central African Republic,204,1360.19
1986-12-21,Seychelles,205,1356.4
1986-12-21,Bermuda,206,1352.3
1986-12-21,Jordan,207,1349.31
1986-12-21,Somalia,208,1346.33
1986-12-21,Nepal,209,1344.68
1986-12-21,Djibouti,210,1343.37
1986-12-21,Lesotho,211,1342.29
1986-12-21,Venezuela,212,1336.86
1986-12-21,Malta,213,1334.28
1986-12-21,Oman,214,1331.33
1986-12-21,Afghanistan,215,1317.23
1986-12-21,Mauritania,216,1279.57
1986-12-21,Puerto Rico,217,1276.86
1986-12-21,Yemen,218,1264.08
1986-12-21,Laos,219,1258.78
1986-12-21,Brunei,220,1258.3
1986-12-21,Cyprus,221,1250.19
1986-12-21,Sri Lanka,222,1240.0
1986-12-21,Nicaragua,223,1234.88
1986-12-21,Zanzibar,224,1222.45
1986-12-21,Estonia,225,1220.66
1986-12-21,Alderney,226,1172.72
1986-12-21,Philippines,227,1169.28
1986-12-21,Luxembourg,228,1154.45
1987-12-27,Mexico,1,1816.49
1987-12-27,Brazil,2,1812.5
1987-12-27,England,3,1798.0
1987-12-27,Germany,4,1797.94
1987-12-27,Spain,5,1795.5
1987-12-27,Italy,6,1787.02
1987-12-27,Russia,7,1783.02
1987-12-27,Netherlands,8,1768.99
1987-12-27,France,9,1735.78
1987-12-27,Argentina,10,1723.6
1987-12-27,Uruguay,11,1722.21
1987-12-27,Tahiti,12,1720.83
1987-12-27,Sweden,13,1718.67
1987-12-27,Yugoslavia,14,1706.17
1987-12-27,Denmark,15,1704.22
1987-12-27,Czechoslovakia,16,1700.49
1987-12-27,Romania,17,1700.1
1987-12-27,Jersey,18,1697.1
1987-12-27,Iran,19,1694.92
1987-12-27,German DR,20,1687.59
1987-12-27,Chile,21,1686.34
1987-12-27,Scotland,22,1684.99
1987-12-27,Hungary,23,1682.73
1987-12-27,Egypt,24,1678.94
1987-12-27,Kuwait,25,1673.17
1987-12-27,Paraguay,26,1671.04
1987-12-27,Cameroon,27,1669.59
1987-12-27,South Korea,28,1665.68
1987-12-27,Ivory Coast,29,1660.79
1987-12-27,Republic of Ireland,30,1659.75
1987-12-27,New Zealand,31,1657.24
1987-12-27,Austria,32,1656.32
1987-12-27,Wales,33,1655.8
1987-12-27,Honduras,34,1655.52
1987-12-27,Poland,35,1651.69
1987-12-27,Belgium,36,1650.96
1987-12-27,Libya,37,1648.75
1987-12-27,Portugal,38,1644.42
1987-12-27,Australia,39,1642.43
1987-12-27,Zambia,40,1641.24
1987-12-27,Bulgaria,41,1639.94
1987-12-27,Switzerland,42,1634.73
1987-12-27,Ghana,43,1634.36
1987-12-27,North Korea,44,1632.29
1987-12-27,Guernsey,45,1631.81
1987-12-27,New Caledonia,46,1631.63
1987-12-27,Japan,47,1631.25
1987-12-27,China,48,1627.67
1987-12-27,Iraq,49,1626.92
1987-12-27,Northern Ireland,50,1624.9
1987-12-27,South Africa,51,1623.83
1987-12-27,Basque Country,52,1618.32
1987-12-27,Colombia,53,1616.66
1987-12-27,Nigeria,54,1611.75
1987-12-27,DR Congo,55,1610.33
1987-12-27,Uganda,56,1609.52
1987-12-27,Algeria,57,1606.75
1987-12-27,Morocco,58,1604.4
1987-12-27,Norway,59,1603.27
1987-12-27,Saudi Arabia,60,1600.02
1987-12-27,Malawi,61,1598.65
1987-12-27,Zimbabwe,62,1597.18
1987-12-27,Senegal,63,1592.54
1987-12-27,Martinique,64,1590.54
1987-12-27,Sierra Leone,65,1575.41
1987-12-27,Peru,66,1574.69
1987-12-27,Costa Rica,67,1574.64
1987-12-27,Croatia,68,1569.19
1987-12-27,Greece,69,1568.01
1987-12-27,United Arab Emirates,70,1567.53
1987-12-27,Madagascar,71,1553.9
1987-12-27,El Salvador,72,1553.35
1987-12-27,Togo,73,1549.1
1987-12-27,Ethiopia,74,1548.88
1987-12-27,Canada,75,1540.89
1987-12-27,Guatemala,76,1538.33
1987-12-27,Hong Kong,77,1532.78
1987-12-27,Ukraine,78,1527.16
1987-12-27,Angola,79,1520.55
1987-12-27,Corsica,80,1518.41
1987-12-27,Iceland,81,1518.39
1987-12-27,Tunisia,82,1518.11
1987-12-27,Asturias,83,1517.44
1987-12-27,Kazakhstan,84,1516.27
1987-12-27,Qatar,85,1516.17
1987-12-27,British Virgin Islands,86,1516.0
1987-12-27,Sudan,87,1514.6
1987-12-27,Brittany,88,1513.29
1987-12-27,Georgia,89,1510.65
1987-12-27,Kenya,90,1510.53
1987-12-27,Moldova,91,1509.93
1987-12-27,Guinea,92,1509.79
1987-12-27,Suriname,93,1507.28
1987-12-27,United States,94,1505.78
1987-12-27,Silesia,95,1505.77
1987-12-27,Israel,96,1505.34
1987-12-27,Catalonia,97,1504.85
1987-12-27,Saint Vincent and the Grenadines,98,1502.91
1987-12-27,Montenegro,99,1502.39
1987-12-27,Central Spain,100,1501.37
1987-12-27,Gabon,101,1498.88
1987-12-27,Guadeloupe,102,1498.09
1987-12-27,Papua New Guinea,103,1497.57
1987-12-27,Galicia,104,1496.46
1987-12-27,Vietnam,105,1496.43
1987-12-27,Trinidad and Tobago,106,1492.62
1987-12-27,Liechtenstein,107,1491.21
1987-12-27,Belarus,108,1489.64
1987-12-27,Serbia,109,1486.04
1987-12-27,Bahamas,110,1485.24
1987-12-27,Belize,111,1484.79
1987-12-27,Andalusia,112,1484.74
1987-12-27,Kernow,113,1484.56
1987-12-27,Anguilla,114,1484.0
1987-12-27,Armenia,115,1483.96
1987-12-27,Finland,116,1483.68
1987-12-27,Congo,117,1483.66
1987-12-27,Myanmar,118,1479.3
1987-12-27,Azerbaijan,119,1478.22
1987-12-27,Palau,120,1478.22
1987-12-27,Kyrgyzstan,121,1478.06
1987-12-27,Turkey,122,1475.02
1987-12-27,Niue,123,1474.97
1987-12-27,Mauritius,124,1474.64
1987-12-27,South Yemen,125,1473.5
1987-12-27,Tuvalu,126,1472.94
1987-12-27,Malaysia,127,1467.8
1987-12-27,Chad,128,1466.79
1987-12-27,Mali,129,1466.5
1987-12-27,Rwanda,130,1465.6
1987-12-27,Tonga,131,1465.21
1987-12-27,Guam,132,1465.16
1987-12-27,Provence,133,1464.73
1987-12-27,North Vietnam,134,1463.0
1987-12-27,Syria,135,1462.8
1987-12-27,Kiribati,136,1461.45
1987-12-27,Aruba,137,1458.92
1987-12-27,Cayman Islands,138,1457.11
1987-12-27,Northern Cyprus,139,1456.06
1987-12-27,Réunion,140,1452.64
1987-12-27,Liberia,141,1451.93
1987-12-27,Manchukuo,142,1451.84
1987-12-27,Ecuador,143,1451.76
1987-12-27,Indonesia,144,1450.76
1987-12-27,Saarland,145,1449.76
1987-12-27,Cook Islands,146,1449.74
1987-12-27,Mongolia,147,1445.12
1987-12-27,Burundi,148,1443.86
1987-12-27,Comoros,149,1442.69
1987-12-27,Palestine,150,1441.06
1987-12-27,Fiji,151,1439.78
1987-12-27,Niger,152,1438.87
1987-12-27,Mozambique,153,1437.82
1987-12-27,Guyana,154,1434.47
1987-12-27,Guinea-Bissau,155,1433.28
1987-12-27,Slovakia,156,1430.5
1987-12-27,São Tomé and Príncipe,157,1429.9
1987-12-27,Haiti,158,1429.48
1987-12-27,Bolivia,159,1428.8
1987-12-27,Burkina Faso,160,1427.86
1987-12-27,Saint Kitts and Nevis,161,1427.04
1987-12-27,Equatorial Guinea,162,1426.98
1987-12-27,Bahrain,163,1426.89
1987-12-27,Yemen DPR,164,1425.18
1987-12-27,Panama,165,1424.58
1987-12-27,India,166,1424.01
1987-12-27,Barbados,167,1423.43
1987-12-27,Grenada,168,1423.05
1987-12-27,Cambodia,169,1421.34
1987-12-27,Lebanon,170,1418.02
1987-12-27,Saint Lucia,171,1417.76
1987-12-27,Vietnam Republic,172,1416.37
1987-12-27,Thailand,173,1413.9
1987-12-27,Solomon Islands,174,1413.72
1987-12-27,American Samoa,175,1412.85
1987-12-27,Singapore,176,1412.4
1987-12-27,Jamaica,177,1411.02
1987-12-27,Western Australia,178,1409.92
1987-12-27,Cape Verde,179,1409.85
1987-12-27,Gambia,180,1409.17
1987-12-27,Curaçao,181,1407.99
1987-12-27,Wallis Islands and Futuna,182,1407.79
1987-12-27,Dominican Republic,183,1407.42
1987-12-27,Cuba,184,1405.6
1987-12-27,Eswatini,185,1403.67
1987-12-27,Tanzania,186,1402.84
1987-12-27,Vanuatu,187,1402.46
1987-12-27,Antigua and Barbuda,188,1400.17
1987-12-27,Lithuania,189,1395.78
1987-12-27,Pakistan,190,1394.3
1987-12-27,Botswana,191,1391.94
1987-12-27,Taiwan,192,1391.65
1987-12-27,Faroe Islands,193,1388.52
1987-12-27,French Guiana,194,1385.71
1987-12-27,Greenland,195,1384.12
1987-12-27,Benin,196,1380.36
1987-12-27,Samoa,197,1375.61
1987-12-27,Albania,198,1370.51
1987-12-27,Latvia,199,1365.85
1987-12-27,Nepal,200,1363.09
1987-12-27,Jordan,201,1360.57
1987-12-27,Dominica,202,1360.56
1987-12-27,Bangladesh,203,1358.16
1987-12-27,Macau,204,1355.65
1987-12-27,Seychelles,205,1354.32
1987-12-27,Bermuda,206,1352.3
1987-12-27,Malta,207,1347.46
1987-12-27,Somalia,208,1346.33
1987-12-27,Djibouti,209,1343.37
1987-12-27,Maldives,210,1343.18
1987-12-27,Lesotho,211,1342.29
1987-12-27,Central African Republic,212,1337.8
1987-12-27,Bhutan,213,1337.02
1987-12-27,Venezuela,214,1331.07
1987-12-27,Oman,215,1319.17
1987-12-27,Afghanistan,216,1317.23
1987-12-27,Puerto Rico,217,1276.86
1987-12-27,Yemen,218,1264.08
1987-12-27,Zanzibar,219,1260.07
1987-12-27,Laos,220,1258.78
1987-12-27,Mauritania,221,1250.68
1987-12-27,Brunei,222,1240.6
1987-12-27,Sri Lanka,223,1240.0
1987-12-27,Cyprus,224,1237.3
1987-12-27,Nicaragua,225,1234.88
1987-12-27,Estonia,226,1220.66
1987-12-27,Alderney,227,1171.09
1987-12-27,Philippines,228,1169.28
1987-12-27,Luxembourg,229,1159.44
1988-12-30,Brazil,1,1840.22
1988-12-30,Mexico,2,1839.27
1988-12-30,Germany,3,1831.75
1988-12-30,Italy,4,1822.56
1988-12-30,Netherlands,5,1806.54
1988-12-30,Russia,6,1801.25
1988-12-30,Sweden,7,1762.1
1988-12-30,Yugoslavia,8,1753.85
1988-12-30,England,9,1748.25
1988-12-30,Czechoslovakia,10,1735.1
1988-12-30,France,11,1735.04
1988-12-30,Spain,12,1728.31
1988-12-30,South Korea,13,1722.83
1988-12-30,Tahiti,14,1720.83
1988-12-30,Uruguay,15,1713.24
1988-12-30,Romania,16,1711.88
1988-12-30,Paraguay,17,1710.63
1988-12-30,Republic of Ireland,18,1699.88
1988-12-30,Poland,19,1693.09
1988-12-30,Argentina,20,1692.53
1988-12-30,Cameroon,21,1684.01
1988-12-30,Egypt,22,1681.03
1988-12-30,Australia,23,1678.85
1988-12-30,Jersey,24,1678.22
1988-12-30,Iran,25,1671.51
1988-12-30,Belgium,26,1670.38
1988-12-30,Scotland,27,1667.61
1988-12-30,Colombia,28,1666.5
1988-12-30,Denmark,29,1665.41
1988-12-30,Hungary,30,1659.04
1988-12-30,Iraq,31,1656.89
1988-12-30,Morocco,32,1656.06
1988-12-30,Ivory Coast,33,1655.98
1988-12-30,Guernsey,34,1652.79
1988-12-30,Portugal,35,1651.5
1988-12-30,Bulgaria,36,1650.92
1988-12-30,Wales,37,1644.84
1988-12-30,Saudi Arabia,38,1641.95
1988-12-30,Zambia,39,1640.65
1988-12-30,Chile,40,1639.74
1988-12-30,Libya,41,1637.43
1988-12-30,Austria,42,1636.08
1988-12-30,German DR,43,1633.22
1988-12-30,North Korea,44,1629.91
1988-12-30,Algeria,45,1626.34
1988-12-30,South Africa,46,1623.83
1988-12-30,Senegal,47,1622.03
1988-12-30,Switzerland,48,1621.8
1988-12-30,China,49,1621.17
1988-12-30,Basque Country,50,1618.32
1988-12-30,Nigeria,51,1615.47
1988-12-30,New Zealand,52,1614.55
1988-12-30,Malawi,53,1611.4
1988-12-30,DR Congo,54,1603.3
1988-12-30,Northern Ireland,55,1601.86
1988-12-30,Greece,56,1599.36
1988-12-30,Zimbabwe,57,1598.1
1988-12-30,United Arab Emirates,58,1591.14
1988-12-30,Honduras,59,1588.38
1988-12-30,Kuwait,60,1583.92
1988-12-30,Norway,61,1582.43
1988-12-30,Martinique,62,1575.16
1988-12-30,Uganda,63,1575.01
1988-12-30,El Salvador,64,1571.93
1988-12-30,Croatia,65,1569.19
1988-12-30,Costa Rica,66,1568.31
1988-12-30,New Caledonia,67,1565.37
1988-12-30,Ethiopia,68,1557.03
1988-12-30,Qatar,69,1554.12
1988-12-30,Madagascar,70,1553.9
1988-12-30,Fiji,71,1551.43
1988-12-30,Guatemala,72,1540.92
1988-12-30,Ghana,73,1540.67
1988-12-30,Guinea,74,1539.2
1988-12-30,Burkina Faso,75,1537.85
1988-12-30,Canada,76,1535.85
1988-12-30,Trinidad and Tobago,77,1535.01
1988-12-30,Syria,78,1533.82
1988-12-30,Peru,79,1531.02
1988-12-30,Japan,80,1527.45
1988-12-30,Ukraine,81,1527.16
1988-12-30,Sierra Leone,82,1524.77
1988-12-30,Suriname,83,1521.01
1988-12-30,Corsica,84,1518.41
1988-12-30,Angola,85,1518.28
1988-12-30,Finland,86,1517.84
1988-12-30,Asturias,87,1517.44
1988-12-30,Kazakhstan,88,1516.27
1988-12-30,Gabon,89,1516.17
1988-12-30,British Virgin Islands,90,1516.0
1988-12-30,Brittany,91,1513.29
1988-12-30,Georgia,92,1510.65
1988-12-30,Togo,93,1510.64
1988-12-30,Moldova,94,1509.93
1988-12-30,Silesia,95,1505.77
1988-12-30,Catalonia,96,1504.85
1988-12-30,Turkey,97,1503.78
1988-12-30,Saint Vincent and the Grenadines,98,1502.91
1988-12-30,Israel,99,1502.91
1988-12-30,Montenegro,100,1502.39
1988-12-30,Central Spain,101,1501.37
1988-12-30,Kenya,102,1499.63
1988-12-30,Sudan,103,1498.72
1988-12-30,Papua New Guinea,104,1497.57
1988-12-30,Galicia,105,1496.46
1988-12-30,Vietnam,106,1496.43
1988-12-30,Ecuador,107,1493.7
1988-12-30,Iceland,108,1492.62
1988-12-30,Congo,109,1492.55
1988-12-30,Liechtenstein,110,1491.21
1988-12-30,Belarus,111,1489.64
1988-12-30,Serbia,112,1486.04
1988-12-30,United States,113,1486.03
1988-12-30,Bahamas,114,1485.24
1988-12-30,Belize,115,1484.79
1988-12-30,Andalusia,116,1484.74
1988-12-30,Kernow,117,1484.56
1988-12-30,Anguilla,118,1484.0
1988-12-30,Armenia,119,1483.96
1988-12-30,Mali,120,1480.35
1988-12-30,Myanmar,121,1479.3
1988-12-30,Azerbaijan,122,1478.22
1988-12-30,Palau,123,1478.22
1988-12-30,Kyrgyzstan,124,1478.06
1988-12-30,Niue,125,1474.97
1988-12-30,South Yemen,126,1473.5
1988-12-30,Guadeloupe,127,1473.23
1988-12-30,Tuvalu,128,1472.94
1988-12-30,Hong Kong,129,1472.4
1988-12-30,Réunion,130,1472.15
1988-12-30,Tunisia,131,1470.47
1988-12-30,Rwanda,132,1465.6
1988-12-30,Tonga,133,1465.21
1988-12-30,Guam,134,1465.16
1988-12-30,Provence,135,1464.73
1988-12-30,Mauritius,136,1463.3
1988-12-30,Bahrain,137,1463.29
1988-12-30,North Vietnam,138,1463.0
1988-12-30,Kiribati,139,1461.45
1988-12-30,Guinea-Bissau,140,1460.88
1988-12-30,Malaysia,141,1459.63
1988-12-30,Aruba,142,1458.92
1988-12-30,Cayman Islands,143,1457.11
1988-12-30,Northern Cyprus,144,1456.06
1988-12-30,Manchukuo,145,1451.84
1988-12-30,Saarland,146,1449.76
1988-12-30,Cook Islands,147,1449.74
1988-12-30,Mongolia,148,1445.12
1988-12-30,Burundi,149,1443.86
1988-12-30,Comoros,150,1442.69
1988-12-30,Palestine,151,1441.06
1988-12-30,Curaçao,152,1439.26
1988-12-30,Liberia,153,1438.88
1988-12-30,Solomon Islands,154,1438.35
1988-12-30,Indonesia,155,1435.41
1988-12-30,Niger,156,1433.33
1988-12-30,Mozambique,157,1432.16
1988-12-30,Equatorial Guinea,158,1430.85
1988-12-30,Slovakia,159,1430.5
1988-12-30,São Tomé and Príncipe,160,1429.9
1988-12-30,Chad,161,1429.58
1988-12-30,Haiti,162,1429.48
1988-12-30,Bolivia,163,1428.8
1988-12-30,Saint Kitts and Nevis,164,1427.04
1988-12-30,Lebanon,165,1424.3
1988-12-30,Barbados,166,1423.43
1988-12-30,Grenada,167,1423.05
1988-12-30,Cambodia,168,1421.34
1988-12-30,Panama,169,1420.29
1988-12-30,Saint Lucia,170,1417.76
1988-12-30,Vietnam Republic,171,1416.37
1988-12-30,Jamaica,172,1414.91
1988-12-30,Singapore,173,1413.22
1988-12-30,American Samoa,174,1412.85
1988-12-30,Jordan,175,1410.1
1988-12-30,Western Australia,176,1409.92
1988-12-30,Guyana,177,1408.96
1988-12-30,Wallis Islands and Futuna,178,1407.79
1988-12-30,Dominican Republic,179,1407.42
1988-12-30,Thailand,180,1406.32
1988-12-30,Eswatini,181,1403.41
1988-12-30,Cuba,182,1399.16
1988-12-30,Antigua and Barbuda,183,1399.15
1988-12-30,Gambia,184,1397.81
1988-12-30,Lithuania,185,1395.78
1988-12-30,Vanuatu,186,1393.36
1988-12-30,Botswana,187,1391.94
1988-12-30,Cape Verde,188,1391.5
1988-12-30,Yemen DPR,189,1389.13
1988-12-30,Malta,190,1387.23
1988-12-30,French Guiana,191,1385.71
1988-12-30,India,192,1385.09
1988-12-30,Greenland,193,1384.12
1988-12-30,Faroe Islands,194,1377.5
1988-12-30,Taiwan,195,1377.32
1988-12-30,Samoa,196,1375.61
1988-12-30,Tanzania,197,1374.47
1988-12-30,Seychelles,198,1367.88
1988-12-30,Latvia,199,1365.85
1988-12-30,Djibouti,200,1363.07
1988-12-30,Bermuda,201,1360.22
1988-12-30,Albania,202,1359.76
1988-12-30,Pakistan,203,1352.81
1988-12-30,Nepal,204,1349.9
1988-12-30,Bangladesh,205,1349.02
1988-12-30,Dominica,206,1348.03
1988-12-30,Macau,207,1347.17
1988-12-30,Somalia,208,1346.33
1988-12-30,Central African Republic,209,1344.69
1988-12-30,Benin,210,1343.68
1988-12-30,Maldives,211,1343.18
1988-12-30,Lesotho,212,1342.29
1988-12-30,Venezuela,213,1337.08
1988-12-30,Bhutan,214,1337.02
1988-12-30,Afghanistan,215,1317.23
1988-12-30,Oman,216,1306.69
1988-12-30,Yemen,217,1301.97
1988-12-30,Zanzibar,218,1271.66
1988-12-30,Mauritania,219,1259.3
1988-12-30,Laos,220,1258.78
1988-12-30,Puerto Rico,221,1257.13
1988-12-30,Cyprus,222,1243.11
1988-12-30,Brunei,223,1240.6
1988-12-30,Sri Lanka,224,1240.0
1988-12-30,Nicaragua,225,1234.88
1988-12-30,Estonia,226,1220.66
1988-12-30,Philippines,227,1169.28
1988-12-30,Alderney,228,1168.99
1988-12-30,Luxembourg,229,1153.58
1989-12-31,Mexico,1,1870.67
1989-12-31,Brazil,2,1863.23
1989-12-31,Germany,3,1837.98
1989-12-31,Netherlands,4,1823.35
1989-12-31,Italy,5,1814.34
1989-12-31,England,6,1793.8
1989-12-31,Sweden,7,1791.53
1989-12-31,Czechoslovakia,8,1770.96
1989-12-31,Russia,9,1768.64
1989-12-31,Spain,10,1760.46
1989-12-31,Yugoslavia,11,1759.28
1989-12-31,South Korea,12,1751.14
1989-12-31,Republic of Ireland,13,1750.46
1989-12-31,France,14,1744.57
1989-12-31,Belgium,15,1726.7
1989-12-31,Denmark,16,1721.44
1989-12-31,Tahiti,17,1720.83
1989-12-31,Cameroon,18,1717.98
1989-12-31,Egypt,19,1716.22
1989-12-31,Romania,20,1707.91
1989-12-31,Colombia,21,1703.07
1989-12-31,Uruguay,22,1700.85
1989-12-31,Poland,23,1695.47
1989-12-31,Jersey,24,1694.6
1989-12-31,Ivory Coast,25,1677.19
1989-12-31,Portugal,26,1674.25
1989-12-31,Argentina,27,1663.82
1989-12-31,Scotland,28,1661.22
1989-12-31,Paraguay,29,1660.57
1989-12-31,Australia,30,1658.46
1989-12-31,Iran,31,1654.87
1989-12-31,Chile,32,1653.0
1989-12-31,Iraq,33,1652.41
1989-12-31,Hungary,34,1641.21
1989-12-31,Algeria,35,1639.71
1989-12-31,Saudi Arabia,36,1638.36
1989-12-31,Guernsey,37,1638.04
1989-12-31,Nigeria,38,1635.03
1989-12-31,Senegal,39,1634.11
1989-12-31,United Arab Emirates,40,1626.95
1989-12-31,Morocco,41,1624.71
1989-12-31,South Africa,42,1623.83
1989-12-31,Kuwait,43,1622.98
1989-12-31,Libya,44,1622.28
1989-12-31,German DR,45,1621.8
1989-12-31,Basque Country,46,1618.32
1989-12-31,Austria,47,1617.06
1989-12-31,North Korea,48,1601.76
1989-12-31,Wales,49,1600.96
1989-12-31,New Zealand,50,1599.77
1989-12-31,Uganda,51,1594.05
1989-12-31,Bulgaria,52,1594.02
1989-12-31,DR Congo,53,1592.43
1989-12-31,China,54,1592.36
1989-12-31,Honduras,55,1588.38
1989-12-31,Switzerland,56,1587.21
1989-12-31,Fiji,57,1582.97
1989-12-31,Costa Rica,58,1582.48
1989-12-31,New Caledonia,59,1580.46
1989-12-31,Qatar,60,1578.72
1989-12-31,Ethiopia,61,1576.14
1989-12-31,Norway,62,1575.46
1989-12-31,Croatia,63,1569.19
1989-12-31,Zambia,64,1564.67
1989-12-31,Trinidad and Tobago,65,1564.66
1989-12-31,Northern Ireland,66,1562.24
1989-12-31,Zimbabwe,67,1562.02
1989-12-31,Greece,68,1562.01
1989-12-31,Martinique,69,1557.31
1989-12-31,Kenya,70,1556.54
1989-12-31,Madagascar,71,1553.9
1989-12-31,United States,72,1553.85
1989-12-31,Japan,73,1548.19
1989-12-31,Israel,74,1548.11
1989-12-31,Syria,75,1540.91
1989-12-31,Mali,76,1539.97
1989-12-31,Burkina Faso,77,1537.85
1989-12-31,Ghana,78,1535.81
1989-12-31,Turkey,79,1533.91
1989-12-31,Ecuador,80,1532.44
1989-12-31,Ukraine,81,1527.16
1989-12-31,Malawi,82,1522.7
1989-12-31,Finland,83,1521.25
1989-12-31,Suriname,84,1521.01
1989-12-31,Ynys Môn,85,1519.91
1989-12-31,Gabon,86,1519.38
1989-12-31,Malaysia,87,1518.5
1989-12-31,Corsica,88,1518.41
1989-12-31,Asturias,89,1517.44
1989-12-31,Kazakhstan,90,1516.27
1989-12-31,Brittany,91,1513.29
1989-12-31,British Virgin Islands,92,1512.9
1989-12-31,Georgia,93,1510.65
1989-12-31,Togo,94,1510.64
1989-12-31,Moldova,95,1509.93
1989-12-31,Liberia,96,1507.79
1989-12-31,Canada,97,1506.23
1989-12-31,Silesia,98,1505.77
1989-12-31,Catalonia,99,1504.85
1989-12-31,Tunisia,100,1504.66
1989-12-31,Iceland,101,1503.3
1989-12-31,Montenegro,102,1502.39
1989-12-31,Central Spain,103,1501.37
1989-12-31,Guinea,104,1500.33
1989-12-31,Curaçao,105,1499.56
1989-12-31,Saint Vincent and the Grenadines,106,1499.21
1989-12-31,Sudan,107,1497.48
1989-12-31,Galicia,108,1496.46
1989-12-31,Vietnam,109,1496.43
1989-12-31,Angola,110,1493.18
1989-12-31,Guatemala,111,1492.96
1989-12-31,Liechtenstein,112,1491.21
1989-12-31,Åland Islands,113,1490.17
1989-12-31,Belarus,114,1489.64
1989-12-31,Bolivia,115,1488.95
1989-12-31,Serbia,116,1486.04
1989-12-31,Bahamas,117,1485.24
1989-12-31,Belize,118,1484.79
1989-12-31,Andalusia,119,1484.74
1989-12-31,Kernow,120,1484.56
1989-12-31,Anguilla,121,1484.0
1989-12-31,Armenia,122,1483.96
1989-12-31,Namibia,123,1483.91
1989-12-31,Sierra Leone,124,1482.23
1989-12-31,Papua New Guinea,125,1479.97
1989-12-31,Azerbaijan,126,1478.22
1989-12-31,Palau,127,1478.22
1989-12-31,Kyrgyzstan,128,1478.06
1989-12-31,El Salvador,129,1475.54
1989-12-31,Guadeloupe,130,1475.21
1989-12-31,Congo,131,1475.17
1989-12-31,Niue,132,1474.97
1989-12-31,South Yemen,133,1473.5
1989-12-31,Tuvalu,134,1472.94
1989-12-31,Réunion,135,1472.15
1989-12-31,Guinea-Bissau,136,1465.71
1989-12-31,Rwanda,137,1465.6
1989-12-31,Tonga,138,1465.21
1989-12-31,Guam,139,1465.16
1989-12-31,Provence,140,1464.73
1989-12-31,Bahrain,141,1463.29
1989-12-31,North Vietnam,142,1463.0
1989-12-31,Grenada,143,1462.67
1989-12-31,Faroe Islands,144,1462.54
1989-12-31,Kiribati,145,1461.45
1989-12-31,Cayman Islands,146,1457.11
1989-12-31,Sint Maarten,147,1456.08
1989-12-31,Northern Cyprus,148,1456.06
1989-12-31,Mozambique,149,1455.62
1989-12-31,Hong Kong,150,1454.95
1989-12-31,Peru,151,1451.94
1989-12-31,Manchukuo,152,1451.84
1989-12-31,Solomon Islands,153,1450.11
1989-12-31,Saarland,154,1449.76
1989-12-31,Cook Islands,155,1449.74
1989-12-31,Mongolia,156,1445.12
1989-12-31,Burundi,157,1443.86
1989-12-31,Mauritius,158,1443.1
1989-12-31,Comoros,159,1442.69
1989-12-31,Myanmar,160,1442.22
1989-12-31,Palestine,161,1441.06
1989-12-31,Chad,162,1437.23
1989-12-31,Niger,163,1433.33
1989-12-31,Shetland,164,1431.11
1989-12-31,Equatorial Guinea,165,1430.85
1989-12-31,Slovakia,166,1430.5
1989-12-31,São Tomé and Príncipe,167,1429.9
1989-12-31,Saint Kitts and Nevis,168,1429.05
1989-12-31,Antigua and Barbuda,169,1428.77
1989-12-31,Singapore,170,1428.75
1989-12-31,Barbados,171,1425.17
1989-12-31,Thailand,172,1424.98
1989-12-31,Haiti,173,1424.28
1989-12-31,Cambodia,174,1421.34
1989-12-31,Cape Verde,175,1419.63
1989-12-31,Jordan,176,1418.68
1989-12-31,Indonesia,177,1418.33
1989-12-31,Botswana,178,1417.32
1989-12-31,Vietnam Republic,179,1416.37
1989-12-31,Saint Lucia,180,1413.01
1989-12-31,American Samoa,181,1412.85
1989-12-31,Panama,182,1410.57
1989-12-31,Western Australia,183,1409.92
1989-12-31,Guyana,184,1408.96
1989-12-31,Wallis Islands and Futuna,185,1407.79
1989-12-31,Dominican Republic,186,1407.42
1989-12-31,Lebanon,187,1407.05
1989-12-31,Eswatini,188,1403.67
1989-12-31,Yemen DPR,189,1400.88
1989-12-31,Cuba,190,1399.16
1989-12-31,India,191,1398.76
1989-12-31,Gambia,192,1397.81
1989-12-31,Lithuania,193,1395.78
1989-12-31,Aruba,194,1386.09
1989-12-31,Bermuda,195,1385.46
1989-12-31,French Guiana,196,1384.89
1989-12-31,Jamaica,197,1381.76
1989-12-31,Taiwan,198,1377.32
1989-12-31,Samoa,199,1375.61
1989-12-31,Greenland,200,1368.89
1989-12-31,Seychelles,201,1367.88
1989-12-31,Latvia,202,1365.85
1989-12-31,Djibouti,203,1363.07
1989-12-31,Central African Republic,204,1360.14
1989-12-31,Pakistan,205,1359.85
1989-12-31,Albania,206,1356.35
1989-12-31,Vanuatu,207,1352.56
1989-12-31,Tanzania,208,1350.56
1989-12-31,Somalia,209,1346.33
1989-12-31,Dominica,210,1346.05
1989-12-31,Malta,211,1345.35
1989-12-31,Venezuela,212,1345.35
1989-12-31,Benin,213,1343.68
1989-12-31,Lesotho,214,1342.29
1989-12-31,Bangladesh,215,1338.02
1989-12-31,Bhutan,216,1337.02
1989-12-31,Macau,217,1336.95
1989-12-31,Maldives,218,1324.39
1989-12-31,Afghanistan,219,1317.23
1989-12-31,Oman,220,1293.75
1989-12-31,Nepal,221,1288.1
1989-12-31,Yemen,222,1281.73
1989-12-31,Zanzibar,223,1276.64
1989-12-31,Laos,224,1258.78
1989-12-31,Puerto Rico,225,1257.13
1989-12-31,Mauritania,226,1248.19
1989-12-31,Brunei,227,1239.21
1989-12-31,Cyprus,228,1236.32
1989-12-31,Nicaragua,229,1234.88
1989-12-31,Estonia,230,1220.66
1989-12-31,Sri Lanka,231,1219.06
1989-12-31,Alderney,232,1167.37
1989-12-31,Luxembourg,233,1162.12
1989-12-31,Philippines,234,1146.09
1990-12-22,Germany,1,1884.97
1990-12-22,Italy,2,1867.22
1990-12-22,Mexico,3,1842.25
1990-12-22,England,4,1835.57
1990-12-22,Brazil,5,1819.05
1990-12-22,France,6,1810.95
1990-12-22,Spain,7,1783.57
1990-12-22,Yugoslavia,8,1780.65
1990-12-22,Republic of Ireland,9,1767.28
1990-12-22,Netherlands,10,1757.74
1990-12-22,Algeria,11,1755.91
1990-12-22,Russia,12,1738.83
1990-12-22,South Korea,13,1736.82
1990-12-22,Czechoslovakia,14,1728.73
1990-12-22,Denmark,15,1724.74
1990-12-22,Sweden,16,1722.0
1990-12-22,Tahiti,17,1720.83
1990-12-22,Jersey,18,1708.1
1990-12-22,Portugal,19,1706.89
1990-12-22,Uruguay,20,1705.79
1990-12-22,German DR,21,1699.83
1990-12-22,Belgium,22,1691.67
1990-12-22,Romania,23,1690.38
1990-12-22,Argentina,24,1685.85
1990-12-22,Poland,25,1682.01
1990-12-22,Iran,26,1676.81
1990-12-22,Scotland,27,1675.95
1990-12-22,Colombia,28,1670.03
1990-12-22,Hungary,29,1668.64
1990-12-22,Iraq,30,1662.48
1990-12-22,Nigeria,31,1661.44
1990-12-22,Paraguay,32,1660.57
1990-12-22,Chile,33,1660.34
1990-12-22,Saudi Arabia,34,1649.9
1990-12-22,Ivory Coast,35,1648.14
1990-12-22,Cameroon,36,1643.29
1990-12-22,Switzerland,37,1639.32
1990-12-22,Australia,38,1638.51
1990-12-22,Morocco,39,1636.15
1990-12-22,Egypt,40,1635.74
1990-12-22,Zambia,41,1631.87
1990-12-22,New Zealand,42,1631.54
1990-12-22,Guernsey,43,1626.53
1990-12-22,South Africa,44,1623.83
1990-12-22,Basque Country,45,1622.28
1990-12-22,Libya,46,1622.28
1990-12-22,Austria,47,1613.71
1990-12-22,Senegal,48,1613.02
1990-12-22,Norway,49,1612.4
1990-12-22,Wales,50,1612.04
1990-12-22,Greece,51,1611.67
1990-12-22,Croatia,52,1607.36
1990-12-22,North Korea,53,1601.55
1990-12-22,Madagascar,54,1593.23
1990-12-22,Bulgaria,55,1591.77
1990-12-22,Uganda,56,1589.14
1990-12-22,Honduras,57,1588.38
1990-12-22,Costa Rica,58,1580.93
1990-12-22,Kuwait,59,1580.74
1990-12-22,New Caledonia,60,1579.78
1990-12-22,Fiji,61,1579.22
1990-12-22,Ghana,62,1572.09
1990-12-22,Northern Ireland,63,1571.97
1990-12-22,China,64,1567.64
1990-12-22,Qatar,65,1566.0
1990-12-22,United States,66,1561.18
1990-12-22,Congo,67,1558.27
1990-12-22,Finland,68,1553.0
1990-12-22,DR Congo,69,1549.97
1990-12-22,Mali,70,1547.74
1990-12-22,Martinique,71,1546.35
1990-12-22,Ethiopia,72,1544.88
1990-12-22,United Arab Emirates,73,1541.31
1990-12-22,Syria,74,1540.91
1990-12-22,Israel,75,1538.74
1990-12-22,Burkina Faso,76,1536.23
1990-12-22,Trinidad and Tobago,77,1535.35
1990-12-22,Canada,78,1535.15
1990-12-22,Ecuador,79,1532.44
1990-12-22,Ukraine,80,1527.16
1990-12-22,Tunisia,81,1524.53
1990-12-22,Zimbabwe,82,1524.44
1990-12-22,Sudan,83,1523.76
1990-12-22,Ynys Môn,84,1519.91
1990-12-22,Corsica,85,1518.41
1990-12-22,Asturias,86,1517.44
1990-12-22,Kazakhstan,87,1516.27
1990-12-22,Brittany,88,1513.29
1990-12-22,Saint Martin,89,1510.84
1990-12-22,Moldova,90,1509.93
1990-12-22,Malawi,91,1509.71
1990-12-22,Turkey,92,1508.26
1990-12-22,Iceland,93,1506.95
1990-12-22,Angola,94,1506.94
1990-12-22,Sierra Leone,95,1506.74
1990-12-22,Silesia,96,1505.77
1990-12-22,Georgia,97,1505.55
1990-12-22,Catalonia,98,1504.85
1990-12-22,Curaçao,99,1504.63
1990-12-22,Andalusia,100,1504.03
1990-12-22,Saint Vincent and the Grenadines,101,1502.69
1990-12-22,Montenegro,102,1502.39
1990-12-22,Central Spain,103,1501.37
1990-12-22,Japan,104,1499.55
1990-12-22,Galicia,105,1496.46
1990-12-22,Vietnam,106,1496.43
1990-12-22,British Virgin Islands,107,1496.31
1990-12-22,Suriname,108,1494.03
1990-12-22,Kenya,109,1493.56
1990-12-22,Åland Islands,110,1490.17
1990-12-22,Belarus,111,1489.64
1990-12-22,Bolivia,112,1488.95
1990-12-22,Liberia,113,1488.33
1990-12-22,Guinea,114,1486.55
1990-12-22,Guatemala,115,1486.52
1990-12-22,Serbia,116,1486.04
1990-12-22,Bahamas,117,1485.24
1990-12-22,Belize,118,1484.79
1990-12-22,Kernow,119,1484.56
1990-12-22,Anguilla,120,1484.0
1990-12-22,Armenia,121,1483.96
1990-12-22,Gabon,122,1483.73
1990-12-22,San Marino,123,1482.76
1990-12-22,Thailand,124,1480.35
1990-12-22,Mauritius,125,1480.08
1990-12-22,Liechtenstein,126,1478.95
1990-12-22,Guinea-Bissau,127,1478.62
1990-12-22,Azerbaijan,128,1478.22
1990-12-22,Palau,129,1478.22
1990-12-22,Kyrgyzstan,130,1478.06
1990-12-22,Bahrain,131,1475.57
1990-12-22,El Salvador,132,1475.54
1990-12-22,Niue,133,1474.97
1990-12-22,Togo,134,1474.55
1990-12-22,Réunion,135,1474.51
1990-12-22,South Yemen,136,1473.5
1990-12-22,Tuvalu,137,1472.94
1990-12-22,Barbados,138,1469.52
1990-12-22,Malaysia,139,1469.5
1990-12-22,Faroe Islands,140,1467.55
1990-12-22,Namibia,141,1465.61
1990-12-22,Rwanda,142,1465.6
1990-12-22,Tonga,143,1465.21
1990-12-22,Guam,144,1465.16
1990-12-22,Provence,145,1464.73
1990-12-22,North Vietnam,146,1463.0
1990-12-22,Guadeloupe,147,1461.54
1990-12-22,Kiribati,148,1461.45
1990-12-22,Grenada,149,1460.89
1990-12-22,Solomon Islands,150,1456.66
1990-12-22,Sint Maarten,151,1456.13
1990-12-22,Northern Cyprus,152,1456.06
1990-12-22,Peru,153,1451.94
1990-12-22,Manchukuo,154,1451.84
1990-12-22,Jamaica,155,1450.88
1990-12-22,Chad,156,1450.03
1990-12-22,Saarland,157,1449.76
1990-12-22,Cook Islands,158,1449.74
1990-12-22,Mongolia,159,1445.12
1990-12-22,Saint Kitts and Nevis,160,1444.88
1990-12-22,Burundi,161,1443.86
1990-12-22,Mozambique,162,1442.58
1990-12-22,Myanmar,163,1442.22
1990-12-22,Palestine,164,1441.06
1990-12-22,Hong Kong,165,1440.82
1990-12-22,Cayman Islands,166,1438.71
1990-12-22,Shetland,167,1431.11
1990-12-22,Singapore,168,1430.71
1990-12-22,Slovakia,169,1430.5
1990-12-22,São Tomé and Príncipe,170,1429.9
1990-12-22,Niger,171,1427.46
1990-12-22,Bermuda,172,1424.43
1990-12-22,Haiti,173,1424.28
1990-12-22,Papua New Guinea,174,1421.75
1990-12-22,Cambodia,175,1421.34
1990-12-22,Cape Verde,176,1419.63
1990-12-22,Indonesia,177,1419.54
1990-12-22,Vietnam Republic,178,1416.37
1990-12-22,Comoros,179,1416.02
1990-12-22,American Samoa,180,1412.85
1990-12-22,Jordan,181,1412.18
1990-12-22,Tanzania,182,1411.02
1990-12-22,Panama,183,1410.57
1990-12-22,Western Australia,184,1409.92
1990-12-22,Vanuatu,185,1408.66
1990-12-22,Botswana,186,1408.19
1990-12-22,Wallis Islands and Futuna,187,1407.79
1990-12-22,Dominican Republic,188,1407.42
1990-12-22,Lebanon,189,1407.05
1990-12-22,Guyana,190,1406.09
1990-12-22,Yemen DPR,191,1400.88
1990-12-22,Lithuania,192,1400.88
1990-12-22,Equatorial Guinea,193,1400.07
1990-12-22,Cuba,194,1399.16
1990-12-22,India,195,1398.76
1990-12-22,Saint Lucia,196,1396.72
1990-12-22,Eswatini,197,1392.25
1990-12-22,Gambia,198,1381.86
1990-12-22,French Guiana,199,1380.31
1990-12-22,Taiwan,200,1377.32
1990-12-22,Samoa,201,1375.61
1990-12-22,Aruba,202,1374.88
1990-12-22,Seychelles,203,1369.02
1990-12-22,Greenland,204,1368.89
1990-12-22,Latvia,205,1365.85
1990-12-22,Djibouti,206,1363.07
1990-12-22,Antigua and Barbuda,207,1362.77
1990-12-22,Central African Republic,208,1348.44
1990-12-22,Dominica,209,1347.47
1990-12-22,Somalia,210,1346.33
1990-12-22,Venezuela,211,1345.35
1990-12-22,Benin,212,1338.22
1990-12-22,Malta,213,1338.2
1990-12-22,Bhutan,214,1337.02
1990-12-22,Macau,215,1336.95
1990-12-22,Pakistan,216,1336.9
1990-12-22,Albania,217,1336.55
1990-12-22,Bangladesh,218,1324.75
1990-12-22,Maldives,219,1324.39
1990-12-22,Afghanistan,220,1317.23
1990-12-22,Oman,221,1317.0
1990-12-22,Lesotho,222,1316.14
1990-12-22,Yemen,223,1313.34
1990-12-22,Nepal,224,1288.1
1990-12-22,Zanzibar,225,1283.64
1990-12-22,Laos,226,1258.78
1990-12-22,Puerto Rico,227,1257.13
1990-12-22,Mauritania,228,1243.47
1990-12-22,Brunei,229,1239.21
1990-12-22,Nicaragua,230,1234.88
1990-12-22,Cyprus,231,1229.72
1990-12-22,Estonia,232,1220.66
1990-12-22,Sri Lanka,233,1219.06
1990-12-22,Alderney,234,1165.37
1990-12-22,Luxembourg,235,1155.47
1990-12-22,Philippines,236,1146.09
1991-12-30,Germany,1,1907.64
1991-12-30,France,2,1863.06
1991-12-30,England,3,1852.81
1991-12-30,Italy,4,1815.42
1991-12-30,Brazil,5,1805.67
1991-12-30,Argentina,6,1790.19
1991-12-30,Mexico,7,1782.37
1991-12-30,Russia,8,1781.07
1991-12-30,Netherlands,9,1776.85
1991-12-30,Republic of Ireland,10,1773.54
1991-12-30,Algeria,11,1759.78
1991-12-30,Yugoslavia,12,1747.84
1991-12-30,Denmark,13,1739.61
1991-12-30,South Korea,14,1739.42
1991-12-30,Czechoslovakia,15,1735.57
1991-12-30,Spain,16,1724.24
1991-12-30,Sweden,17,1721.17
1991-12-30,Tahiti,18,1702.78
1991-12-30,German DR,19,1699.83
1991-12-30,Switzerland,20,1699.61
1991-12-30,Belgium,21,1696.89
1991-12-30,Ivory Coast,22,1696.17
1991-12-30,Portugal,23,1688.68
1991-12-30,Romania,24,1684.16
1991-12-30,Jersey,25,1683.66
1991-12-30,Poland,26,1677.2
1991-12-30,Cameroon,27,1677.04
1991-12-30,Uruguay,28,1672.12
1991-12-30,Wales,29,1664.68
1991-12-30,Iran,30,1663.8
1991-12-30,Iraq,31,1662.48
1991-12-30,Chile,32,1661.98
1991-12-30,Scotland,33,1661.32
1991-12-30,Colombia,34,1659.98
1991-12-30,Egypt,35,1653.16
1991-12-30,Nigeria,36,1651.98
1991-12-30,Paraguay,37,1650.09
1991-12-30,Saudi Arabia,38,1649.9
1991-12-30,Zambia,39,1645.35
1991-12-30,Australia,40,1643.78
1991-12-30,Morocco,41,1638.13
1991-12-30,United States,42,1637.62
1991-12-30,Norway,43,1636.55
1991-12-30,Hungary,44,1633.07
1991-12-30,Fiji,45,1628.29
1991-12-30,Bulgaria,46,1626.0
1991-12-30,South Africa,47,1623.83
1991-12-30,Basque Country,48,1622.28
1991-12-30,Honduras,49,1620.76
1991-12-30,North Korea,50,1620.21
1991-12-30,Croatia,51,1618.57
1991-12-30,Senegal,52,1610.09
1991-12-30,Northern Ireland,53,1598.21
1991-12-30,Tunisia,54,1595.62
1991-12-30,Libya,55,1595.61
1991-12-30,New Zealand,56,1588.19
1991-12-30,Ghana,57,1580.41
1991-12-30,Greece,58,1579.26
1991-12-30,Madagascar,59,1578.98
1991-12-30,Costa Rica,60,1575.79
1991-12-30,Guernsey,61,1574.23
1991-12-30,New Caledonia,62,1570.73
1991-12-30,Austria,63,1569.94
1991-12-30,Kuwait,64,1568.55
1991-12-30,China,65,1567.64
1991-12-30,Qatar,66,1566.0
1991-12-30,DR Congo,67,1554.56
1991-12-30,Ecuador,68,1551.95
1991-12-30,Ynys Môn,69,1550.81
1991-12-30,Congo,70,1546.48
1991-12-30,Ethiopia,71,1544.88
1991-12-30,Kenya,72,1543.09
1991-12-30,Finland,73,1542.92
1991-12-30,United Arab Emirates,74,1541.31
1991-12-30,Syria,75,1540.91
1991-12-30,Israel,76,1538.74
1991-12-30,Zimbabwe,77,1535.6
1991-12-30,Burkina Faso,78,1532.06
1991-12-30,Martinique,79,1527.66
1991-12-30,Ukraine,80,1527.16
1991-12-30,Georgia,81,1521.75
1991-12-30,Uganda,82,1520.64
1991-12-30,Trinidad and Tobago,83,1520.45
1991-12-30,Corsica,84,1518.41
1991-12-30,Asturias,85,1517.44
1991-12-30,Kazakhstan,86,1516.27
1991-12-30,Brittany,87,1513.29
1991-12-30,Canada,88,1513.12
1991-12-30,Iceland,89,1512.91
1991-12-30,Suriname,90,1510.97
1991-12-30,Saint Martin,91,1510.84
1991-12-30,Solomon Islands,92,1509.08
1991-12-30,Japan,93,1507.55
1991-12-30,Sierra Leone,94,1506.89
1991-12-30,Silesia,95,1505.77
1991-12-30,Catalonia,96,1504.85
1991-12-30,Curaçao,97,1504.63
1991-12-30,Åland Islands,98,1504.05
1991-12-30,Andalusia,99,1504.03
1991-12-30,Saint Vincent and the Grenadines,100,1502.69
1991-12-30,Montenegro,101,1502.39
1991-12-30,Central Spain,102,1501.37
1991-12-30,Faroe Islands,103,1498.37
1991-12-30,Togo,104,1498.36
1991-12-30,Mali,105,1497.26
1991-12-30,Galicia,106,1496.46
1991-12-30,Moldova,107,1493.73
1991-12-30,Turkey,108,1490.39
1991-12-30,Jamaica,109,1489.65
1991-12-30,Belarus,110,1489.64
1991-12-30,Slovenia,111,1488.79
1991-12-30,Liberia,112,1488.33
1991-12-30,Malawi,113,1487.96
1991-12-30,Isle of Wight,114,1486.08
1991-12-30,Bolivia,115,1486.05
1991-12-30,Serbia,116,1486.04
1991-12-30,Bahamas,117,1485.24
1991-12-30,Belize,118,1484.79
1991-12-30,Kernow,119,1484.56
1991-12-30,Armenia,120,1483.96
1991-12-30,Gabon,121,1482.8
1991-12-30,Angola,122,1482.76
1991-12-30,Thailand,123,1482.34
1991-12-30,Guinea,124,1481.94
1991-12-30,Montserrat,125,1479.59
1991-12-30,Azerbaijan,126,1478.22
1991-12-30,Palau,127,1478.22
1991-12-30,Guatemala,128,1478.12
1991-12-30,Kyrgyzstan,129,1478.06
1991-12-30,British Virgin Islands,130,1476.2
1991-12-30,Bahrain,131,1475.57
1991-12-30,Niue,132,1474.97
1991-12-30,Réunion,133,1474.51
1991-12-30,South Yemen,134,1473.5
1991-12-30,Tuvalu,135,1472.94
1991-12-30,Sudan,136,1471.34
1991-12-30,Liechtenstein,137,1470.92
1991-12-30,Barbados,138,1469.52
1991-12-30,El Salvador,139,1467.13
1991-12-30,Peru,140,1466.79
1991-12-30,Guinea-Bissau,141,1466.48
1991-12-30,Singapore,142,1465.92
1991-12-30,Namibia,143,1465.61
1991-12-30,Rwanda,144,1465.6
1991-12-30,Tonga,145,1465.21
1991-12-30,Anguilla,146,1464.76
1991-12-30,Provence,147,1464.73
1991-12-30,North Vietnam,148,1463.0
1991-12-30,Mauritius,149,1462.71
1991-12-30,Kiribati,150,1461.45
1991-12-30,Saint Lucia,151,1461.37
1991-12-30,Grenada,152,1460.89
1991-12-30,Guadeloupe,153,1460.62
1991-12-30,Hong Kong,154,1457.3
1991-12-30,Sint Maarten,155,1456.13
1991-12-30,Northern Cyprus,156,1456.06
1991-12-30,Manchukuo,157,1451.84
1991-12-30,Niger,158,1451.29
1991-12-30,Saarland,159,1449.76
1991-12-30,Cook Islands,160,1449.74
1991-12-30,Bermuda,161,1448.46
1991-12-30,Shetland,162,1447.7
1991-12-30,Saint Kitts and Nevis,163,1446.93
1991-12-30,Vietnam,164,1445.67
1991-12-30,Chad,165,1445.38
1991-12-30,Mongolia,166,1445.12
1991-12-30,Burundi,167,1443.86
1991-12-30,Palestine,168,1441.06
1991-12-30,Cape Verde,169,1440.28
1991-12-30,Mozambique,170,1439.61
1991-12-30,Indonesia,171,1438.02
1991-12-30,San Marino,172,1433.62
1991-12-30,Slovakia,173,1430.5
1991-12-30,São Tomé and Príncipe,174,1429.9
1991-12-30,Cayman Islands,175,1424.92
1991-12-30,Panama,176,1423.86
1991-12-30,Botswana,177,1422.23
1991-12-30,Papua New Guinea,178,1422.09
1991-12-30,Cambodia,179,1421.34
1991-12-30,Guam,180,1418.98
1991-12-30,Vietnam Republic,181,1416.37
1991-12-30,Comoros,182,1416.02
1991-12-30,American Samoa,183,1412.85
1991-12-30,Jordan,184,1412.18
1991-12-30,Myanmar,185,1412.12
1991-12-30,Western Australia,186,1409.92
1991-12-30,Vanuatu,187,1408.39
1991-12-30,Malaysia,188,1408.38
1991-12-30,Lithuania,189,1407.69
1991-12-30,Lebanon,190,1407.05
1991-12-30,Haiti,191,1406.9
1991-12-30,Tanzania,192,1403.33
1991-12-30,Guyana,193,1402.01
1991-12-30,Yemen DPR,194,1400.88
1991-12-30,Equatorial Guinea,195,1400.07
1991-12-30,Cuba,196,1399.16
1991-12-30,Dominican Republic,197,1396.21
1991-12-30,India,198,1390.22
1991-12-30,Eswatini,199,1384.87
1991-12-30,Gambia,200,1384.24
1991-12-30,French Guiana,201,1379.99
1991-12-30,Wallis Islands and Futuna,202,1379.52
1991-12-30,Albania,203,1378.78
1991-12-30,Malta,204,1378.31
1991-12-30,Taiwan,205,1377.32
1991-12-30,Latvia,206,1376.77
1991-12-30,Samoa,207,1375.61
1991-12-30,Pakistan,208,1371.39
1991-12-30,Seychelles,209,1369.02
1991-12-30,Djibouti,210,1363.07
1991-12-30,Antigua and Barbuda,211,1362.77
1991-12-30,Aruba,212,1350.51
1991-12-30,Central African Republic,213,1348.44
1991-12-30,Dominica,214,1347.47
1991-12-30,Somalia,215,1346.33
1991-12-30,Bangladesh,216,1343.31
1991-12-30,Benin,217,1337.22
1991-12-30,Bhutan,218,1337.02
1991-12-30,Macau,219,1336.95
1991-12-30,Maldives,220,1333.71
1991-12-30,Greenland,221,1329.93
1991-12-30,Venezuela,222,1323.24
1991-12-30,Afghanistan,223,1317.23
1991-12-30,Oman,224,1317.0
1991-12-30,Lesotho,225,1316.14
1991-12-30,Yemen,226,1313.34
1991-12-30,Zanzibar,227,1266.7
1991-12-30,Laos,228,1258.78
1991-12-30,Nepal,229,1257.47
1991-12-30,Cyprus,230,1244.08
1991-12-30,Puerto Rico,231,1238.1
1991-12-30,Mauritania,232,1232.66
1991-12-30,Nicaragua,233,1228.47
1991-12-30,Brunei,234,1219.02
1991-12-30,Sri Lanka,235,1211.37
1991-12-30,Estonia,236,1202.93
1991-12-30,Philippines,237,1185.8
1991-12-30,Luxembourg,238,1165.24
1991-12-30,Alderney,239,1164.02
1992-12-26,Argentina,1,1843.4
1992-12-26,Italy,2,1840.2
1992-12-26,Brazil,3,1839.95
1992-12-26,Germany,4,1838.44
1992-12-26,England,5,1816.78
1992-12-26,Netherlands,6,1781.91
1992-12-26,Sweden,7,1773.51
1992-12-26,France,8,1770.61
1992-12-26,Russia,9,1757.41
1992-12-26,Republic of Ireland,10,1756.43
1992-12-26,Mexico,11,1745.79
1992-12-26,Spain,12,1744.92
1992-12-26,Denmark,13,1739.42
1992-12-26,Belgium,14,1739.31
1992-12-26,Yugoslavia,15,1732.26
1992-12-26,Uruguay,16,1723.08
1992-12-26,Australia,17,1721.86
1992-12-26,Switzerland,18,1718.84
1992-12-26,Nigeria,19,1703.94
1992-12-26,Poland,20,1700.07
1992-12-26,German DR,21,1699.83
1992-12-26,Romania,22,1699.25
1992-12-26,South Korea,23,1698.13
1992-12-26,Czechoslovakia,24,1694.09
1992-12-26,Tahiti,25,1693.1
1992-12-26,Portugal,26,1690.45
1992-12-26,Algeria,27,1684.28
1992-12-26,Scotland,28,1681.24
1992-12-26,Colombia,29,1678.98
1992-12-26,Honduras,30,1674.8
1992-12-26,Ivory Coast,31,1671.57
1992-12-26,Norway,32,1668.44
1992-12-26,Iraq,33,1666.43
1992-12-26,Jersey,34,1662.9
1992-12-26,Chile,35,1661.98
1992-12-26,Iran,36,1653.89
1992-12-26,Wales,37,1651.38
1992-12-26,Paraguay,38,1650.09
1992-12-26,Saudi Arabia,39,1648.52
1992-12-26,Zambia,40,1647.49
1992-12-26,Bulgaria,41,1646.29
1992-12-26,Cameroon,42,1645.5
1992-12-26,Fiji,43,1636.81
1992-12-26,Ghana,44,1636.27
1992-12-26,Egypt,45,1632.73
1992-12-26,Morocco,46,1632.58
1992-12-26,Hungary,47,1631.76
1992-12-26,Basque Country,48,1622.28
1992-12-26,New Zealand,49,1621.05
1992-12-26,Croatia,50,1620.43
1992-12-26,United States,51,1612.76
1992-12-26,Japan,52,1606.76
1992-12-26,Tunisia,53,1605.35
1992-12-26,Madagascar,54,1600.79
1992-12-26,Guernsey,55,1597.75
1992-12-26,South Africa,56,1594.97
1992-12-26,Northern Ireland,57,1593.13
1992-12-26,Zimbabwe,58,1591.66
1992-12-26,Qatar,59,1585.75
1992-12-26,Austria,60,1583.38
1992-12-26,Costa Rica,61,1583.3
1992-12-26,United Arab Emirates,62,1582.19
1992-12-26,DR Congo,63,1581.26
1992-12-26,Greece,64,1581.26
1992-12-26,New Caledonia,65,1576.45
1992-12-26,Senegal,66,1575.48
1992-12-26,North Korea,67,1568.48
1992-12-26,Kazakhstan,68,1565.84
1992-12-26,Sierra Leone,69,1560.22
1992-12-26,China,70,1558.53
1992-12-26,Mali,71,1558.29
1992-12-26,Trinidad and Tobago,72,1555.02
1992-12-26,Kuwait,73,1553.73
1992-12-26,El Salvador,74,1551.83
1992-12-26,Ynys Môn,75,1550.81
1992-12-26,Burkina Faso,76,1550.09
1992-12-26,Gabon,77,1548.69
1992-12-26,Malawi,78,1545.17
1992-12-26,Uganda,79,1542.34
1992-12-26,Libya,80,1534.19
1992-12-26,Canada,81,1531.25
1992-12-26,Turkey,82,1529.88
1992-12-26,Ecuador,83,1525.88
1992-12-26,Martinique,84,1524.53
1992-12-26,Israel,85,1522.18
1992-12-26,Finland,86,1522.14
1992-12-26,Corsica,87,1518.41
1992-12-26,Asturias,88,1517.44
1992-12-26,Kenya,89,1514.09
1992-12-26,Brittany,90,1513.29
1992-12-26,Uzbekistan,91,1513.0
1992-12-26,Eritrea,92,1511.7
1992-12-26,Saint Martin,93,1510.84
1992-12-26,Bahrain,94,1510.49
1992-12-26,Thailand,95,1509.81
1992-12-26,Ukraine,96,1508.42
1992-12-26,Guatemala,97,1507.97
1992-12-26,Turkmenistan,98,1507.96
1992-12-26,Silesia,99,1505.77
1992-12-26,Syria,100,1505.66
1992-12-26,Catalonia,101,1504.85
1992-12-26,Åland Islands,102,1504.05
1992-12-26,Andalusia,103,1504.03
1992-12-26,Moldova,104,1503.86
1992-12-26,Guinea,105,1503.81
1992-12-26,Suriname,106,1502.58
1992-12-26,Montenegro,107,1502.39
1992-12-26,Central Spain,108,1501.37
1992-12-26,Jordan,109,1498.73
1992-12-26,Tajikistan,110,1498.6
1992-12-26,Burundi,111,1498.14
1992-12-26,Galicia,112,1496.46
1992-12-26,Georgia,113,1491.35
1992-12-26,Belarus,114,1490.55
1992-12-26,Ethiopia,115,1488.41
1992-12-26,Isle of Wight,116,1486.08
1992-12-26,Bolivia,117,1486.05
1992-12-26,Serbia,118,1486.04
1992-12-26,Iceland,119,1485.3
1992-12-26,Bahamas,120,1485.24
1992-12-26,Armenia,121,1484.92
1992-12-26,Belize,122,1484.79
1992-12-26,Kernow,123,1484.56
1992-12-26,Congo,124,1481.93
1992-12-26,Togo,125,1480.93
1992-12-26,Saint Kitts and Nevis,126,1480.0
1992-12-26,Solomon Islands,127,1478.54
1992-12-26,Palau,128,1478.22
1992-12-26,Curaçao,129,1477.8
1992-12-26,Liberia,130,1477.12
1992-12-26,Jamaica,131,1475.87
1992-12-26,Niue,132,1474.97
1992-12-26,Réunion,133,1474.51
1992-12-26,Angola,134,1473.64
1992-12-26,South Yemen,135,1473.5
1992-12-26,Sint Maarten,136,1473.31
1992-12-26,Tuvalu,137,1472.94
1992-12-26,Liechtenstein,138,1470.92
1992-12-26,Barbados,139,1470.76
1992-12-26,Slovenia,140,1470.57
1992-12-26,Peru,141,1469.61
1992-12-26,Slovakia,142,1468.23
1992-12-26,Rwanda,143,1465.6
1992-12-26,Tonga,144,1465.21
1992-12-26,Provence,145,1464.73
1992-12-26,Saint Lucia,146,1463.53
1992-12-26,Azerbaijan,147,1463.27
1992-12-26,North Vietnam,148,1463.0
1992-12-26,Kiribati,149,1461.45
1992-12-26,Northern Cyprus,150,1456.06
1992-12-26,Manchukuo,151,1451.84
1992-12-26,Singapore,152,1450.42
1992-12-26,Saarland,153,1449.76
1992-12-26,Cook Islands,154,1449.74
1992-12-26,Saint Vincent and the Grenadines,155,1449.26
1992-12-26,Guinea-Bissau,156,1448.31
1992-12-26,Sudan,157,1447.79
1992-12-26,Shetland,158,1447.7
1992-12-26,Bermuda,159,1447.62
1992-12-26,Grenada,160,1446.11
1992-12-26,Guadeloupe,161,1445.99
1992-12-26,Vietnam,162,1445.67
1992-12-26,Mongolia,163,1445.12
1992-12-26,Niger,164,1444.21
1992-12-26,Hong Kong,165,1443.05
1992-12-26,Montserrat,166,1442.68
1992-12-26,British Virgin Islands,167,1439.46
1992-12-26,Faroe Islands,168,1436.94
1992-12-26,Palestine,169,1436.86
1992-12-26,Mozambique,170,1434.0
1992-12-26,Indonesia,171,1433.42
1992-12-26,Cuba,172,1432.46
1992-12-26,São Tomé and Príncipe,173,1429.9
1992-12-26,Cape Verde,174,1428.89
1992-12-26,Anguilla,175,1428.51
1992-12-26,Kyrgyzstan,176,1427.85
1992-12-26,Lithuania,177,1427.48
1992-12-26,Papua New Guinea,178,1422.09
1992-12-26,Panama,179,1421.72
1992-12-26,Cambodia,180,1421.34
1992-12-26,Mauritius,181,1421.1
1992-12-26,Tanzania,182,1420.07
1992-12-26,Guam,183,1418.98
1992-12-26,Vietnam Republic,184,1416.37
1992-12-26,Comoros,185,1416.02
1992-12-26,Malaysia,186,1415.73
1992-12-26,American Samoa,187,1412.85
1992-12-26,Myanmar,188,1412.12
1992-12-26,Western Australia,189,1409.92
1992-12-26,Lebanon,190,1407.05
1992-12-26,Namibia,191,1406.74
1992-12-26,San Marino,192,1406.46
1992-12-26,Chad,193,1405.05
1992-12-26,Haiti,194,1402.58
1992-12-26,Albania,195,1402.06
1992-12-26,Yemen DPR,196,1400.88
1992-12-26,Equatorial Guinea,197,1400.07
1992-12-26,Cayman Islands,198,1399.48
1992-12-26,Antigua and Barbuda,199,1392.72
1992-12-26,Eswatini,200,1391.36
1992-12-26,Guyana,201,1385.19
1992-12-26,India,202,1384.86
1992-12-26,Gambia,203,1384.24
1992-12-26,French Guiana,204,1384.17
1992-12-26,Lesotho,205,1381.16
1992-12-26,Wallis Islands and Futuna,206,1379.52
1992-12-26,Malta,207,1379.16
1992-12-26,Samoa,208,1375.61
1992-12-26,Dominican Republic,209,1368.39
1992-12-26,Djibouti,210,1363.07
1992-12-26,Latvia,211,1358.96
1992-12-26,Botswana,212,1358.01
1992-12-26,Taiwan,213,1356.92
1992-12-26,Macau,214,1354.79
1992-12-26,Dominica,215,1352.51
1992-12-26,Vanuatu,216,1351.91
1992-12-26,Seychelles,217,1350.88
1992-12-26,Central African Republic,218,1348.44
1992-12-26,Somalia,219,1346.33
1992-12-26,Bhutan,220,1337.02
1992-12-26,Aruba,221,1335.86
1992-12-26,Maldives,222,1333.71
1992-12-26,Cyprus,223,1332.98
1992-12-26,Pakistan,224,1332.04
1992-12-26,Bangladesh,225,1331.53
1992-12-26,Greenland,226,1329.93
1992-12-26,Venezuela,227,1323.24
1992-12-26,Afghanistan,228,1317.23
1992-12-26,Yemen,229,1313.34
1992-12-26,Benin,230,1303.6
1992-12-26,Oman,231,1276.6
1992-12-26,Zanzibar,232,1274.16
1992-12-26,Laos,233,1258.78
1992-12-26,Nepal,234,1257.47
1992-12-26,Puerto Rico,235,1252.37
1992-12-26,Mauritania,236,1232.66
1992-12-26,Brunei,237,1219.02
1992-12-26,Estonia,238,1217.77
1992-12-26,Sri Lanka,239,1211.37
1992-12-26,Nicaragua,240,1211.22
1992-12-26,Philippines,241,1185.8
1992-12-26,Alderney,242,1161.26
1992-12-26,Luxembourg,243,1157.97
1993-12-31,Germany,1,1866.99
1993-12-31,Italy,2,1861.76
1993-12-31,Argentina,3,1830.08
1993-12-31,Netherlands,4,1816.24
1993-12-31,Brazil,5,1812.99
1993-12-31,Spain,6,1793.93
1993-12-31,Mexico,7,1782.19
1993-12-31,Colombia,8,1767.49
1993-12-31,France,9,1767.49
1993-12-31,England,10,1762.7
1993-12-31,Denmark,11,1761.52
1993-12-31,Sweden,12,1758.02
1993-12-31,Tahiti,13,1747.27
1993-12-31,Switzerland,14,1746.06
1993-12-31,Saudi Arabia,15,1743.65
1993-12-31,Republic of Ireland,16,1742.7
1993-12-31,Norway,17,1732.34
1993-12-31,Yugoslavia,18,1732.26
1993-12-31,Romania,19,1731.48
1993-12-31,Portugal,20,1717.78
1993-12-31,Belgium,21,1715.98
1993-12-31,Russia,22,1710.59
1993-12-31,South Korea,23,1709.38
1993-12-31,Czechoslovakia,24,1705.97
1993-12-31,Nigeria,25,1704.14
1993-12-31,Morocco,26,1701.44
1993-12-31,German DR,27,1699.83
1993-12-31,Uruguay,28,1696.81
1993-12-31,Japan,29,1695.79
1993-12-31,Australia,30,1694.28
1993-12-31,Jersey,31,1691.07
1993-12-31,Ivory Coast,32,1683.14
1993-12-31,Algeria,33,1681.24
1993-12-31,Iraq,34,1679.11
1993-12-31,Tunisia,35,1671.36
1993-12-31,Scotland,36,1666.6
1993-12-31,Egypt,37,1665.81
1993-12-31,Zambia,38,1665.48
1993-12-31,Wales,39,1660.38
1993-12-31,Bulgaria,40,1659.32
1993-12-31,Iran,41,1657.74
1993-12-31,Ghana,42,1645.87
1993-12-31,Chile,43,1645.52
1993-12-31,Cameroon,44,1641.7
1993-12-31,Zimbabwe,45,1640.22
1993-12-31,Basque Country,46,1635.91
1993-12-31,Poland,47,1634.47
1993-12-31,Croatia,48,1632.05
1993-12-31,Madagascar,49,1628.66
1993-12-31,Paraguay,50,1621.02
1993-12-31,Greece,51,1619.51
1993-12-31,North Korea,52,1616.2
1993-12-31,United Arab Emirates,53,1606.76
1993-12-31,New Zealand,54,1603.96
1993-12-31,Northern Ireland,55,1602.59
1993-12-31,Hungary,56,1600.18
1993-12-31,Kuwait,57,1598.39
1993-12-31,Fiji,58,1595.93
1993-12-31,South Africa,59,1594.98
1993-12-31,Canada,60,1593.42
1993-12-31,United States,61,1590.95
1993-12-31,Kenya,62,1587.7
1993-12-31,Guernsey,63,1587.01
1993-12-31,China,64,1585.43
1993-12-31,Austria,65,1583.54
1993-12-31,Costa Rica,66,1583.4
1993-12-31,Honduras,67,1578.87
1993-12-31,Burkina Faso,68,1575.52
1993-12-31,New Caledonia,69,1571.16
1993-12-31,Qatar,70,1569.88
1993-12-31,Kazakhstan,71,1565.84
1993-12-31,Bolivia,72,1556.8
1993-12-31,Sierra Leone,73,1555.73
1993-12-31,Turkey,74,1553.06
1993-12-31,DR Congo,75,1549.57
1993-12-31,Ecuador,76,1549.49
1993-12-31,Martinique,77,1545.61
1993-12-31,Ynys Môn,78,1544.51
1993-12-31,Ukraine,79,1543.57
1993-12-31,Malawi,80,1541.77
1993-12-31,Trinidad and Tobago,81,1535.54
1993-12-31,Libya,82,1534.19
1993-12-31,Uganda,83,1531.95
1993-12-31,Thailand,84,1529.99
1993-12-31,Senegal,85,1529.7
1993-12-31,Åland Islands,86,1526.34
1993-12-31,Syria,87,1526.12
1993-12-31,Israel,88,1523.43
1993-12-31,Mali,89,1519.17
1993-12-31,Corsica,90,1518.41
1993-12-31,Asturias,91,1517.44
1993-12-31,Bahrain,92,1516.96
1993-12-31,Jamaica,93,1515.01
1993-12-31,North Macedonia,94,1514.93
1993-12-31,Brittany,95,1513.29
1993-12-31,Uzbekistan,96,1513.0
1993-12-31,Eritrea,97,1511.7
1993-12-31,Saint Martin,98,1510.84
1993-12-31,Turkmenistan,99,1510.59
1993-12-31,Azerbaijan,100,1509.54
1993-12-31,Guatemala,101,1507.97
1993-12-31,Finland,102,1507.47
1993-12-31,Réunion,103,1507.25
1993-12-31,Silesia,104,1505.77
1993-12-31,El Salvador,105,1505.01
1993-12-31,Catalonia,106,1504.85
1993-12-31,Isle of Man,107,1504.55
1993-12-31,Andalusia,108,1504.03
1993-12-31,Moldova,109,1503.86
1993-12-31,Suriname,110,1502.58
1993-12-31,Montenegro,111,1502.39
1993-12-31,Singapore,112,1501.74
1993-12-31,Central Spain,113,1501.37
1993-12-31,Isle of Wight,114,1501.07
1993-12-31,Galicia,115,1496.46
1993-12-31,Burundi,116,1495.5
1993-12-31,Iceland,117,1492.44
1993-12-31,Belarus,118,1491.24
1993-12-31,Angola,119,1489.87
1993-12-31,Jordan,120,1487.59
1993-12-31,Serbia,121,1486.04
1993-12-31,Bahamas,122,1485.24
1993-12-31,Armenia,123,1484.92
1993-12-31,Belize,124,1484.79
1993-12-31,Kernow,125,1484.56
1993-12-31,Gabon,126,1483.69
1993-12-31,Slovakia,127,1481.93
1993-12-31,Guinea,128,1481.16
1993-12-31,Peru,129,1479.55
1993-12-31,Palau,130,1478.22
1993-12-31,Curaçao,131,1477.8
1993-12-31,Liberia,132,1475.31
1993-12-31,Niue,133,1474.97
1993-12-31,Solomon Islands,134,1474.65
1993-12-31,Saint Lucia,135,1474.1
1993-12-31,Georgia,136,1474.06
1993-12-31,South Yemen,137,1473.5
1993-12-31,Tuvalu,138,1472.94
1993-12-31,Barbados,139,1471.42
1993-12-31,Rwanda,140,1465.6
1993-12-31,Provence,141,1464.73
1993-12-31,Saint Vincent and the Grenadines,142,1464.07
1993-12-31,North Vietnam,143,1463.0
1993-12-31,Kiribati,144,1461.45
1993-12-31,Sint Maarten,145,1461.2
1993-12-31,Tajikistan,146,1456.96
1993-12-31,Northern Cyprus,147,1456.06
1993-12-31,Congo,148,1454.48
1993-12-31,Sudan,149,1452.95
1993-12-31,Saint Kitts and Nevis,150,1452.28
1993-12-31,Manchukuo,151,1451.84
1993-12-31,Ethiopia,152,1450.28
1993-12-31,Saarland,153,1449.76
1993-12-31,Cook Islands,154,1449.74
1993-12-31,Bermuda,155,1447.62
1993-12-31,Lebanon,156,1446.61
1993-12-31,Slovenia,157,1445.91
1993-12-31,Togo,158,1445.05
1993-12-31,Liechtenstein,159,1444.77
1993-12-31,Montserrat,160,1442.68
1993-12-31,Guinea-Bissau,161,1441.07
1993-12-31,Gibraltar,162,1437.35
1993-12-31,Mongolia,163,1437.15
1993-12-31,Palestine,164,1436.86
1993-12-31,Cuba,165,1432.46
1993-12-31,São Tomé and Príncipe,166,1429.9
1993-12-31,Cape Verde,167,1428.89
1993-12-31,Grenada,168,1428.08
1993-12-31,Niger,169,1427.74
1993-12-31,Shetland,170,1427.11
1993-12-31,Gambia,171,1426.87
1993-12-31,Papua New Guinea,172,1426.55
1993-12-31,Mozambique,173,1424.83
1993-12-31,Cambodia,174,1421.34
1993-12-31,Kyrgyzstan,175,1417.35
1993-12-31,Tonga,176,1417.34
1993-12-31,Malaysia,177,1416.71
1993-12-31,Antigua and Barbuda,178,1416.61
1993-12-31,Vietnam Republic,179,1416.37
1993-12-31,Mauritius,180,1414.29
1993-12-31,American Samoa,181,1412.85
1993-12-31,Western Australia,182,1409.92
1993-12-31,Tanzania,183,1407.44
1993-12-31,British Virgin Islands,184,1406.72
1993-12-31,Hong Kong,185,1406.13
1993-12-31,Chad,186,1405.05
1993-12-31,Myanmar,187,1404.6
1993-12-31,Haiti,188,1402.58
1993-12-31,Yemen DPR,189,1400.88
1993-12-31,Equatorial Guinea,190,1400.07
1993-12-31,Eswatini,191,1399.42
1993-12-31,Anguilla,192,1398.29
1993-12-31,French Guiana,193,1393.56
1993-12-31,Guadeloupe,194,1393.28
1993-12-31,Namibia,195,1392.85
1993-12-31,Guam,196,1392.24
1993-12-31,Panama,197,1392.15
1993-12-31,Dominican Republic,198,1391.77
1993-12-31,Faroe Islands,199,1391.54
1993-12-31,Comoros,200,1391.52
1993-12-31,San Marino,201,1388.95
1993-12-31,Vanuatu,202,1383.6
1993-12-31,Lithuania,203,1382.94
1993-12-31,Malta,204,1381.71
1993-12-31,Wallis Islands and Futuna,205,1379.52
1993-12-31,Indonesia,206,1376.48
1993-12-31,Samoa,207,1375.61
1993-12-31,Lesotho,208,1372.6
1993-12-31,Cyprus,209,1368.04
1993-12-31,Guyana,210,1367.9
1993-12-31,Albania,211,1366.51
1993-12-31,Yemen,212,1364.37
1993-12-31,India,213,1363.26
1993-12-31,Djibouti,214,1363.07
1993-12-31,Greenland,215,1362.61
1993-12-31,Vietnam,216,1358.13
1993-12-31,Latvia,217,1351.78
1993-12-31,Venezuela,218,1350.28
1993-12-31,Botswana,219,1350.14
1993-12-31,Central African Republic,220,1348.44
1993-12-31,Somalia,221,1346.33
1993-12-31,Cayman Islands,222,1343.63
1993-12-31,Oman,223,1339.94
1993-12-31,Bhutan,224,1337.02
1993-12-31,Aruba,225,1335.86
1993-12-31,Dominica,226,1334.08
1993-12-31,Puerto Rico,227,1322.91
1993-12-31,Afghanistan,228,1317.23
1993-12-31,Bangladesh,229,1316.47
1993-12-31,Seychelles,230,1313.75
1993-12-31,Maldives,231,1307.88
1993-12-31,Taiwan,232,1297.92
1993-12-31,Benin,233,1294.38
1993-12-31,Macau,234,1290.01
1993-12-31,Nepal,235,1284.25
1993-12-31,Zanzibar,236,1274.16
1993-12-31,Mauritania,237,1253.88
1993-12-31,Laos,238,1247.99
1993-12-31,Pakistan,239,1244.28
1993-12-31,Estonia,240,1233.3
1993-12-31,Nicaragua,241,1204.61
1993-12-31,Sri Lanka,242,1203.74
1993-12-31,Brunei,243,1186.72
1993-12-31,Philippines,244,1165.41
1993-12-31,Alderney,245,1158.87
1993-12-31,Luxembourg,246,1157.45
1994-12-29,Brazil,1,1888.44
1994-12-29,Germany,2,1873.11
1994-12-29,Italy,3,1841.15
1994-12-29,Spain,4,1823.17
1994-12-29,Netherlands,5,1806.39
1994-12-29,England,6,1805.71
1994-12-29,France,7,1794.7
1994-12-29,Sweden,8,1791.84
1994-12-29,Argentina,9,1786.24
1994-12-29,Romania,10,1782.74
1994-12-29,Switzerland,11,1776.99
1994-12-29,Colombia,12,1768.62
1994-12-29,Republic of Ireland,13,1767.64
1994-12-29,Mexico,14,1756.49
1994-12-29,Norway,15,1750.92
1994-12-29,Denmark,16,1749.18
1994-12-29,Portugal,17,1748.26
1994-12-29,Yugoslavia,18,1732.26
1994-12-29,Tahiti,19,1731.75
1994-12-29,Russia,20,1708.37
1994-12-29,Bulgaria,21,1706.51
1994-12-29,Czechoslovakia,22,1705.97
1994-12-29,Uruguay,23,1704.14
1994-12-29,Jersey,24,1703.78
1994-12-29,Australia,25,1703.51
1994-12-29,German DR,26,1699.83
1994-12-29,Nigeria,27,1687.71
1994-12-29,Japan,28,1686.95
1994-12-29,Belgium,29,1681.22
1994-12-29,Zambia,30,1680.79
1994-12-29,Croatia,31,1680.55
1994-12-29,Iraq,32,1679.11
1994-12-29,Poland,33,1676.79
1994-12-29,Saudi Arabia,34,1676.74
1994-12-29,Tunisia,35,1664.73
1994-12-29,Ivory Coast,36,1658.0
1994-12-29,Scotland,37,1656.44
1994-12-29,Basque Country,38,1656.08
1994-12-29,Egypt,39,1655.23
1994-12-29,Uzbekistan,40,1653.56
1994-12-29,Ghana,41,1653.32
1994-12-29,South Korea,42,1652.63
1994-12-29,Chile,43,1651.54
1994-12-29,Algeria,44,1640.72
1994-12-29,Morocco,45,1639.75
1994-12-29,China,46,1638.07
1994-12-29,Iran,47,1634.05
1994-12-29,Madagascar,48,1628.66
1994-12-29,Paraguay,49,1621.02
1994-12-29,Greece,50,1617.71
1994-12-29,North Korea,51,1616.2
1994-12-29,United Arab Emirates,52,1611.32
1994-12-29,Fiji,53,1608.37
1994-12-29,Northern Ireland,54,1607.02
1994-12-29,United States,55,1605.17
1994-12-29,New Zealand,56,1603.96
1994-12-29,Costa Rica,57,1603.34
1994-12-29,Zimbabwe,58,1602.64
1994-12-29,Cameroon,59,1602.64
1994-12-29,South Africa,60,1593.41
1994-12-29,Wales,61,1586.6
1994-12-29,Canada,62,1585.42
1994-12-29,Bolivia,63,1584.65
1994-12-29,Kuwait,64,1581.32
1994-12-29,Israel,65,1578.93
1994-12-29,Guernsey,66,1575.72
1994-12-29,Trinidad and Tobago,67,1574.06
1994-12-29,Ecuador,68,1570.69
1994-12-29,Czech Republic,69,1570.26
1994-12-29,Austria,70,1561.88
1994-12-29,Solomon Islands,71,1559.69
1994-12-29,Honduras,72,1556.63
1994-12-29,Martinique,73,1555.31
1994-12-29,Sierra Leone,74,1552.87
1994-12-29,Burkina Faso,75,1551.62
1994-12-29,Uganda,76,1549.64
1994-12-29,Kazakhstan,77,1549.33
1994-12-29,Turkey,78,1546.35
1994-12-29,North Macedonia,79,1545.91
1994-12-29,Ynys Môn,80,1544.51
1994-12-29,Iceland,81,1537.28
1994-12-29,Qatar,82,1537.05
1994-12-29,Hungary,83,1535.46
1994-12-29,Libya,84,1534.19
1994-12-29,Malawi,85,1533.97
1994-12-29,Kenya,86,1532.42
1994-12-29,Bahrain,87,1531.19
1994-12-29,Mali,88,1530.42
1994-12-29,New Caledonia,89,1528.62
1994-12-29,Turkmenistan,90,1526.75
1994-12-29,Åland Islands,91,1526.34
1994-12-29,Syria,92,1526.12
1994-12-29,Moldova,93,1521.2
1994-12-29,Corsica,94,1518.41
1994-12-29,Asturias,95,1517.44
1994-12-29,Slovakia,96,1514.68
1994-12-29,El Salvador,97,1513.48
1994-12-29,Brittany,98,1513.29
1994-12-29,Ukraine,99,1511.94
1994-12-29,Saint Martin,100,1510.84
1994-12-29,Gabon,101,1510.02
1994-12-29,Guatemala,102,1507.97
1994-12-29,Réunion,103,1507.25
1994-12-29,Silesia,104,1505.77
1994-12-29,Catalonia,105,1504.85
1994-12-29,Isle of Man,106,1504.55
1994-12-29,Andalusia,107,1504.03
1994-12-29,Jamaica,108,1503.27
1994-12-29,Montenegro,109,1502.39
1994-12-29,Slovenia,110,1502.25
1994-12-29,Angola,111,1501.83
1994-12-29,Tanzania,112,1501.75
1994-12-29,Singapore,113,1501.74
1994-12-29,Central Spain,114,1501.37
1994-12-29,Isle of Wight,115,1501.07
1994-12-29,DR Congo,116,1496.76
1994-12-29,Galicia,117,1496.46
1994-12-29,Burundi,118,1495.5
1994-12-29,Finland,119,1495.13
1994-12-29,Georgia,120,1489.53
1994-12-29,Jordan,121,1487.59
1994-12-29,Bahamas,122,1485.24
1994-12-29,Belize,123,1484.79
1994-12-29,Kernow,124,1484.56
1994-12-29,Thailand,125,1484.38
1994-12-29,Eritrea,126,1480.46
1994-12-29,Peru,127,1478.76
1994-12-29,Serbia,128,1478.25
1994-12-29,Palau,129,1478.22
1994-12-29,Curaçao,130,1477.8
1994-12-29,Belarus,131,1476.54
1994-12-29,Saint Vincent and the Grenadines,132,1476.37
1994-12-29,Niue,133,1474.97
1994-12-29,Togo,134,1474.31
1994-12-29,Saint Lucia,135,1474.1
1994-12-29,South Yemen,136,1473.5
1994-12-29,Tuvalu,137,1472.94
1994-12-29,Senegal,138,1472.43
1994-12-29,Suriname,139,1472.22
1994-12-29,Liberia,140,1470.11
1994-12-29,Congo,141,1466.46
1994-12-29,Rwanda,142,1465.6
1994-12-29,Provence,143,1464.73
1994-12-29,North Vietnam,144,1463.0
1994-12-29,Guinea,145,1462.92
1994-12-29,Barbados,146,1462.84
1994-12-29,Kiribati,147,1461.45
1994-12-29,Mozambique,148,1458.69
1994-12-29,Azerbaijan,149,1456.35
1994-12-29,Northern Cyprus,150,1456.06
1994-12-29,Armenia,151,1453.1
1994-12-29,Manchukuo,152,1451.84
1994-12-29,Tajikistan,153,1449.97
1994-12-29,Sudan,154,1449.94
1994-12-29,Saarland,155,1449.76
1994-12-29,Cook Islands,156,1449.74
1994-12-29,Bermuda,157,1447.62
1994-12-29,Saint Kitts and Nevis,158,1446.77
1994-12-29,Lebanon,159,1446.61
1994-12-29,Sint Maarten,160,1441.53
1994-12-29,Guinea-Bissau,161,1441.07
1994-12-29,Niger,162,1440.4
1994-12-29,Ethiopia,163,1438.28
1994-12-29,Gibraltar,164,1437.35
1994-12-29,Mongolia,165,1437.15
1994-12-29,Lithuania,166,1436.86
1994-12-29,Palestine,167,1436.86
1994-12-29,Oman,168,1435.87
1994-12-29,Cuba,169,1432.46
1994-12-29,Gambia,170,1430.84
1994-12-29,São Tomé and Príncipe,171,1429.9
1994-12-29,Cape Verde,172,1428.89
1994-12-29,Haiti,173,1427.41
1994-12-29,Shetland,174,1427.11
1994-12-29,Tonga,175,1426.71
1994-12-29,Namibia,176,1424.54
1994-12-29,Papua New Guinea,177,1423.57
1994-12-29,Cambodia,178,1421.34
1994-12-29,Guadeloupe,179,1420.62
1994-12-29,Vietnam Republic,180,1416.37
1994-12-29,Grenada,181,1415.7
1994-12-29,Antigua and Barbuda,182,1414.27
1994-12-29,Malaysia,183,1412.37
1994-12-29,Western Australia,184,1409.92
1994-12-29,Montserrat,185,1409.73
1994-12-29,Chad,186,1405.05
1994-12-29,Myanmar,187,1402.23
1994-12-29,Yemen DPR,188,1400.88
1994-12-29,Mauritius,189,1400.88
1994-12-29,Equatorial Guinea,190,1400.07
1994-12-29,Hong Kong,191,1398.1
1994-12-29,Liechtenstein,192,1395.1
1994-12-29,Guam,193,1392.24
1994-12-29,Panama,194,1392.15
1994-12-29,Comoros,195,1391.52
1994-12-29,Samoa,196,1390.11
1994-12-29,Kyrgyzstan,197,1388.16
1994-12-29,Cayman Islands,198,1386.99
1994-12-29,Eswatini,199,1384.58
1994-12-29,French Guiana,200,1381.76
1994-12-29,Malta,201,1381.65
1994-12-29,Wallis Islands and Futuna,202,1379.52
1994-12-29,Indonesia,203,1376.48
1994-12-29,Dominican Republic,204,1376.27
1994-12-29,American Samoa,205,1375.89
1994-12-29,Dominica,206,1374.88
1994-12-29,Lesotho,207,1372.6
1994-12-29,Cyprus,208,1372.21
1994-12-29,Anguilla,209,1369.77
1994-12-29,Faroe Islands,210,1366.36
1994-12-29,San Marino,211,1366.21
1994-12-29,British Virgin Islands,212,1364.27
1994-12-29,Greenland,213,1362.61
1994-12-29,Vanuatu,214,1360.25
1994-12-29,Latvia,215,1359.4
1994-12-29,Guyana,216,1358.89
1994-12-29,Vietnam,217,1358.13
1994-12-29,Yemen,218,1354.73
1994-12-29,Central African Republic,219,1348.44
1994-12-29,Venezuela,220,1347.63
1994-12-29,Somalia,221,1344.17
1994-12-29,Albania,222,1338.85
1994-12-29,Bhutan,223,1337.02
1994-12-29,Aruba,224,1335.86
1994-12-29,Botswana,225,1335.16
1994-12-29,Puerto Rico,226,1333.12
1994-12-29,India,227,1332.59
1994-12-29,Djibouti,228,1327.39
1994-12-29,Afghanistan,229,1317.23
1994-12-29,Maldives,230,1307.88
1994-12-29,Seychelles,231,1306.6
1994-12-29,Bangladesh,232,1302.62
1994-12-29,Taiwan,233,1297.92
1994-12-29,Benin,234,1294.38
1994-12-29,Macau,235,1290.01
1994-12-29,Mauritania,236,1288.34
1994-12-29,Zanzibar,237,1274.16
1994-12-29,Nepal,238,1267.99
1994-12-29,Laos,239,1247.99
1994-12-29,Pakistan,240,1244.28
1994-12-29,Nicaragua,241,1204.61
1994-12-29,Sri Lanka,242,1203.74
1994-12-29,Brunei,243,1186.72
1994-12-29,Estonia,244,1184.97
1994-12-29,Philippines,245,1165.41
1994-12-29,Alderney,246,1157.44
1994-12-29,Luxembourg,247,1150.32
1995-12-29,Brazil,1,1959.83
1995-12-29,Germany,2,1885.5
1995-12-29,Italy,3,1846.37
1995-12-29,Spain,4,1841.01
1995-12-29,France,5,1824.89
1995-12-29,Denmark,6,1804.13
1995-12-29,Tahiti,7,1789.88
1995-12-29,England,8,1788.5
1995-12-29,Argentina,9,1779.81
1995-12-29,Romania,10,1765.49
1995-12-29,Netherlands,11,1764.54
1995-12-29,Portugal,12,1754.97
1995-12-29,Russia,13,1740.41
1995-12-29,Sweden,14,1737.65
1995-12-29,Yugoslavia,15,1732.26
1995-12-29,Colombia,16,1727.18
1995-12-29,Switzerland,17,1721.04
1995-12-29,Republic of Ireland,18,1706.02
1995-12-29,Czechoslovakia,19,1705.97
1995-12-29,Uruguay,20,1704.63
1995-12-29,Australia,21,1700.21
1995-12-29,German DR,22,1699.83
1995-12-29,Norway,23,1697.47
1995-12-29,Iraq,24,1695.63
1995-12-29,Nigeria,25,1690.54
1995-12-29,Belgium,26,1687.38
1995-12-29,Bulgaria,27,1687.2
1995-12-29,Scotland,28,1687.17
1995-12-29,Jersey,29,1686.93
1995-12-29,Paraguay,30,1683.21
1995-12-29,Turkey,31,1682.26
1995-12-29,Croatia,32,1681.77
1995-12-29,Ivory Coast,33,1680.27
1995-12-29,Mexico,34,1671.78
1995-12-29,Japan,35,1666.34
1995-12-29,Poland,36,1661.67
1995-12-29,Basque Country,37,1657.39
1995-12-29,South Africa,38,1656.93
1995-12-29,Algeria,39,1654.09
1995-12-29,Zambia,40,1652.57
1995-12-29,Egypt,41,1646.39
1995-12-29,Morocco,42,1646.27
1995-12-29,South Korea,43,1645.55
1995-12-29,United States,44,1643.66
1995-12-29,Czech Republic,45,1643.04
1995-12-29,Chile,46,1640.77
1995-12-29,Ghana,47,1638.26
1995-12-29,Tunisia,48,1635.34
1995-12-29,Iran,49,1634.05
1995-12-29,Madagascar,50,1628.66
1995-12-29,China,51,1626.58
1995-12-29,Jamaica,52,1624.92
1995-12-29,North Korea,53,1616.2
1995-12-29,Fiji,54,1615.52
1995-12-29,United Arab Emirates,55,1611.32
1995-12-29,Saudi Arabia,56,1610.25
1995-12-29,Northern Ireland,57,1596.81
1995-12-29,Uzbekistan,58,1595.85
1995-12-29,Ecuador,59,1593.04
1995-12-29,Cameroon,60,1591.64
1995-12-29,Austria,61,1589.94
1995-12-29,Trinidad and Tobago,62,1587.57
1995-12-29,Canada,63,1582.99
1995-12-29,Honduras,64,1578.18
1995-12-29,Kuwait,65,1577.79
1995-12-29,Israel,66,1576.09
1995-12-29,Sierra Leone,67,1575.98
1995-12-29,Serbia,68,1575.51
1995-12-29,Bolivia,69,1572.52
1995-12-29,Solomon Islands,70,1570.1
1995-12-29,Guernsey,71,1568.18
1995-12-29,Gabon,72,1566.36
1995-12-29,Greece,73,1565.91
1995-12-29,New Zealand,74,1564.8
1995-12-29,Wales,75,1564.76
1995-12-29,Slovakia,76,1561.71
1995-12-29,Kenya,77,1559.74
1995-12-29,Zimbabwe,78,1554.13
1995-12-29,Iceland,79,1552.41
1995-12-29,DR Congo,80,1548.24
1995-12-29,Thailand,81,1547.88
1995-12-29,Hungary,82,1544.02
1995-12-29,Isle of Wight,83,1539.49
1995-12-29,Burkina Faso,84,1537.8
1995-12-29,Martinique,85,1537.69
1995-12-29,Qatar,86,1537.05
1995-12-29,Kazakhstan,87,1536.79
1995-12-29,Angola,88,1536.53
1995-12-29,Libya,89,1534.19
1995-12-29,El Salvador,90,1532.72
1995-12-29,Costa Rica,91,1532.65
1995-12-29,Bahrain,92,1531.19
1995-12-29,Ynys Môn,93,1529.78
1995-12-29,New Caledonia,94,1528.11
1995-12-29,Turkmenistan,95,1526.75
1995-12-29,Uganda,96,1521.02
1995-12-29,Syria,97,1520.64
1995-12-29,Peru,98,1520.14
1995-12-29,Corsica,99,1518.41
1995-12-29,Georgia,100,1518.03
1995-12-29,Asturias,101,1517.44
1995-12-29,Åland Islands,102,1517.15
1995-12-29,Ukraine,103,1517.13
1995-12-29,Slovenia,104,1515.14
1995-12-29,Brittany,105,1513.29
1995-12-29,Cuba,106,1511.18
1995-12-29,Saint Martin,107,1510.84
1995-12-29,Malawi,108,1509.57
1995-12-29,Guatemala,109,1507.71
1995-12-29,Réunion,110,1507.25
1995-12-29,Mozambique,111,1506.71
1995-12-29,Silesia,112,1505.77
1995-12-29,Catalonia,113,1504.85
1995-12-29,Senegal,114,1504.49
1995-12-29,Andalusia,115,1504.03
1995-12-29,Montenegro,116,1502.39
1995-12-29,Central Spain,117,1501.37
1995-12-29,Finland,118,1498.44
1995-12-29,Galicia,119,1496.46
1995-12-29,Burundi,120,1495.5
1995-12-29,Gibraltar,121,1495.42
1995-12-29,North Macedonia,122,1493.8
1995-12-29,Jordan,123,1487.59
1995-12-29,Liberia,124,1486.69
1995-12-29,Bahamas,125,1485.24
1995-12-29,Kernow,126,1484.56
1995-12-29,Curaçao,127,1482.82
1995-12-29,Singapore,128,1480.79
1995-12-29,Eritrea,129,1480.46
1995-12-29,Tanzania,130,1480.27
1995-12-29,Bosnia and Herzegovina,131,1478.46
1995-12-29,Palau,132,1478.22
1995-12-29,Niue,133,1474.97
1995-12-29,South Yemen,134,1473.5
1995-12-29,Moldova,135,1473.45
1995-12-29,Tuvalu,136,1472.94
1995-12-29,Belarus,137,1470.81
1995-12-29,Suriname,138,1468.3
1995-12-29,Provence,139,1464.73
1995-12-29,North Vietnam,140,1463.0
1995-12-29,Kiribati,141,1461.45
1995-12-29,Sudan,142,1459.62
1995-12-29,Belize,143,1457.32
1995-12-29,Lithuania,144,1456.89
1995-12-29,Saint Vincent and the Grenadines,145,1456.37
1995-12-29,Northern Cyprus,146,1456.06
1995-12-29,Armenia,147,1454.89
1995-12-29,Grenada,148,1454.0
1995-12-29,Lebanon,149,1453.97
1995-12-29,Guinea,150,1453.59
1995-12-29,Manchukuo,151,1451.84
1995-12-29,Tajikistan,152,1449.97
1995-12-29,Saarland,153,1449.76
1995-12-29,Cape Verde,154,1447.73
1995-12-29,Bermuda,155,1447.62
1995-12-29,Saint Lucia,156,1446.27
1995-12-29,Saint Kitts and Nevis,157,1446.19
1995-12-29,Sint Maarten,158,1444.92
1995-12-29,Congo,159,1442.84
1995-12-29,Niger,160,1440.4
1995-12-29,Mali,161,1439.64
1995-12-29,Mongolia,162,1437.15
1995-12-29,Isle of Man,163,1437.13
1995-12-29,Palestine,164,1436.86
1995-12-29,Montserrat,165,1436.79
1995-12-29,Togo,166,1436.42
1995-12-29,Oman,167,1435.87
1995-12-29,Cook Islands,168,1435.41
1995-12-29,Rwanda,169,1433.23
1995-12-29,São Tomé and Príncipe,170,1429.9
1995-12-29,Guadeloupe,171,1428.12
1995-12-29,Guinea-Bissau,172,1427.43
1995-12-29,Haiti,173,1427.41
1995-12-29,Shetland,174,1427.11
1995-12-29,Tonga,175,1426.71
1995-12-29,Papua New Guinea,176,1426.66
1995-12-29,Ethiopia,177,1425.71
1995-12-29,Latvia,178,1424.64
1995-12-29,Azerbaijan,179,1424.3
1995-12-29,Barbados,180,1422.56
1995-12-29,Vietnam Republic,181,1416.37
1995-12-29,Dominica,182,1414.59
1995-12-29,Vietnam,183,1412.0
1995-12-29,Western Australia,184,1409.92
1995-12-29,Chad,185,1405.05
1995-12-29,Hong Kong,186,1404.33
1995-12-29,Cyprus,187,1403.45
1995-12-29,Yemen DPR,188,1400.88
1995-12-29,Equatorial Guinea,189,1400.07
1995-12-29,Namibia,190,1396.6
1995-12-29,Albania,191,1396.09
1995-12-29,Gambia,192,1395.7
1995-12-29,Antigua and Barbuda,193,1395.59
1995-12-29,Malaysia,194,1394.49
1995-12-29,Comoros,195,1391.52
1995-12-29,Samoa,196,1390.11
1995-12-29,Indonesia,197,1388.49
1995-12-29,Kyrgyzstan,198,1388.16
1995-12-29,Panama,199,1386.56
1995-12-29,Eswatini,200,1384.58
1995-12-29,Myanmar,201,1383.9
1995-12-29,Greenland,202,1383.18
1995-12-29,Cayman Islands,203,1381.46
1995-12-29,Mauritania,204,1380.59
1995-12-29,Mauritius,205,1379.33
1995-12-29,Vanuatu,206,1378.55
1995-12-29,American Samoa,207,1375.89
1995-12-29,Liechtenstein,208,1372.73
1995-12-29,Lesotho,209,1372.6
1995-12-29,India,210,1370.93
1995-12-29,Dominican Republic,211,1365.43
1995-12-29,British Virgin Islands,212,1364.27
1995-12-29,Cambodia,213,1360.05
1995-12-29,Faroe Islands,214,1358.74
1995-12-29,Yemen,215,1354.73
1995-12-29,Guam,216,1353.8
1995-12-29,French Guiana,217,1353.34
1995-12-29,Central African Republic,218,1348.44
1995-12-29,Wallis Islands and Futuna,219,1346.32
1995-12-29,Anguilla,220,1342.71
1995-12-29,Bhutan,221,1337.02
1995-12-29,Venezuela,222,1335.93
1995-12-29,Guyana,223,1335.78
1995-12-29,Malta,224,1335.14
1995-12-29,Djibouti,225,1327.39
1995-12-29,Zanzibar,226,1324.02
1995-12-29,Somalia,227,1322.06
1995-12-29,Afghanistan,228,1317.23
1995-12-29,Aruba,229,1317.0
1995-12-29,Puerto Rico,230,1316.12
1995-12-29,Bangladesh,231,1316.0
1995-12-29,San Marino,232,1306.81
1995-12-29,Seychelles,233,1306.6
1995-12-29,Taiwan,234,1297.92
1995-12-29,Maldives,235,1290.89
1995-12-29,Macau,236,1290.01
1995-12-29,Botswana,237,1289.83
1995-12-29,Benin,238,1278.56
1995-12-29,Laos,239,1271.37
1995-12-29,Pakistan,240,1247.12
1995-12-29,Nepal,241,1243.25
1995-12-29,Luxembourg,242,1230.76
1995-12-29,Sri Lanka,243,1223.01
1995-12-29,Nicaragua,244,1188.93
1995-12-29,Philippines,245,1160.5
1995-12-29,Brunei,246,1159.75
1995-12-29,Alderney,247,1156.12
1995-12-29,Estonia,248,1131.2
1996-12-28,Brazil,1,1948.78
1996-12-28,Germany,2,1904.03
1996-12-28,France,3,1868.85
1996-12-28,Spain,4,1859.46
1996-12-28,England,5,1848.6
1996-12-28,Denmark,6,1846.8
1996-12-28,Italy,7,1815.02
1996-12-28,Netherlands,8,1807.64
1996-12-28,Colombia,9,1779.47
1996-12-28,Russia,10,1768.89
1996-12-28,Portugal,11,1756.72
1996-12-28,Tahiti,12,1756.33
1996-12-28,Japan,13,1750.92
1996-12-28,South Africa,14,1743.8
1996-12-28,Norway,15,1739.68
1996-12-28,Croatia,16,1733.53
1996-12-28,Yugoslavia,17,1732.26
1996-12-28,Argentina,18,1729.55
1996-12-28,Czech Republic,19,1726.84
1996-12-28,Sweden,20,1726.51
1996-12-28,Romania,21,1722.88
1996-12-28,Australia,22,1720.31
1996-12-28,Paraguay,23,1706.36
1996-12-28,Czechoslovakia,24,1705.97
1996-12-28,Morocco,25,1702.37
1996-12-28,German DR,26,1699.83
1996-12-28,Scotland,27,1696.97
1996-12-28,Iraq,28,1695.94
1996-12-28,Belgium,29,1694.11
1996-12-28,Jersey,30,1693.05
1996-12-28,Iran,31,1691.78
1996-12-28,Bulgaria,32,1690.15
1996-12-28,United Arab Emirates,33,1681.5
1996-12-28,United States,34,1681.36
1996-12-28,Saudi Arabia,35,1679.12
1996-12-28,Mexico,36,1676.48
1996-12-28,Chile,37,1676.39
1996-12-28,Austria,38,1670.37
1996-12-28,Algeria,39,1668.86
1996-12-28,Uruguay,40,1668.06
1996-12-28,Republic of Ireland,41,1663.91
1996-12-28,Basque Country,42,1660.3
1996-12-28,Egypt,43,1658.78
1996-12-28,South Korea,44,1655.08
1996-12-28,Ecuador,45,1648.8
1996-12-28,Tunisia,46,1647.75
1996-12-28,Nigeria,47,1645.07
1996-12-28,Serbia,48,1644.5
1996-12-28,Zambia,49,1635.59
1996-12-28,Turkey,50,1632.99
1996-12-28,Canada,51,1632.68
1996-12-28,Switzerland,52,1627.01
1996-12-28,Kuwait,53,1625.31
1996-12-28,Poland,54,1617.23
1996-12-28,North Korea,55,1616.2
1996-12-28,Fiji,56,1615.52
1996-12-28,Ivory Coast,57,1611.71
1996-12-28,Greece,58,1611.01
1996-12-28,Jamaica,59,1607.8
1996-12-28,Cameroon,60,1601.84
1996-12-28,Madagascar,61,1597.69
1996-12-28,Ghana,62,1590.72
1996-12-28,Northern Ireland,63,1584.57
1996-12-28,Gabon,64,1581.88
1996-12-28,Honduras,65,1580.88
1996-12-28,Qatar,66,1578.8
1996-12-28,Bolivia,67,1576.82
1996-12-28,Costa Rica,68,1576.76
1996-12-28,Slovakia,69,1572.33
1996-12-28,Thailand,70,1572.22
1996-12-28,China,71,1567.34
1996-12-28,Guernsey,72,1564.79
1996-12-28,Wales,73,1556.1
1996-12-28,Ukraine,74,1555.22
1996-12-28,Angola,75,1554.23
1996-12-28,Israel,76,1552.47
1996-12-28,Zimbabwe,77,1550.74
1996-12-28,Peru,78,1550.35
1996-12-28,Solomon Islands,79,1549.51
1996-12-28,Hungary,80,1549.48
1996-12-28,Malawi,81,1542.26
1996-12-28,New Zealand,82,1541.0
1996-12-28,Isle of Wight,83,1539.49
1996-12-28,Martinique,84,1537.34
1996-12-28,Uzbekistan,85,1537.23
1996-12-28,Libya,86,1534.19
1996-12-28,Burundi,87,1532.99
1996-12-28,Lebanon,88,1532.13
1996-12-28,Guatemala,89,1531.22
1996-12-28,Kenya,90,1530.95
1996-12-28,Ynys Môn,91,1529.78
1996-12-28,Trinidad and Tobago,92,1529.28
1996-12-28,New Caledonia,93,1528.11
1996-12-28,DR Congo,94,1526.95
1996-12-28,Iceland,95,1522.12
1996-12-28,Corsica,96,1518.41
1996-12-28,Asturias,97,1517.44
1996-12-28,Åland Islands,98,1517.15
1996-12-28,Sierra Leone,99,1516.99
1996-12-28,Uganda,100,1515.56
1996-12-28,Brittany,101,1513.29
1996-12-28,El Salvador,102,1513.26
1996-12-28,Syria,103,1512.62
1996-12-28,Saint Martin,104,1510.84
1996-12-28,Canary Islands,105,1509.44
1996-12-28,Réunion,106,1507.25
1996-12-28,Senegal,107,1507.24
1996-12-28,North Macedonia,108,1506.0
1996-12-28,Silesia,109,1505.77
1996-12-28,Sudan,110,1505.51
1996-12-28,Catalonia,111,1504.85
1996-12-28,Andalusia,112,1504.03
1996-12-28,Turkmenistan,113,1503.66
1996-12-28,Montenegro,114,1502.39
1996-12-28,Central Spain,115,1501.37
1996-12-28,Singapore,116,1499.79
1996-12-28,Galicia,117,1496.46
1996-12-28,Bosnia and Herzegovina,118,1495.58
1996-12-28,Gibraltar,119,1495.42
1996-12-28,Togo,120,1492.75
1996-12-28,Slovenia,121,1492.67
1996-12-28,Bahrain,122,1490.02
1996-12-28,Congo,123,1489.86
1996-12-28,Mozambique,124,1486.7
1996-12-28,Jordan,125,1486.44
1996-12-28,Cuba,126,1485.95
1996-12-28,Burkina Faso,127,1485.48
1996-12-28,Bahamas,128,1485.24
1996-12-28,Kernow,129,1484.56
1996-12-28,Kazakhstan,130,1483.1
1996-12-28,Eritrea,131,1480.46
1996-12-28,Palau,132,1478.22
1996-12-28,Niue,133,1474.97
1996-12-28,Lithuania,134,1473.7
1996-12-28,South Yemen,135,1473.5
1996-12-28,Saint Kitts and Nevis,136,1473.46
1996-12-28,Andorra,137,1473.04
1996-12-28,Tuvalu,138,1472.94
1996-12-28,Liberia,139,1467.68
1996-12-28,Panama,140,1466.82
1996-12-28,Mali,141,1464.9
1996-12-28,Provence,142,1464.73
1996-12-28,Georgia,143,1463.65
1996-12-28,North Vietnam,144,1463.0
1996-12-28,Kiribati,145,1461.45
1996-12-28,Tajikistan,146,1460.85
1996-12-28,Armenia,147,1459.52
1996-12-28,Moldova,148,1458.53
1996-12-28,Guinea,149,1458.5
1996-12-28,Tonga,150,1457.47
1996-12-28,Northern Cyprus,151,1456.06
1996-12-28,Grenada,152,1454.72
1996-12-28,Vietnam,153,1452.9
1996-12-28,Haiti,154,1452.71
1996-12-28,Manchukuo,155,1451.84
1996-12-28,Suriname,156,1450.1
1996-12-28,Saarland,157,1449.76
1996-12-28,Cape Verde,158,1447.73
1996-12-28,Bermuda,159,1447.62
1996-12-28,Papua New Guinea,160,1446.51
1996-12-28,Finland,161,1444.67
1996-12-28,Curaçao,162,1443.49
1996-12-28,Niger,163,1443.32
1996-12-28,Barbados,164,1440.77
1996-12-28,Sint Maarten,165,1439.95
1996-12-28,Malaysia,166,1439.11
1996-12-28,Ethiopia,167,1438.91
1996-12-28,Mongolia,168,1437.15
1996-12-28,Isle of Man,169,1437.13
1996-12-28,Palestine,170,1436.86
1996-12-28,Montserrat,171,1436.79
1996-12-28,Oman,172,1433.49
1996-12-28,São Tomé and Príncipe,173,1429.9
1996-12-28,Guadeloupe,174,1428.12
1996-12-28,Guinea-Bissau,175,1427.98
1996-12-28,Shetland,176,1427.11
1996-12-28,Cyprus,177,1422.87
1996-12-28,Belize,178,1420.63
1996-12-28,Belarus,179,1420.28
1996-12-28,Namibia,180,1418.52
1996-12-28,Vietnam Republic,181,1416.37
1996-12-28,Azerbaijan,182,1414.88
1996-12-28,Hong Kong,183,1413.83
1996-12-28,Western Australia,184,1409.92
1996-12-28,Tanzania,185,1408.81
1996-12-28,Saint Lucia,186,1407.72
1996-12-28,Chad,187,1405.05
1996-12-28,Cook Islands,188,1401.68
1996-12-28,Yemen DPR,189,1400.88
1996-12-28,Equatorial Guinea,190,1400.07
1996-12-28,Saint Vincent and the Grenadines,191,1397.84
1996-12-28,Rwanda,192,1396.1
1996-12-28,Gambia,193,1394.25
1996-12-28,Samoa,194,1393.07
1996-12-28,Comoros,195,1391.52
1996-12-28,Dominica,196,1388.75
1996-12-28,Dominican Republic,197,1387.92
1996-12-28,Myanmar,198,1383.58
1996-12-28,Greenland,199,1383.18
1996-12-28,Albania,200,1382.96
1996-12-28,Antigua and Barbuda,201,1380.59
1996-12-28,Latvia,202,1376.36
1996-12-28,American Samoa,203,1375.89
1996-12-28,Kyrgyzstan,204,1374.53
1996-12-28,Lesotho,205,1372.6
1996-12-28,Vanuatu,206,1372.25
1996-12-28,Mauritius,207,1369.89
1996-12-28,British Virgin Islands,208,1364.27
1996-12-28,Eswatini,209,1357.59
1996-12-28,Mauritania,210,1356.86
1996-12-28,Cayman Islands,211,1353.46
1996-12-28,Venezuela,212,1350.61
1996-12-28,Central African Republic,213,1348.44
1996-12-28,French Guiana,214,1348.07
1996-12-28,Indonesia,215,1347.38
1996-12-28,Wallis Islands and Futuna,216,1346.32
1996-12-28,Yemen,217,1344.08
1996-12-28,Bhutan,218,1337.02
1996-12-28,Guam,219,1335.57
1996-12-28,Liechtenstein,220,1334.88
1996-12-28,India,221,1334.47
1996-12-28,Guyana,222,1329.39
1996-12-28,Djibouti,223,1327.39
1996-12-28,Somalia,224,1322.06
1996-12-28,Benin,225,1321.96
1996-12-28,Anguilla,226,1320.39
1996-12-28,Zanzibar,227,1319.95
1996-12-28,Afghanistan,228,1317.23
1996-12-28,Bangladesh,229,1316.0
1996-12-28,Faroe Islands,230,1311.24
1996-12-28,Malta,231,1304.43
1996-12-28,Cambodia,232,1301.91
1996-12-28,Seychelles,233,1297.54
1996-12-28,Puerto Rico,234,1295.56
1996-12-28,Aruba,235,1290.66
1996-12-28,San Marino,236,1288.01
1996-12-28,Macau,237,1286.04
1996-12-28,Botswana,238,1284.85
1996-12-28,Taiwan,239,1283.04
1996-12-28,Laos,240,1274.69
1996-12-28,Estonia,241,1254.74
1996-12-28,Sri Lanka,242,1246.2
1996-12-28,Maldives,243,1244.8
1996-12-28,Pakistan,244,1238.54
1996-12-28,Luxembourg,245,1234.21
1996-12-28,Nepal,246,1191.46
1996-12-28,Nicaragua,247,1176.34
1996-12-28,Brunei,248,1162.61
1996-12-28,Alderney,249,1153.39
1996-12-28,Philippines,250,1095.88
1997-12-28,Brazil,1,2023.84
1997-12-28,Germany,2,1910.45
1997-12-28,France,3,1900.7
1997-12-28,England,4,1884.79
1997-12-28,Spain,5,1865.85
1997-12-28,Italy,6,1832.45
1997-12-28,Denmark,7,1825.92
1997-12-28,Australia,8,1813.1
1997-12-28,Netherlands,9,1793.44
1997-12-28,South Korea,10,1761.54
1997-12-28,Morocco,11,1759.6
1997-12-28,Romania,12,1758.69
1997-12-28,Portugal,13,1756.9
1997-12-28,Norway,14,1754.84
1997-12-28,Argentina,15,1750.01
1997-12-28,Sweden,16,1747.76
1997-12-28,Japan,17,1736.8
1997-12-28,Russia,18,1735.37
1997-12-28,Yugoslavia,19,1732.26
1997-12-28,Croatia,20,1726.99
1997-12-28,Czech Republic,21,1716.12
1997-12-28,Saudi Arabia,22,1715.98
1997-12-28,Serbia,23,1715.95
1997-12-28,Jersey,24,1714.98
1997-12-28,Belgium,25,1710.75
1997-12-28,Czechoslovakia,26,1705.97
1997-12-28,Tunisia,27,1705.55
1997-12-28,Iran,28,1702.05
1997-12-28,Bulgaria,29,1701.46
1997-12-28,Tahiti,30,1700.33
1997-12-28,German DR,31,1699.83
1997-12-28,Mexico,32,1698.36
1997-12-28,China,33,1685.65
1997-12-28,Paraguay,34,1682.13
1997-12-28,Chile,35,1680.62
1997-12-28,Basque Country,36,1679.7
1997-12-28,Austria,37,1677.22
1997-12-28,Scotland,38,1676.31
1997-12-28,Iraq,39,1676.28
1997-12-28,Colombia,40,1673.64
1997-12-28,Peru,41,1671.67
1997-12-28,Ecuador,42,1670.11
1997-12-28,Jamaica,43,1668.39
1997-12-28,South Africa,44,1664.51
1997-12-28,United States,45,1664.16
1997-12-28,Uruguay,46,1662.88
1997-12-28,United Arab Emirates,47,1657.15
1997-12-28,Greece,48,1650.05
1997-12-28,Turkey,49,1649.39
1997-12-28,Kuwait,50,1645.68
1997-12-28,Zambia,51,1644.04
1997-12-28,Nigeria,52,1642.03
1997-12-28,Republic of Ireland,53,1636.57
1997-12-28,Egypt,54,1630.76
1997-12-28,Poland,55,1629.85
1997-12-28,Ivory Coast,56,1623.04
1997-12-28,Algeria,57,1620.9
1997-12-28,Bolivia,58,1616.5
1997-12-28,North Korea,59,1616.2
1997-12-28,Slovakia,60,1610.91
1997-12-28,Qatar,61,1605.23
1997-12-28,Thailand,62,1602.33
1997-12-28,Fiji,63,1602.03
1997-12-28,Madagascar,64,1597.69
1997-12-28,Ukraine,65,1596.22
1997-12-28,Costa Rica,66,1595.28
1997-12-28,Switzerland,67,1589.86
1997-12-28,Solomon Islands,68,1588.75
1997-12-28,Martinique,69,1583.58
1997-12-28,Angola,70,1579.58
1997-12-28,Guatemala,71,1577.69
1997-12-28,Cameroon,72,1575.72
1997-12-28,Kenya,73,1574.89
1997-12-28,Guernsey,74,1572.4
1997-12-28,Isle of Wight,75,1566.49
1997-12-28,Uzbekistan,76,1561.94
1997-12-28,Honduras,77,1558.92
1997-12-28,Kazakhstan,78,1556.9
1997-12-28,Gabon,79,1555.16
1997-12-28,Canada,80,1549.18
1997-12-28,Wales,81,1545.89
1997-12-28,Ynys Môn,82,1545.61
1997-12-28,Northern Ireland,83,1543.73
1997-12-28,Israel,84,1539.29
1997-12-28,Sierra Leone,85,1533.92
1997-12-28,Bosnia and Herzegovina,86,1533.91
1997-12-28,Burundi,87,1532.99
1997-12-28,Lebanon,88,1530.47
1997-12-28,Libya,89,1529.03
1997-12-28,Hungary,90,1529.0
1997-12-28,Georgia,91,1528.0
1997-12-28,Corsica,92,1518.41
1997-12-28,Asturias,93,1517.44
1997-12-28,Åland Islands,94,1517.15
1997-12-28,Mali,95,1516.96
1997-12-28,New Zealand,96,1516.44
1997-12-28,New Caledonia,97,1515.91
1997-12-28,Guinea,98,1515.77
1997-12-28,Uganda,99,1514.59
1997-12-28,Catalonia,100,1513.33
1997-12-28,Brittany,101,1513.29
1997-12-28,Ghana,102,1512.02
1997-12-28,Mozambique,103,1510.74
1997-12-28,Canary Islands,104,1509.44
1997-12-28,Tajikistan,105,1509.31
1997-12-28,Réunion,106,1507.25
1997-12-28,Silesia,107,1505.77
1997-12-28,Congo,108,1505.65
1997-12-28,Sudan,109,1505.51
1997-12-28,Iceland,110,1504.33
1997-12-28,Andalusia,111,1504.03
1997-12-28,El Salvador,112,1502.53
1997-12-28,Montenegro,113,1502.39
1997-12-28,Central Spain,114,1501.37
1997-12-28,Finland,115,1500.35
1997-12-28,DR Congo,116,1497.97
1997-12-28,Galicia,117,1496.46
1997-12-28,Syria,118,1496.08
1997-12-28,North Macedonia,119,1494.37
1997-12-28,Cuba,120,1493.05
1997-12-28,Lithuania,121,1492.34
1997-12-28,Frøya,122,1491.34
1997-12-28,Saint Martin,123,1491.15
1997-12-28,Slovenia,124,1487.55
1997-12-28,Trinidad and Tobago,125,1486.35
1997-12-28,Bahamas,126,1485.24
1997-12-28,Kernow,127,1484.56
1997-12-28,Malawi,128,1484.29
1997-12-28,Gibraltar,129,1483.49
1997-12-28,Eritrea,130,1480.46
1997-12-28,Zimbabwe,131,1479.05
1997-12-28,Palau,132,1478.22
1997-12-28,Senegal,133,1477.43
1997-12-28,Jordan,134,1476.51
1997-12-28,Niue,135,1474.97
1997-12-28,South Yemen,136,1473.5
1997-12-28,Barbados,137,1473.22
1997-12-28,Tuvalu,138,1472.94
1997-12-28,Grenada,139,1472.49
1997-12-28,Saint Kitts and Nevis,140,1472.4
1997-12-28,Togo,141,1470.86
1997-12-28,Haiti,142,1469.28
1997-12-28,Turkmenistan,143,1467.41
1997-12-28,Namibia,144,1466.49
1997-12-28,Provence,145,1464.73
1997-12-28,North Vietnam,146,1463.0
1997-12-28,Kiribati,147,1461.45
1997-12-28,Indonesia,148,1459.44
1997-12-28,Bahrain,149,1458.65
1997-12-28,Shetland,150,1458.29
1997-12-28,Oman,151,1457.4
1997-12-28,Burkina Faso,152,1456.96
1997-12-28,Northern Cyprus,153,1456.06
1997-12-28,Liberia,154,1454.9
1997-12-28,Panama,155,1452.61
1997-12-28,Manchukuo,156,1451.84
1997-12-28,Suriname,157,1450.1
1997-12-28,Saarland,158,1449.76
1997-12-28,Bermuda,159,1449.04
1997-12-28,Sint Maarten,160,1445.36
1997-12-28,Niger,161,1443.32
1997-12-28,Armenia,162,1439.43
1997-12-28,Palestine,163,1438.64
1997-12-28,Hitra,164,1438.37
1997-12-28,Cyprus,165,1438.09
1997-12-28,Malaysia,166,1438.0
1997-12-28,Isle of Man,167,1437.13
1997-12-28,Montserrat,168,1436.79
1997-12-28,Tonga,169,1434.89
1997-12-28,Papua New Guinea,170,1433.0
1997-12-28,Andorra,171,1430.65
1997-12-28,São Tomé and Príncipe,172,1429.9
1997-12-28,Guadeloupe,173,1428.12
1997-12-28,Mongolia,174,1424.02
1997-12-28,Singapore,175,1421.57
1997-12-28,Curaçao,176,1420.87
1997-12-28,Gambia,177,1419.61
1997-12-28,Hong Kong,178,1417.6
1997-12-28,Moldova,179,1417.35
1997-12-28,Vietnam Republic,180,1416.37
1997-12-28,Ethiopia,181,1415.12
1997-12-28,Dominica,182,1411.34
1997-12-28,Cape Verde,183,1411.26
1997-12-28,Western Australia,184,1409.92
1997-12-28,Belize,185,1408.66
1997-12-28,Chad,186,1407.62
1997-12-28,Kyrgyzstan,187,1406.98
1997-12-28,Latvia,188,1406.27
1997-12-28,Cook Islands,189,1401.68
1997-12-28,Yemen DPR,190,1400.88
1997-12-28,Equatorial Guinea,191,1400.07
1997-12-28,Tanzania,192,1398.28
1997-12-28,Rwanda,193,1396.1
1997-12-28,Guinea-Bissau,194,1393.16
1997-12-28,Samoa,195,1393.07
1997-12-28,Comoros,196,1391.52
1997-12-28,Saint Lucia,197,1389.2
1997-12-28,Dominican Republic,198,1387.92
1997-12-28,India,199,1384.04
1997-12-28,Saint Vincent and the Grenadines,200,1381.82
1997-12-28,Vietnam,201,1375.98
1997-12-28,American Samoa,202,1375.89
1997-12-28,Antigua and Barbuda,203,1375.15
1997-12-28,Albania,204,1373.29
1997-12-28,Vanuatu,205,1372.25
1997-12-28,Lesotho,206,1367.87
1997-12-28,Greenland,207,1364.6
1997-12-28,Belarus,208,1362.91
1997-12-28,Mauritius,209,1362.54
1997-12-28,Myanmar,210,1358.74
1997-12-28,Yemen,211,1355.65
1997-12-28,Cayman Islands,212,1353.46
1997-12-28,British Virgin Islands,213,1350.71
1997-12-28,Central African Republic,214,1348.44
1997-12-28,Wallis Islands and Futuna,215,1346.32
1997-12-28,Eswatini,216,1344.37
1997-12-28,Mauritania,217,1340.45
1997-12-28,Azerbaijan,218,1338.8
1997-12-28,Bhutan,219,1337.02
1997-12-28,Faroe Islands,220,1335.71
1997-12-28,Benin,221,1332.41
1997-12-28,French Guiana,222,1331.9
1997-12-28,Venezuela,223,1331.06
1997-12-28,Djibouti,224,1327.39
1997-12-28,Somalia,225,1322.06
1997-12-28,Zanzibar,226,1319.95
1997-12-28,Afghanistan,227,1317.23
1997-12-28,Guyana,228,1316.42
1997-12-28,Aruba,229,1307.71
1997-12-28,Guam,230,1307.03
1997-12-28,Seychelles,231,1297.54
1997-12-28,Liechtenstein,232,1296.67
1997-12-28,Puerto Rico,233,1295.56
1997-12-28,Anguilla,234,1285.08
1997-12-28,Laos,235,1284.75
1997-12-28,Botswana,236,1280.27
1997-12-28,San Marino,237,1278.21
1997-12-28,Cambodia,238,1276.89
1997-12-28,Bangladesh,239,1273.31
1997-12-28,Macau,240,1271.02
1997-12-28,Taiwan,241,1269.55
1997-12-28,Estonia,242,1268.57
1997-12-28,Malta,243,1250.28
1997-12-28,Sri Lanka,244,1236.66
1997-12-28,Maldives,245,1229.83
1997-12-28,Pakistan,246,1229.8
1997-12-28,Luxembourg,247,1211.03
1997-12-28,Nicaragua,248,1170.53
1997-12-28,Alderney,249,1150.65
1997-12-28,Nepal,250,1142.52
1997-12-28,Brunei,251,1137.02
1997-12-28,Philippines,252,1066.63
1998-12-27,Brazil,1,1950.21
1998-12-27,France,2,1925.39
1998-12-27,Germany,3,1871.62
1998-12-27,Italy,4,1867.22
1998-12-27,Netherlands,5,1846.75
1998-12-27,England,6,1842.71
1998-12-27,Argentina,7,1834.84
1998-12-27,Spain,8,1834.16
1998-12-27,Sweden,9,1806.9
1998-12-27,Croatia,10,1805.58
1998-12-27,Romania,11,1786.73
1998-12-27,Australia,12,1765.73
1998-12-27,Portugal,13,1764.24
1998-12-27,Czech Republic,14,1762.27
1998-12-27,Norway,15,1760.18
1998-12-27,Serbia,16,1756.52
1998-12-27,Morocco,17,1751.97
1998-12-27,Mexico,18,1751.0
1998-12-27,Saudi Arabia,19,1750.8
1998-12-27,Belgium,20,1738.69
1998-12-27,Yugoslavia,21,1732.26
1998-12-27,Jersey,22,1725.91
1998-12-27,South Korea,23,1720.34
1998-12-27,China,24,1716.33
1998-12-27,Chile,25,1715.35
1998-12-27,Iran,26,1712.62
1998-12-27,Denmark,27,1711.75
1998-12-27,Czechoslovakia,28,1705.97
1998-12-27,German DR,29,1699.83
1998-12-27,Basque Country,30,1695.03
1998-12-27,Poland,31,1683.67
1998-12-27,Iraq,32,1676.28
1998-12-27,Austria,33,1675.7
1998-12-27,Kuwait,34,1675.31
1998-12-27,Jamaica,35,1673.76
1998-12-27,United States,36,1673.22
1998-12-27,South Africa,37,1672.7
1998-12-27,Japan,38,1670.08
1998-12-27,Tahiti,39,1668.1
1998-12-27,Ecuador,40,1664.51
1998-12-27,Paraguay,41,1661.99
1998-12-27,Colombia,42,1654.99
1998-12-27,Tunisia,43,1654.35
1998-12-27,Russia,44,1651.84
1998-12-27,United Arab Emirates,45,1651.53
1998-12-27,Peru,46,1650.42
1998-12-27,Scotland,47,1649.83
1998-12-27,Uruguay,48,1649.8
1998-12-27,Ivory Coast,49,1647.84
1998-12-27,Bulgaria,50,1644.43
1998-12-27,Cameroon,51,1638.27
1998-12-27,Republic of Ireland,52,1636.09
1998-12-27,Greece,53,1634.36
1998-12-27,Ukraine,54,1632.6
1998-12-27,Egypt,55,1630.13
1998-12-27,Israel,56,1627.29
1998-12-27,Nigeria,57,1626.88
1998-12-27,Fiji,58,1625.3
1998-12-27,Zambia,59,1624.08
1998-12-27,Qatar,60,1620.57
1998-12-27,Hungary,61,1619.03
1998-12-27,Bolivia,62,1616.5
1998-12-27,Turkey,63,1614.24
1998-12-27,Madagascar,64,1605.28
1998-12-27,New Zealand,65,1596.52
1998-12-27,Solomon Islands,66,1594.82
1998-12-27,Slovakia,67,1594.14
1998-12-27,North Korea,68,1589.11
1998-12-27,Algeria,69,1585.28
1998-12-27,Guatemala,70,1582.97
1998-12-27,Thailand,71,1582.38
1998-12-27,Switzerland,72,1581.81
1998-12-27,Kenya,73,1581.79
1998-12-27,Gabon,74,1579.64
1998-12-27,Costa Rica,75,1578.03
1998-12-27,Wales,76,1574.51
1998-12-27,Northern Ireland,77,1567.32
1998-12-27,Martinique,78,1567.06
1998-12-27,Isle of Wight,79,1566.49
1998-12-27,Canada,80,1565.59
1998-12-27,Burundi,81,1563.99
1998-12-27,Honduras,82,1562.61
1998-12-27,Uzbekistan,83,1559.01
1998-12-27,Ghana,84,1554.83
1998-12-27,Kazakhstan,85,1550.28
1998-12-27,North Macedonia,86,1550.18
1998-12-27,Ynys Môn,87,1545.61
1998-12-27,Guernsey,88,1543.13
1998-12-27,Iceland,89,1538.78
1998-12-27,Réunion,90,1537.23
1998-12-27,Catalonia,91,1535.27
1998-12-27,DR Congo,92,1534.46
1998-12-27,Sierra Leone,93,1533.92
1998-12-27,Finland,94,1533.62
1998-12-27,Uganda,95,1531.72
1998-12-27,Angola,96,1531.36
1998-12-27,Syria,97,1528.44
1998-12-27,Trinidad and Tobago,98,1527.64
1998-12-27,Canary Islands,99,1520.9
1998-12-27,Turkmenistan,100,1518.33
1998-12-27,Brittany,101,1517.66
1998-12-27,Asturias,102,1517.44
1998-12-27,Åland Islands,103,1517.15
1998-12-27,Georgia,104,1514.36
1998-12-27,Congo,105,1512.95
1998-12-27,United States Virgin Islands,106,1509.52
1998-12-27,Guinea,107,1506.94
1998-12-27,Silesia,108,1505.77
1998-12-27,Corsica,109,1505.42
1998-12-27,Kernow,110,1504.1
1998-12-27,Andalusia,111,1504.03
1998-12-27,Montenegro,112,1502.39
1998-12-27,Haiti,113,1502.07
1998-12-27,Central Spain,114,1501.37
1998-12-27,Oman,115,1501.35
1998-12-27,Bosnia and Herzegovina,116,1499.87
1998-12-27,Mali,117,1499.23
1998-12-27,Cyprus,118,1499.13
1998-12-27,Galicia,119,1496.46
1998-12-27,Frøya,120,1491.34
1998-12-27,Saint Martin,121,1491.15
1998-12-27,El Salvador,122,1490.44
1998-12-27,Burkina Faso,123,1489.03
1998-12-27,Northern Mariana Islands,124,1486.51
1998-12-27,Tajikistan,125,1486.19
1998-12-27,Bahamas,126,1485.24
1998-12-27,Jordan,127,1483.84
1998-12-27,Zimbabwe,128,1483.73
1998-12-27,Gibraltar,129,1483.49
1998-12-27,Cuba,130,1483.05
1998-12-27,Bahrain,131,1482.87
1998-12-27,Sudan,132,1482.54
1998-12-27,Lebanon,133,1480.95
1998-12-27,Senegal,134,1480.67
1998-12-27,Slovenia,135,1478.68
1998-12-27,Singapore,136,1478.07
1998-12-27,Namibia,137,1475.3
1998-12-27,Niue,138,1474.97
1998-12-27,South Yemen,139,1473.5
1998-12-27,Tuvalu,140,1472.94
1998-12-27,Armenia,141,1472.43
1998-12-27,Provence,142,1464.73
1998-12-27,Malawi,143,1463.2
1998-12-27,Togo,144,1463.12
1998-12-27,North Vietnam,145,1463.0
1998-12-27,Libya,146,1462.52
1998-12-27,Eritrea,147,1461.45
1998-12-27,Kiribati,148,1461.45
1998-12-27,Grenada,149,1460.08
1998-12-27,Niger,150,1459.37
1998-12-27,Shetland,151,1458.29
1998-12-27,Northern Cyprus,152,1456.06
1998-12-27,Palau,153,1455.82
1998-12-27,New Caledonia,154,1453.69
1998-12-27,Indonesia,155,1453.56
1998-12-27,Panama,156,1452.61
1998-12-27,Manchukuo,157,1451.84
1998-12-27,Lithuania,158,1451.69
1998-12-27,Saint Kitts and Nevis,159,1449.92
1998-12-27,Saarland,160,1449.76
1998-12-27,Sint Maarten,161,1445.36
1998-12-27,Barbados,162,1445.13
1998-12-27,Hitra,163,1438.37
1998-12-27,Suriname,164,1437.16
1998-12-27,Isle of Man,165,1437.13
1998-12-27,Montserrat,166,1436.79
1998-12-27,Liberia,167,1436.75
1998-12-27,Mozambique,168,1433.16
1998-12-27,Saint Lucia,169,1430.04
1998-12-27,Tonga,170,1422.5
1998-12-27,Papua New Guinea,171,1422.15
1998-12-27,Guadeloupe,172,1421.7
1998-12-27,Palestine,173,1418.19
1998-12-27,Vietnam Republic,174,1416.37
1998-12-27,Chad,175,1416.04
1998-12-27,Ethiopia,176,1415.12
1998-12-27,Bermuda,177,1414.5
1998-12-27,Cook Islands,178,1414.49
1998-12-27,Gambia,179,1412.99
1998-12-27,Western Australia,180,1409.92
1998-12-27,Antigua and Barbuda,181,1409.39
1998-12-27,Belize,182,1408.66
1998-12-27,Mongolia,183,1407.91
1998-12-27,Kyrgyzstan,184,1406.98
1998-12-27,Samoa,185,1406.24
1998-12-27,Rwanda,186,1406.01
1998-12-27,Belarus,187,1405.86
1998-12-27,Curaçao,188,1404.67
1998-12-27,Moldova,189,1403.04
1998-12-27,São Tomé and Príncipe,190,1400.93
1998-12-27,Yemen DPR,191,1400.88
1998-12-27,Dominica,192,1400.14
1998-12-27,Vanuatu,193,1399.06
1998-12-27,Vietnam,194,1398.57
1998-12-27,Malaysia,195,1398.11
1998-12-27,Saint Vincent and the Grenadines,196,1397.96
1998-12-27,Latvia,197,1396.48
1998-12-27,Azerbaijan,198,1395.68
1998-12-27,Guinea-Bissau,199,1393.16
1998-12-27,Cape Verde,200,1391.22
1998-12-27,Dominican Republic,201,1386.95
1998-12-27,Albania,202,1385.34
1998-12-27,Hong Kong,203,1384.4
1998-12-27,Equatorial Guinea,204,1382.16
1998-12-27,Cayman Islands,205,1380.78
1998-12-27,Myanmar,206,1379.46
1998-12-27,Benin,207,1367.78
1998-12-27,Greenland,208,1364.6
1998-12-27,Comoros,209,1364.52
1998-12-27,India,210,1356.22
1998-12-27,Yemen,211,1355.65
1998-12-27,Andorra,212,1355.07
1998-12-27,Tanzania,213,1351.5
1998-12-27,Central African Republic,214,1348.44
1998-12-27,Wallis Islands and Futuna,215,1346.32
1998-12-27,Guam,216,1342.92
1998-12-27,Mauritania,217,1340.45
1998-12-27,Bhutan,218,1337.02
1998-12-27,Lesotho,219,1336.15
1998-12-27,American Samoa,220,1331.68
1998-12-27,Mauritius,221,1331.59
1998-12-27,Venezuela,222,1331.06
1998-12-27,Eswatini,223,1330.62
1998-12-27,Guyana,224,1330.61
1998-12-27,Seychelles,225,1326.72
1998-12-27,Somalia,226,1322.06
1998-12-27,Zanzibar,227,1319.95
1998-12-27,Aruba,228,1318.9
1998-12-27,Afghanistan,229,1317.23
1998-12-27,Djibouti,230,1314.96
1998-12-27,French Guiana,231,1309.7
1998-12-27,Faroe Islands,232,1308.96
1998-12-27,Liechtenstein,233,1308.13
1998-12-27,British Virgin Islands,234,1293.62
1998-12-27,Estonia,235,1280.39
1998-12-27,Puerto Rico,236,1275.47
1998-12-27,Botswana,237,1275.47
1998-12-27,Bangladesh,238,1273.31
1998-12-27,Macau,239,1271.02
1998-12-27,Taiwan,240,1269.55
1998-12-27,San Marino,241,1264.28
1998-12-27,Anguilla,242,1262.77
1998-12-27,Laos,243,1259.12
1998-12-27,Cambodia,244,1249.66
1998-12-27,Malta,245,1245.39
1998-12-27,Sri Lanka,246,1236.34
1998-12-27,Pakistan,247,1229.8
1998-12-27,Maldives,248,1221.61
1998-12-27,Luxembourg,249,1219.35
1998-12-27,Nicaragua,250,1170.53
1998-12-27,Alderney,251,1149.45
1998-12-27,Nepal,252,1132.05
1998-12-27,Brunei,253,1120.72
1998-12-27,Philippines,254,1062.44
1999-12-29,Brazil,1,1952.16
1999-12-29,France,2,1920.35
1999-12-29,Spain,3,1869.46
1999-12-29,Argentina,4,1837.12
1999-12-29,Germany,5,1823.44
1999-12-29,England,6,1812.12
1999-12-29,Netherlands,7,1811.26
1999-12-29,Sweden,8,1803.08
1999-12-29,Norway,9,1802.78
1999-12-29,Czech Republic,10,1802.0
1999-12-29,Italy,11,1793.03
1999-12-29,Romania,12,1786.05
1999-12-29,Denmark,13,1785.01
1999-12-29,Portugal,14,1781.83
1999-12-29,Mexico,15,1781.33
1999-12-29,Australia,16,1765.73
1999-12-29,Croatia,17,1760.95
1999-12-29,Morocco,18,1743.25
1999-12-29,Yugoslavia,19,1732.26
1999-12-29,Serbia,20,1729.53
1999-12-29,United States,21,1728.1
1999-12-29,South Korea,22,1725.48
1999-12-29,Iran,23,1723.79
1999-12-29,Paraguay,24,1718.16
1999-12-29,China,25,1716.33
1999-12-29,Basque Country,26,1708.18
1999-12-29,Czechoslovakia,27,1705.97
1999-12-29,Russia,28,1704.73
1999-12-29,German DR,29,1699.83
1999-12-29,Belgium,30,1695.37
1999-12-29,Chile,31,1694.34
1999-12-29,Saudi Arabia,32,1693.15
1999-12-29,Iraq,33,1690.19
1999-12-29,Poland,34,1685.16
1999-12-29,Greece,35,1685.04
1999-12-29,Tunisia,36,1684.76
1999-12-29,Austria,37,1672.83
1999-12-29,Scotland,38,1670.66
1999-12-29,Jersey,39,1670.2
1999-12-29,Tahiti,40,1668.1
1999-12-29,Republic of Ireland,41,1666.9
1999-12-29,Peru,42,1666.9
1999-12-29,Kuwait,43,1661.02
1999-12-29,Uruguay,44,1657.21
1999-12-29,South Africa,45,1655.33
1999-12-29,Cameroon,46,1654.28
1999-12-29,Turkey,47,1646.63
1999-12-29,Honduras,48,1645.58
1999-12-29,Ukraine,49,1642.84
1999-12-29,Colombia,50,1641.35
1999-12-29,Japan,51,1632.81
1999-12-29,United Arab Emirates,52,1631.57
1999-12-29,Egypt,53,1630.79
1999-12-29,Ecuador,54,1629.94
1999-12-29,Switzerland,55,1626.97
1999-12-29,Trinidad and Tobago,56,1625.71
1999-12-29,Fiji,57,1625.3
1999-12-29,Thailand,58,1623.39
1999-12-29,Qatar,59,1620.57
1999-12-29,Costa Rica,60,1619.79
1999-12-29,Nigeria,61,1619.24
1999-12-29,Bulgaria,62,1618.88
1999-12-29,Israel,63,1617.24
1999-12-29,Slovakia,64,1616.7
1999-12-29,Ivory Coast,65,1612.06
1999-12-29,Zambia,66,1610.53
1999-12-29,Canada,67,1606.12
1999-12-29,Isle of Wight,68,1601.26
1999-12-29,Uzbekistan,69,1599.39
1999-12-29,Jamaica,70,1595.84
1999-12-29,Solomon Islands,71,1594.82
1999-12-29,Algeria,72,1590.15
1999-12-29,North Korea,73,1588.8
1999-12-29,Guernsey,74,1588.34
1999-12-29,Gabon,75,1587.57
1999-12-29,Ghana,76,1587.16
1999-12-29,Madagascar,77,1584.83
1999-12-29,Senegal,78,1583.13
1999-12-29,Hungary,79,1580.08
1999-12-29,Bolivia,80,1576.77
1999-12-29,Ynys Môn,81,1576.06
1999-12-29,DR Congo,82,1573.14
1999-12-29,Martinique,83,1562.29
1999-12-29,Catalonia,84,1560.21
1999-12-29,Iceland,85,1558.0
1999-12-29,Angola,86,1554.43
1999-12-29,Kazakhstan,87,1550.28
1999-12-29,Guatemala,88,1549.61
1999-12-29,Zimbabwe,89,1547.92
1999-12-29,Slovenia,90,1547.05
1999-12-29,New Zealand,91,1545.3
1999-12-29,Wales,92,1542.38
1999-12-29,Réunion,93,1537.23
1999-12-29,Northern Ireland,94,1535.44
1999-12-29,Rhodes,95,1533.03
1999-12-29,Cuba,96,1531.75
1999-12-29,Finland,97,1529.15
1999-12-29,Sierra Leone,98,1528.57
1999-12-29,Libya,99,1525.65
1999-12-29,Burundi,100,1525.53
1999-12-29,Mali,101,1523.71
1999-12-29,Kenya,102,1522.67
1999-12-29,Åland Islands,103,1522.66
1999-12-29,Canary Islands,104,1520.9
1999-12-29,North Macedonia,105,1518.68
1999-12-29,Gotland,106,1518.48
1999-12-29,Brittany,107,1517.66
1999-12-29,Asturias,108,1517.44
1999-12-29,Haiti,109,1516.24
1999-12-29,Congo,110,1515.79
1999-12-29,Andalusia,111,1515.36
1999-12-29,Burkina Faso,112,1510.22
1999-12-29,Jordan,113,1509.44
1999-12-29,United States Virgin Islands,114,1508.02
1999-12-29,Tajikistan,115,1506.87
1999-12-29,Silesia,116,1505.77
1999-12-29,Corsica,117,1505.42
1999-12-29,Kernow,118,1504.1
1999-12-29,Cyprus,119,1503.8
1999-12-29,Montenegro,120,1502.39
1999-12-29,Central Spain,121,1501.37
1999-12-29,Galicia,122,1496.46
1999-12-29,Guinea,123,1493.92
1999-12-29,Turkmenistan,124,1493.87
1999-12-29,Syria,125,1493.16
1999-12-29,Saint Martin,126,1491.15
1999-12-29,Uganda,127,1487.03
1999-12-29,Oman,128,1484.9
1999-12-29,Turks and Caicos Islands,129,1484.52
1999-12-29,Isle of Man,130,1484.12
1999-12-29,Bahrain,131,1482.87
1999-12-29,Indonesia,132,1482.7
1999-12-29,Panama,133,1480.98
1999-12-29,Niue,134,1474.97
1999-12-29,Micronesia,135,1473.64
1999-12-29,South Yemen,136,1473.5
1999-12-29,Tuvalu,137,1472.94
1999-12-29,Lebanon,138,1471.53
1999-12-29,Northern Mariana Islands,139,1469.12
1999-12-29,Bosnia and Herzegovina,140,1468.5
1999-12-29,Provence,141,1464.73
1999-12-29,North Vietnam,142,1463.0
1999-12-29,Liberia,143,1462.99
1999-12-29,Grenada,144,1462.84
1999-12-29,Gibraltar,145,1462.25
1999-12-29,Kiribati,146,1461.45
1999-12-29,Barbados,147,1460.46
1999-12-29,Sudan,148,1459.64
1999-12-29,Niger,149,1459.37
1999-12-29,Vietnam,150,1458.71
1999-12-29,Bermuda,151,1458.4
1999-12-29,Northern Cyprus,152,1456.06
1999-12-29,Palau,153,1455.82
1999-12-29,Rwanda,154,1453.88
1999-12-29,New Caledonia,155,1453.69
1999-12-29,Saint Kitts and Nevis,156,1452.43
1999-12-29,Manchukuo,157,1451.84
1999-12-29,Shetland,158,1449.79
1999-12-29,Saarland,159,1449.76
1999-12-29,Suriname,160,1446.68
1999-12-29,Georgia,161,1446.59
1999-12-29,Frøya,162,1446.24
1999-12-29,Sint Maarten,163,1445.36
1999-12-29,Singapore,164,1442.86
1999-12-29,Chad,165,1438.41
1999-12-29,Ethiopia,166,1436.29
1999-12-29,El Salvador,167,1436.25
1999-12-29,Armenia,168,1434.7
1999-12-29,Lithuania,169,1434.42
1999-12-29,Guadeloupe,170,1434.01
1999-12-29,Eritrea,171,1433.22
1999-12-29,Saare County,172,1431.71
1999-12-29,Bahamas,173,1425.57
1999-12-29,Moldova,174,1424.45
1999-12-29,Tonga,175,1422.5
1999-12-29,Papua New Guinea,176,1422.15
1999-12-29,Namibia,177,1419.72
1999-12-29,Palestine,178,1418.19
1999-12-29,Saint Lucia,179,1417.56
1999-12-29,Vietnam Republic,180,1416.37
1999-12-29,Cook Islands,181,1414.49
1999-12-29,Hitra,182,1413.84
1999-12-29,Latvia,183,1412.29
1999-12-29,Malaysia,184,1410.72
1999-12-29,Western Australia,185,1409.92
1999-12-29,Gambia,186,1408.76
1999-12-29,Mongolia,187,1407.91
1999-12-29,Samoa,188,1406.24
1999-12-29,Hong Kong,189,1404.91
1999-12-29,Saint Vincent and the Grenadines,190,1404.51
1999-12-29,Eswatini,191,1404.34
1999-12-29,Belarus,192,1401.47
1999-12-29,Yemen DPR,193,1400.88
1999-12-29,Togo,194,1399.86
1999-12-29,Mozambique,195,1399.31
1999-12-29,Vanuatu,196,1399.06
1999-12-29,Albania,197,1398.14
1999-12-29,Montserrat,198,1394.12
1999-12-29,Curaçao,199,1393.64
1999-12-29,Guinea-Bissau,200,1393.16
1999-12-29,Belize,201,1391.83
1999-12-29,Cape Verde,202,1391.22
1999-12-29,India,203,1389.43
1999-12-29,Estonia,204,1388.16
1999-12-29,Guam,205,1386.66
1999-12-29,Malawi,206,1386.56
1999-12-29,Central African Republic,207,1384.66
1999-12-29,Dominican Republic,208,1384.34
1999-12-29,Azerbaijan,209,1382.69
1999-12-29,Venezuela,210,1381.51
1999-12-29,Antigua and Barbuda,211,1381.45
1999-12-29,Kyrgyzstan,212,1378.21
1999-12-29,Dominica,213,1376.84
1999-12-29,Greenland,214,1376.53
1999-12-29,Mauritius,215,1374.57
1999-12-29,Benin,216,1367.78
1999-12-29,São Tomé and Príncipe,217,1366.92
1999-12-29,Cayman Islands,218,1364.54
1999-12-29,Comoros,219,1364.52
1999-12-29,Tanzania,220,1358.29
1999-12-29,Myanmar,221,1358.07
1999-12-29,Yemen,222,1355.65
1999-12-29,Equatorial Guinea,223,1350.25
1999-12-29,Wallis Islands and Futuna,224,1346.32
1999-12-29,Mauritania,225,1340.45
1999-12-29,Zanzibar,226,1338.16
1999-12-29,American Samoa,227,1331.68
1999-12-29,British Virgin Islands,228,1331.56
1999-12-29,Seychelles,229,1326.72
1999-12-29,Aruba,230,1318.9
1999-12-29,Bangladesh,231,1318.81
1999-12-29,Afghanistan,232,1317.23
1999-12-29,Guyana,233,1314.02
1999-12-29,Andorra,234,1312.87
1999-12-29,Somalia,235,1305.83
1999-12-29,Lesotho,236,1305.77
1999-12-29,French Guiana,237,1303.78
1999-12-29,Liechtenstein,238,1300.4
1999-12-29,Faroe Islands,239,1294.95
1999-12-29,Djibouti,240,1289.27
1999-12-29,Bhutan,241,1278.46
1999-12-29,Macau,242,1271.02
1999-12-29,Taiwan,243,1269.55
1999-12-29,Anguilla,244,1262.77
1999-12-29,Laos,245,1259.39
1999-12-29,Malta,246,1255.54
1999-12-29,Botswana,247,1250.84
1999-12-29,San Marino,248,1250.3
1999-12-29,Puerto Rico,249,1244.54
1999-12-29,Maldives,250,1238.35
1999-12-29,Luxembourg,251,1205.48
1999-12-29,Pakistan,252,1200.43
1999-12-29,Cambodia,253,1192.86
1999-12-29,Nepal,254,1166.4
1999-12-29,Sri Lanka,255,1163.98
1999-12-29,Nicaragua,256,1163.19
1999-12-29,Alderney,257,1146.44
1999-12-29,Brunei,258,1112.65
1999-12-29,Philippines,259,1045.68
2000-12-29,France,1,1949.64
2000-12-29,Brazil,2,1914.87
2000-12-29,Netherlands,3,1883.29
2000-12-29,Argentina,4,1882.56
2000-12-29,Italy,5,1855.56
2000-12-29,Portugal,6,1853.4
2000-12-29,Spain,7,1834.11
2000-12-29,Germany,8,1808.56
2000-12-29,Australia,9,1778.16
2000-12-29,England,10,1775.26
2000-12-29,South Korea,11,1771.5
2000-12-29,Czech Republic,12,1770.33
2000-12-29,United States,13,1763.29
2000-12-29,Croatia,14,1759.33
2000-12-29,Paraguay,15,1756.33
2000-12-29,Mexico,16,1755.05
2000-12-29,Japan,17,1749.32
2000-12-29,Serbia,18,1740.61
2000-12-29,Denmark,19,1739.88
2000-12-29,Romania,20,1735.3
2000-12-29,Yugoslavia,21,1732.26
2000-12-29,Sweden,22,1731.56
2000-12-29,Iran,23,1731.34
2000-12-29,Russia,24,1731.12
2000-12-29,Belgium,25,1729.56
2000-12-29,Norway,26,1725.15
2000-12-29,Basque Country,27,1723.29
2000-12-29,Republic of Ireland,28,1712.74
2000-12-29,Saudi Arabia,29,1709.15
2000-12-29,Czechoslovakia,30,1705.97
2000-12-29,Cameroon,31,1703.27
2000-12-29,German DR,32,1699.83
2000-12-29,Honduras,33,1694.61
2000-12-29,Tunisia,34,1688.46
2000-12-29,China,35,1688.28
2000-12-29,Colombia,36,1685.61
2000-12-29,Scotland,37,1684.75
2000-12-29,Jersey,38,1684.46
2000-12-29,Poland,39,1683.53
2000-12-29,Egypt,40,1682.62
2000-12-29,Slovakia,41,1680.73
2000-12-29,Austria,42,1680.23
2000-12-29,Nigeria,43,1676.41
2000-12-29,Morocco,44,1673.78
2000-12-29,South Africa,45,1671.21
2000-12-29,Greece,46,1670.88
2000-12-29,Uruguay,47,1669.17
2000-12-29,Ukraine,48,1662.18
2000-12-29,Canada,49,1659.0
2000-12-29,Kuwait,50,1652.07
2000-12-29,Fiji,51,1645.52
2000-12-29,Iraq,52,1645.37
2000-12-29,United Arab Emirates,53,1642.82
2000-12-29,Trinidad and Tobago,54,1642.73
2000-12-29,Hungary,55,1639.78
2000-12-29,Ecuador,56,1638.88
2000-12-29,Ivory Coast,57,1638.83
2000-12-29,Chile,58,1638.05
2000-12-29,Turkey,59,1636.6
2000-12-29,Switzerland,60,1633.26
2000-12-29,Thailand,61,1630.39
2000-12-29,Bulgaria,62,1625.37
2000-12-29,Costa Rica,63,1619.9
2000-12-29,Tahiti,64,1619.63
2000-12-29,Qatar,65,1609.89
2000-12-29,Slovenia,66,1608.82
2000-12-29,Peru,67,1601.33
2000-12-29,Isle of Wight,68,1601.26
2000-12-29,Israel,69,1597.72
2000-12-29,Guatemala,70,1597.68
2000-12-29,Iceland,71,1595.46
2000-12-29,Guernsey,72,1587.76
2000-12-29,Jamaica,73,1586.39
2000-12-29,Algeria,74,1585.55
2000-12-29,Ghana,75,1584.81
2000-12-29,Madagascar,76,1583.15
2000-12-29,Solomon Islands,77,1582.8
2000-12-29,New Zealand,78,1579.67
2000-12-29,Ynys Môn,79,1576.06
2000-12-29,Zimbabwe,80,1573.13
2000-12-29,Catalonia,81,1569.53
2000-12-29,Martinique,82,1562.29
2000-12-29,Uzbekistan,83,1559.62
2000-12-29,Syria,84,1558.72
2000-12-29,Cyprus,85,1556.02
2000-12-29,Bolivia,86,1554.02
2000-12-29,Angola,87,1551.3
2000-12-29,Finland,88,1550.81
2000-12-29,Uganda,89,1550.51
2000-12-29,DR Congo,90,1545.97
2000-12-29,Kazakhstan,91,1544.8
2000-12-29,Gabon,92,1543.85
2000-12-29,North Korea,93,1541.91
2000-12-29,Andalusia,94,1539.59
2000-12-29,Zambia,95,1539.37
2000-12-29,Réunion,96,1537.23
2000-12-29,Senegal,97,1534.2
2000-12-29,Rhodes,98,1533.03
2000-12-29,Jordan,99,1532.99
2000-12-29,Congo,100,1532.46
2000-12-29,Wales,101,1527.72
2000-12-29,Northern Ireland,102,1525.19
2000-12-29,Åland Islands,103,1522.66
2000-12-29,Canary Islands,104,1520.9
2000-12-29,Burkina Faso,105,1519.44
2000-12-29,Guinea,106,1519.4
2000-12-29,Lebanon,107,1519.17
2000-12-29,Gotland,108,1518.48
2000-12-29,Brittany,109,1517.66
2000-12-29,Asturias,110,1517.44
2000-12-29,Cuba,111,1510.95
2000-12-29,Rwanda,112,1510.3
2000-12-29,Mali,113,1508.33
2000-12-29,Tajikistan,114,1508.28
2000-12-29,Haiti,115,1507.94
2000-12-29,Indonesia,116,1507.84
2000-12-29,Libya,117,1506.69
2000-12-29,Silesia,118,1505.77
2000-12-29,Corsica,119,1505.42
2000-12-29,Montenegro,120,1502.39
2000-12-29,Bosnia and Herzegovina,121,1501.67
2000-12-29,Central Spain,122,1501.37
2000-12-29,Galicia,123,1496.46
2000-12-29,El Salvador,124,1495.0
2000-12-29,Turkmenistan,125,1493.47
2000-12-29,Ethiopia,126,1491.93
2000-12-29,Kernow,127,1491.91
2000-12-29,Saint Martin,128,1491.15
2000-12-29,Burundi,129,1489.06
2000-12-29,North Macedonia,130,1488.39
2000-12-29,New Caledonia,131,1487.02
2000-12-29,Liberia,132,1485.91
2000-12-29,Isle of Man,133,1484.12
2000-12-29,Monaco,134,1482.27
2000-12-29,Gibraltar,135,1479.98
2000-12-29,Saint Lucia,136,1477.27
2000-12-29,Togo,137,1476.66
2000-12-29,Niue,138,1474.97
2000-12-29,Micronesia,139,1473.64
2000-12-29,South Yemen,140,1473.5
2000-12-29,Oman,141,1472.95
2000-12-29,Tuvalu,142,1472.94
2000-12-29,Malaysia,143,1472.84
2000-12-29,Northern Mariana Islands,144,1469.12
2000-12-29,Sierra Leone,145,1468.53
2000-12-29,Cape Verde,146,1466.33
2000-12-29,Provence,147,1464.73
2000-12-29,North Vietnam,148,1463.0
2000-12-29,Panama,149,1462.49
2000-12-29,Kiribati,150,1461.45
2000-12-29,Bermuda,151,1459.23
2000-12-29,Georgia,152,1458.76
2000-12-29,Barbados,153,1457.26
2000-12-29,Northern Cyprus,154,1456.06
2000-12-29,Palau,155,1455.82
2000-12-29,Kenya,156,1453.87
2000-12-29,Vietnam,157,1453.41
2000-12-29,Albania,158,1452.49
2000-12-29,Manchukuo,159,1451.84
2000-12-29,Shetland,160,1449.79
2000-12-29,Saarland,161,1449.76
2000-12-29,Grenada,162,1447.51
2000-12-29,Frøya,163,1446.24
2000-12-29,Estonia,164,1446.17
2000-12-29,Bahrain,165,1444.99
2000-12-29,Suriname,166,1443.91
2000-12-29,Niger,167,1442.35
2000-12-29,Singapore,168,1438.59
2000-12-29,Namibia,169,1437.48
2000-12-29,Saint Vincent and the Grenadines,170,1435.41
2000-12-29,Guadeloupe,171,1434.01
2000-12-29,United States Virgin Islands,172,1433.43
2000-12-29,Saare County,173,1431.71
2000-12-29,Chad,174,1430.96
2000-12-29,Eritrea,175,1428.57
2000-12-29,Turks and Caicos Islands,176,1428.55
2000-12-29,Moldova,177,1426.54
2000-12-29,Saint Kitts and Nevis,178,1426.07
2000-12-29,Sudan,179,1423.69
2000-12-29,Hong Kong,180,1422.96
2000-12-29,Sint Maarten,181,1418.8
2000-12-29,Tonga,182,1418.75
2000-12-29,Bahamas,183,1417.9
2000-12-29,Cook Islands,184,1417.44
2000-12-29,Vietnam Republic,185,1416.37
2000-12-29,Armenia,186,1415.39
2000-12-29,Hitra,187,1413.84
2000-12-29,Dominican Republic,188,1411.38
2000-12-29,Belarus,189,1411.1
2000-12-29,Western Australia,190,1409.92
2000-12-29,Venezuela,191,1407.95
2000-12-29,Samoa,192,1406.24
2000-12-29,Yemen DPR,193,1400.88
2000-12-29,Gambia,194,1399.3
2000-12-29,Vanuatu,195,1397.28
2000-12-29,Lithuania,196,1396.33
2000-12-29,Curaçao,197,1395.64
2000-12-29,Malawi,198,1392.0
2000-12-29,Palestine,199,1386.38
2000-12-29,Latvia,200,1384.83
2000-12-29,Cayman Islands,201,1379.8
2000-12-29,Papua New Guinea,202,1377.13
2000-12-29,Greenland,203,1376.53
2000-12-29,Dominica,204,1375.79
2000-12-29,Antigua and Barbuda,205,1375.52
2000-12-29,São Tomé and Príncipe,206,1375.29
2000-12-29,Guinea-Bissau,207,1374.73
2000-12-29,Mauritius,208,1369.87
2000-12-29,Central African Republic,209,1365.95
2000-12-29,Belize,210,1365.63
2000-12-29,Comoros,211,1364.52
2000-12-29,Montserrat,212,1363.88
2000-12-29,Benin,213,1363.08
2000-12-29,Mozambique,214,1361.88
2000-12-29,Lesotho,215,1360.38
2000-12-29,Myanmar,216,1357.98
2000-12-29,Mongolia,217,1356.2
2000-12-29,India,218,1352.34
2000-12-29,Wallis Islands and Futuna,219,1346.32
2000-12-29,Mauritania,220,1340.6
2000-12-29,Kyrgyzstan,221,1339.91
2000-12-29,Tanzania,222,1339.15
2000-12-29,Yemen,223,1336.05
2000-12-29,Eswatini,224,1335.44
2000-12-29,Guam,225,1330.33
2000-12-29,Guyana,226,1325.48
2000-12-29,Zanzibar,227,1321.99
2000-12-29,Azerbaijan,228,1320.15
2000-12-29,Equatorial Guinea,229,1319.82
2000-12-29,Botswana,230,1319.52
2000-12-29,American Samoa,231,1319.05
2000-12-29,Afghanistan,232,1317.23
2000-12-29,Aruba,233,1309.42
2000-12-29,Seychelles,234,1307.76
2000-12-29,Faroe Islands,235,1304.69
2000-12-29,French Guiana,236,1303.78
2000-12-29,British Virgin Islands,237,1298.05
2000-12-29,Andorra,238,1287.03
2000-12-29,Somalia,239,1282.17
2000-12-29,Bangladesh,240,1280.86
2000-12-29,Liechtenstein,241,1274.56
2000-12-29,Taiwan,242,1267.06
2000-12-29,Malta,243,1264.64
2000-12-29,Djibouti,244,1260.93
2000-12-29,Macau,245,1257.69
2000-12-29,Anguilla,246,1247.72
2000-12-29,Bhutan,247,1236.82
2000-12-29,Puerto Rico,248,1236.38
2000-12-29,San Marino,249,1229.46
2000-12-29,Laos,250,1226.3
2000-12-29,Maldives,251,1223.16
2000-12-29,Luxembourg,252,1202.24
2000-12-29,Sri Lanka,253,1200.55
2000-12-29,Cambodia,254,1197.75
2000-12-29,Pakistan,255,1182.17
2000-12-29,Nepal,256,1173.61
2000-12-29,Nicaragua,257,1149.07
2000-12-29,Alderney,258,1144.95
2000-12-29,Brunei,259,1098.32
2000-12-29,Philippines,260,1061.59
2001-12-31,France,1,1943.82
2001-12-31,Argentina,2,1903.35
2001-12-31,Netherlands,3,1870.11
2001-12-31,Spain,4,1865.08
2001-12-31,Italy,5,1862.08
2001-12-31,Portugal,6,1859.15
2001-12-31,England,7,1824.18
2001-12-31,Germany,8,1803.38
2001-12-31,South Korea,9,1801.34
2001-12-31,Australia,10,1794.61
2001-12-31,Sweden,11,1790.18
2001-12-31,Colombia,12,1788.79
2001-12-31,Brazil,13,1786.52
2001-12-31,Japan,14,1782.29
2001-12-31,Denmark,15,1778.63
2001-12-31,Croatia,16,1768.97
2001-12-31,Republic of Ireland,17,1764.81
2001-12-31,Belgium,18,1749.42
2001-12-31,Iran,19,1749.4
2001-12-31,Russia,20,1737.73
2001-12-31,Mexico,21,1736.19
2001-12-31,Yugoslavia,22,1732.26
2001-12-31,Costa Rica,23,1730.02
2001-12-31,China,24,1729.94
2001-12-31,Czech Republic,25,1727.03
2001-12-31,Serbia,26,1726.3
2001-12-31,Basque Country,27,1724.41
2001-12-31,Saudi Arabia,28,1722.15
2001-12-31,United States,29,1716.49
2001-12-31,Tunisia,30,1715.46
2001-12-31,Uruguay,31,1707.35
2001-12-31,Czechoslovakia,32,1705.97
2001-12-31,Romania,33,1705.4
2001-12-31,Cameroon,34,1700.11
2001-12-31,Norway,35,1700.06
2001-12-31,German DR,36,1699.83
2001-12-31,Paraguay,37,1697.88
2001-12-31,Poland,38,1696.99
2001-12-31,Nigeria,39,1692.76
2001-12-31,Jersey,40,1689.28
2001-12-31,Honduras,41,1688.1
2001-12-31,Scotland,42,1684.65
2001-12-31,Ecuador,43,1681.87
2001-12-31,Turkey,44,1675.57
2001-12-31,Slovenia,45,1673.3
2001-12-31,Ivory Coast,46,1667.09
2001-12-31,Morocco,47,1664.74
2001-12-31,Egypt,48,1661.3
2001-12-31,Bulgaria,49,1654.81
2001-12-31,South Africa,50,1652.14
2001-12-31,Fiji,51,1645.54
2001-12-31,Finland,52,1643.53
2001-12-31,Guernsey,53,1643.47
2001-12-31,Qatar,54,1643.25
2001-12-31,Greece,55,1643.0
2001-12-31,Ukraine,56,1633.87
2001-12-31,Senegal,57,1629.57
2001-12-31,Tahiti,58,1628.86
2001-12-31,Austria,59,1628.49
2001-12-31,Trinidad and Tobago,60,1621.4
2001-12-31,Canada,61,1615.76
2001-12-31,Israel,62,1607.35
2001-12-31,Switzerland,63,1603.81
2001-12-31,Peru,64,1602.45
2001-12-31,Kuwait,65,1600.0
2001-12-31,Thailand,66,1597.76
2001-12-31,Uzbekistan,67,1596.17
2001-12-31,Slovakia,68,1592.57
2001-12-31,New Zealand,69,1592.42
2001-12-31,Guatemala,70,1588.42
2001-12-31,Ynys Môn,71,1587.73
2001-12-31,Iceland,72,1587.35
2001-12-31,Catalonia,73,1586.07
2001-12-31,Hungary,74,1585.27
2001-12-31,Algeria,75,1581.34
2001-12-31,Zimbabwe,76,1581.26
2001-12-31,Isle of Wight,77,1579.58
2001-12-31,United Arab Emirates,78,1579.32
2001-12-31,Angola,79,1576.59
2001-12-31,Iraq,80,1576.52
2001-12-31,Ghana,81,1571.64
2001-12-31,Martinique,82,1569.17
2001-12-31,Bahrain,83,1569.0
2001-12-31,Solomon Islands,84,1568.6
2001-12-31,Gabon,85,1567.44
2001-12-31,Andalusia,86,1566.81
2001-12-31,Oman,87,1566.76
2001-12-31,Chile,88,1564.7
2001-12-31,Kazakhstan,89,1561.74
2001-12-31,Jamaica,90,1555.14
2001-12-31,Bosnia and Herzegovina,91,1552.65
2001-12-31,Bolivia,92,1550.94
2001-12-31,Haiti,93,1549.99
2001-12-31,Togo,94,1545.96
2001-12-31,Zambia,95,1544.0
2001-12-31,North Korea,96,1541.74
2001-12-31,Cyprus,97,1538.52
2001-12-31,Réunion,98,1537.23
2001-12-31,Lebanon,99,1535.53
2001-12-31,Guinea,100,1534.89
2001-12-31,DR Congo,101,1534.21
2001-12-31,Mali,102,1530.76
2001-12-31,Jordan,103,1529.77
2001-12-31,Rhodes,104,1526.02
2001-12-31,Wales,105,1525.65
2001-12-31,Georgia,106,1525.59
2001-12-31,Northern Ireland,107,1524.65
2001-12-31,Liberia,108,1523.65
2001-12-31,Rwanda,109,1523.06
2001-12-31,Åland Islands,110,1522.66
2001-12-31,Ethiopia,111,1521.36
2001-12-31,Gibraltar,112,1521.02
2001-12-31,Canary Islands,113,1520.9
2001-12-31,Gotland,114,1518.48
2001-12-31,Brittany,115,1517.66
2001-12-31,Asturias,116,1517.44
2001-12-31,Turkmenistan,117,1514.04
2001-12-31,Cuba,118,1512.92
2001-12-31,Western Sahara,119,1509.07
2001-12-31,Kenya,120,1508.75
2001-12-31,Tajikistan,121,1508.28
2001-12-31,Syria,122,1507.34
2001-12-31,Indonesia,123,1506.67
2001-12-31,Silesia,124,1505.77
2001-12-31,Corsica,125,1505.42
2001-12-31,El Salvador,126,1504.27
2001-12-31,Montenegro,127,1502.39
2001-12-31,Central Spain,128,1501.37
2001-12-31,Madagascar,129,1499.86
2001-12-31,Monaco,130,1498.1
2001-12-31,Galicia,131,1496.46
2001-12-31,Saint Kitts and Nevis,132,1496.1
2001-12-31,Kernow,133,1491.91
2001-12-31,Venezuela,134,1487.83
2001-12-31,New Caledonia,135,1487.02
2001-12-31,Congo,136,1486.63
2001-12-31,Mayotte,137,1483.22
2001-12-31,Saint Martin,138,1479.45
2001-12-31,Panama,139,1478.79
2001-12-31,Isle of Man,140,1474.99
2001-12-31,Niue,141,1474.97
2001-12-31,Micronesia,142,1473.64
2001-12-31,South Yemen,143,1473.5
2001-12-31,Cape Verde,144,1473.48
2001-12-31,Tuvalu,145,1472.94
2001-12-31,Burkina Faso,146,1471.44
2001-12-31,Sudan,147,1470.49
2001-12-31,Falkland Islands,148,1469.49
2001-12-31,Northern Mariana Islands,149,1469.12
2001-12-31,Vietnam,150,1465.62
2001-12-31,Provence,151,1464.73
2001-12-31,Saint Vincent and the Grenadines,152,1464.49
2001-12-31,Uganda,153,1464.41
2001-12-31,Burundi,154,1464.02
2001-12-31,North Vietnam,155,1463.0
2001-12-31,Tibet,156,1462.71
2001-12-31,Kiribati,157,1461.45
2001-12-31,Belarus,158,1460.12
2001-12-31,Saint Lucia,159,1457.64
2001-12-31,Northern Cyprus,160,1456.06
2001-12-31,Palau,161,1455.82
2001-12-31,Shetland,162,1455.69
2001-12-31,Grenada,163,1455.42
2001-12-31,Manchukuo,164,1451.84
2001-12-31,Bermuda,165,1450.92
2001-12-31,Barbados,166,1450.31
2001-12-31,Saarland,167,1449.76
2001-12-31,Frøya,168,1446.24
2001-12-31,Albania,169,1445.49
2001-12-31,Suriname,170,1445.31
2001-12-31,Niger,171,1442.35
2001-12-31,Malaysia,172,1442.13
2001-12-31,Libya,173,1439.99
2001-12-31,Orkney,174,1439.38
2001-12-31,Sierra Leone,175,1435.99
2001-12-31,Armenia,176,1435.95
2001-12-31,North Macedonia,177,1435.36
2001-12-31,Tonga,178,1432.43
2001-12-31,Greenland,179,1431.98
2001-12-31,Chad,180,1430.96
2001-12-31,Gambia,181,1428.96
2001-12-31,Turks and Caicos Islands,182,1428.55
2001-12-31,Tanzania,183,1421.74
2001-12-31,Estonia,184,1419.61
2001-12-31,Sint Maarten,185,1418.8
2001-12-31,Vietnam Republic,186,1416.37
2001-12-31,Hitra,187,1413.84
2001-12-31,Guadeloupe,188,1413.11
2001-12-31,Dominican Republic,189,1411.18
2001-12-31,Western Australia,190,1409.92
2001-12-31,Saare County,191,1409.84
2001-12-31,Lithuania,192,1408.63
2001-12-31,Bahamas,193,1407.37
2001-12-31,Singapore,194,1407.34
2001-12-31,Moldova,195,1404.45
2001-12-31,Belize,196,1403.35
2001-12-31,Yemen DPR,197,1400.88
2001-12-31,Latvia,198,1397.98
2001-12-31,Palestine,199,1396.29
2001-12-31,Curaçao,200,1395.64
2001-12-31,Samoa,201,1393.68
2001-12-31,Vanuatu,202,1391.29
2001-12-31,Eritrea,203,1387.37
2001-12-31,Mozambique,204,1387.17
2001-12-31,Hong Kong,205,1386.97
2001-12-31,Malawi,206,1382.34
2001-12-31,Guinea-Bissau,207,1382.18
2001-12-31,Cayman Islands,208,1381.18
2001-12-31,Mauritius,209,1380.87
2001-12-31,Papua New Guinea,210,1377.13
2001-12-31,Cook Islands,211,1376.52
2001-12-31,São Tomé and Príncipe,212,1375.29
2001-12-31,Benin,213,1374.44
2001-12-31,United States Virgin Islands,214,1371.34
2001-12-31,Namibia,215,1370.88
2001-12-31,Yemen,216,1367.61
2001-12-31,Central African Republic,217,1365.95
2001-12-31,India,218,1364.91
2001-12-31,Comoros,219,1364.52
2001-12-31,Myanmar,220,1357.98
2001-12-31,Guyana,221,1355.66
2001-12-31,Botswana,222,1352.13
2001-12-31,Antigua and Barbuda,223,1350.22
2001-12-31,Wallis Islands and Futuna,224,1346.32
2001-12-31,Lesotho,225,1340.81
2001-12-31,Eswatini,226,1337.72
2001-12-31,Montserrat,227,1332.77
2001-12-31,Guam,228,1330.33
2001-12-31,British Virgin Islands,229,1327.56
2001-12-31,Kyrgyzstan,230,1325.87
2001-12-31,Azerbaijan,231,1321.39
2001-12-31,Equatorial Guinea,232,1319.82
2001-12-31,Faroe Islands,233,1317.95
2001-12-31,Afghanistan,234,1317.23
2001-12-31,Zanzibar,235,1312.71
2001-12-31,Mongolia,236,1308.46
2001-12-31,Seychelles,237,1307.76
2001-12-31,Dominica,238,1307.73
2001-12-31,French Guiana,239,1303.78
2001-12-31,Bangladesh,240,1299.53
2001-12-31,Mauritania,241,1294.55
2001-12-31,American Samoa,242,1289.72
2001-12-31,Aruba,243,1281.4
2001-12-31,Andorra,244,1277.87
2001-12-31,Somalia,245,1274.67
2001-12-31,Malta,246,1265.15
2001-12-31,Anguilla,247,1261.82
2001-12-31,Liechtenstein,248,1244.29
2001-12-31,Djibouti,249,1237.62
2001-12-31,Taiwan,250,1234.4
2001-12-31,San Marino,251,1228.35
2001-12-31,Bhutan,252,1223.06
2001-12-31,Puerto Rico,253,1220.61
2001-12-31,Sri Lanka,254,1215.36
2001-12-31,Laos,255,1208.45
2001-12-31,Maldives,256,1207.85
2001-12-31,Macau,257,1205.14
2001-12-31,Nepal,258,1200.26
2001-12-31,Luxembourg,259,1163.59
2001-12-31,Cambodia,260,1158.73
2001-12-31,Pakistan,261,1156.89
2001-12-31,Alderney,262,1142.63
2001-12-31,Nicaragua,263,1126.73
2001-12-31,Brunei,264,1071.83
2001-12-31,Philippines,265,1049.21
2002-12-30,Netherlands,1,1924.28
2002-12-30,Brazil,2,1899.6
2002-12-30,Argentina,3,1894.04
2002-12-30,France,4,1889.57
2002-12-30,Spain,5,1873.86
2002-12-30,Denmark,6,1834.07
2002-12-30,Portugal,7,1829.61
2002-12-30,England,8,1824.44
2002-12-30,Germany,9,1822.82
2002-12-30,Australia,10,1795.59
2002-12-30,Mexico,11,1787.57
2002-12-30,Czech Republic,12,1783.3
2002-12-30,Italy,13,1773.04
2002-12-30,United States,14,1767.8
2002-12-30,Republic of Ireland,15,1766.52
2002-12-30,Japan,16,1761.88
2002-12-30,Belgium,17,1761.03
2002-12-30,Cameroon,18,1758.84
2002-12-30,Colombia,19,1753.85
2002-12-30,South Korea,20,1749.3
2002-12-30,Turkey,21,1748.02
2002-12-30,Norway,22,1739.27
2002-12-30,Croatia,23,1735.64
2002-12-30,Yugoslavia,24,1732.26
2002-12-30,Senegal,25,1731.87
2002-12-30,Nigeria,26,1726.81
2002-12-30,Sweden,27,1726.48
2002-12-30,Paraguay,28,1726.32
2002-12-30,Saudi Arabia,29,1722.07
2002-12-30,Iran,30,1718.99
2002-12-30,Russia,31,1716.08
2002-12-30,Honduras,32,1714.37
2002-12-30,Basque Country,33,1714.19
2002-12-30,Czechoslovakia,34,1705.97
2002-12-30,Costa Rica,35,1702.59
2002-12-30,Serbia,36,1701.95
2002-12-30,German DR,37,1699.83
2002-12-30,Uruguay,38,1696.47
2002-12-30,Romania,39,1686.13
2002-12-30,Jersey,40,1679.72
2002-12-30,Bulgaria,41,1678.12
2002-12-30,Ecuador,42,1676.69
2002-12-30,South Africa,43,1672.88
2002-12-30,Poland,44,1671.31
2002-12-30,Slovenia,45,1671.19
2002-12-30,Morocco,46,1669.68
2002-12-30,Greece,47,1667.68
2002-12-30,Qatar,48,1656.81
2002-12-30,Switzerland,49,1650.79
2002-12-30,Tunisia,50,1648.18
2002-12-30,Iraq,51,1642.08
2002-12-30,Ivory Coast,52,1638.95
2002-12-30,Canada,53,1638.08
2002-12-30,Scotland,54,1637.68
2002-12-30,China,55,1636.82
2002-12-30,Egypt,56,1636.1
2002-12-30,Tahiti,57,1632.37
2002-12-30,Guernsey,58,1629.63
2002-12-30,Wales,59,1628.99
2002-12-30,New Zealand,60,1625.11
2002-12-30,Austria,61,1622.15
2002-12-30,Fiji,62,1620.21
2002-12-30,Israel,63,1616.88
2002-12-30,Ukraine,64,1616.74
2002-12-30,Finland,65,1613.04
2002-12-30,Peru,66,1602.45
2002-12-30,Catalonia,67,1599.16
2002-12-30,Jamaica,68,1596.52
2002-12-30,Jordan,69,1592.87
2002-12-30,Martinique,70,1592.28
2002-12-30,Thailand,71,1590.13
2002-12-30,Slovakia,72,1589.38
2002-12-30,Mali,73,1588.9
2002-12-30,Ynys Môn,74,1587.73
2002-12-30,Andalusia,75,1582.58
2002-12-30,Isle of Wight,76,1579.58
2002-12-30,Algeria,77,1577.61
2002-12-30,Trinidad and Tobago,78,1577.6
2002-12-30,Kenya,79,1574.74
2002-12-30,Venezuela,80,1573.67
2002-12-30,Hungary,81,1572.51
2002-12-30,Kuwait,82,1567.93
2002-12-30,Zimbabwe,83,1567.73
2002-12-30,North Korea,84,1567.58
2002-12-30,Haiti,85,1567.5
2002-12-30,Guatemala,86,1555.66
2002-12-30,Bahrain,87,1555.31
2002-12-30,Uzbekistan,88,1553.81
2002-12-30,Oman,89,1553.29
2002-12-30,Cuba,90,1548.52
2002-12-30,Chile,91,1545.9
2002-12-30,Iceland,92,1543.08
2002-12-30,DR Congo,93,1541.63
2002-12-30,Angola,94,1540.68
2002-12-30,Madagascar,95,1538.93
2002-12-30,Ghana,96,1536.61
2002-12-30,Solomon Islands,97,1536.34
2002-12-30,Kazakhstan,98,1535.62
2002-12-30,Réunion,99,1530.63
2002-12-30,Estonia,100,1526.34
2002-12-30,Rhodes,101,1526.02
2002-12-30,Bosnia and Herzegovina,102,1525.86
2002-12-30,Cyprus,103,1525.6
2002-12-30,Åland Islands,104,1522.66
2002-12-30,Gibraltar,105,1519.97
2002-12-30,Saint Kitts and Nevis,106,1518.69
2002-12-30,Gotland,107,1518.48
2002-12-30,Brittany,108,1517.66
2002-12-30,Asturias,109,1517.44
2002-12-30,Bolivia,110,1517.28
2002-12-30,Indonesia,111,1517.09
2002-12-30,Kernow,112,1516.63
2002-12-30,Liberia,113,1515.7
2002-12-30,Gabon,114,1515.17
2002-12-30,Rwanda,115,1514.69
2002-12-30,Turkmenistan,116,1514.04
2002-12-30,Georgia,117,1513.85
2002-12-30,Togo,118,1513.39
2002-12-30,Uganda,119,1511.74
2002-12-30,United Arab Emirates,120,1510.9
2002-12-30,Western Sahara,121,1509.07
2002-12-30,Tajikistan,122,1508.28
2002-12-30,Lebanon,123,1506.21
2002-12-30,Silesia,124,1505.77
2002-12-30,Corsica,125,1505.42
2002-12-30,Northern Ireland,126,1504.46
2002-12-30,Belarus,127,1504.4
2002-12-30,El Salvador,128,1504.17
2002-12-30,Zambia,129,1503.76
2002-12-30,Canary Islands,130,1503.6
2002-12-30,Montenegro,131,1502.39
2002-12-30,Guinea,132,1502.18
2002-12-30,Central Spain,133,1501.37
2002-12-30,Vatican City,134,1499.96
2002-12-30,Monaco,135,1499.19
2002-12-30,Malawi,136,1496.84
2002-12-30,Galicia,137,1496.46
2002-12-30,Syria,138,1489.72
2002-12-30,Congo,139,1488.5
2002-12-30,Mayotte,140,1483.22
2002-12-30,Libya,141,1481.25
2002-12-30,Panama,142,1478.79
2002-12-30,Isle of Man,143,1474.99
2002-12-30,Niue,144,1474.97
2002-12-30,Micronesia,145,1473.64
2002-12-30,South Yemen,146,1473.5
2002-12-30,Guadeloupe,147,1473.14
2002-12-30,Tuvalu,148,1472.94
2002-12-30,Sierra Leone,149,1472.48
2002-12-30,North Macedonia,150,1471.99
2002-12-30,Burkina Faso,151,1471.94
2002-12-30,Vietnam,152,1471.52
2002-12-30,Falkland Islands,153,1469.49
2002-12-30,Northern Mariana Islands,154,1469.12
2002-12-30,New Caledonia,155,1465.45
2002-12-30,Suriname,156,1465.43
2002-12-30,Provence,157,1464.73
2002-12-30,Saint Vincent and the Grenadines,158,1464.49
2002-12-30,Barbados,159,1464.31
2002-12-30,North Vietnam,160,1463.0
2002-12-30,Tibet,161,1462.71
2002-12-30,Kiribati,162,1461.45
2002-12-30,Gambia,163,1460.49
2002-12-30,Saint Martin,164,1459.41
2002-12-30,Cape Verde,165,1457.12
2002-12-30,Northern Cyprus,166,1456.06
2002-12-30,Palau,167,1455.82
2002-12-30,Shetland,168,1455.69
2002-12-30,Manchukuo,169,1451.84
2002-12-30,Saint Lucia,170,1451.58
2002-12-30,Bermuda,171,1450.92
2002-12-30,Saarland,172,1449.76
2002-12-30,Latvia,173,1449.28
2002-12-30,Sudan,174,1448.32
2002-12-30,Niger,175,1447.08
2002-12-30,Frøya,176,1446.24
2002-12-30,Armenia,177,1445.57
2002-12-30,Grenada,178,1441.87
2002-12-30,Orkney,179,1439.38
2002-12-30,Greenland,180,1431.98
2002-12-30,Papua New Guinea,181,1429.15
2002-12-30,Turks and Caicos Islands,182,1428.55
2002-12-30,Burundi,183,1422.35
2002-12-30,Belize,184,1422.23
2002-12-30,Albania,185,1419.03
2002-12-30,Sint Maarten,186,1418.8
2002-12-30,Vanuatu,187,1418.44
2002-12-30,Vietnam Republic,188,1416.37
2002-12-30,Hitra,189,1413.84
2002-12-30,Singapore,190,1413.15
2002-12-30,Tanzania,191,1412.83
2002-12-30,Malaysia,192,1412.5
2002-12-30,Ethiopia,193,1412.18
2002-12-30,Chad,194,1412.1
2002-12-30,Western Australia,195,1409.92
2002-12-30,Saare County,196,1409.84
2002-12-30,Bahamas,197,1407.37
2002-12-30,Yemen DPR,198,1400.88
2002-12-30,Dominican Republic,199,1398.96
2002-12-30,Lithuania,200,1395.49
2002-12-30,Tonga,201,1394.6
2002-12-30,Mauritius,202,1393.96
2002-12-30,Samoa,203,1392.77
2002-12-30,Mozambique,204,1390.47
2002-12-30,Palestine,205,1390.08
2002-12-30,Benin,206,1390.05
2002-12-30,Hong Kong,207,1386.97
2002-12-30,Guinea-Bissau,208,1382.18
2002-12-30,Curaçao,209,1381.37
2002-12-30,Eritrea,210,1377.23
2002-12-30,Cook Islands,211,1376.52
2002-12-30,São Tomé and Príncipe,212,1375.29
2002-12-30,Eswatini,213,1373.1
2002-12-30,Myanmar,214,1369.5
2002-12-30,Moldova,215,1368.4
2002-12-30,India,216,1366.1
2002-12-30,Comoros,217,1364.52
2002-12-30,Botswana,218,1362.65
2002-12-30,Cayman Islands,219,1358.43
2002-12-30,Yemen,220,1357.47
2002-12-30,Central African Republic,221,1355.96
2002-12-30,Wallis Islands and Futuna,222,1346.32
2002-12-30,Antigua and Barbuda,223,1345.7
2002-12-30,Guyana,224,1345.08
2002-12-30,United States Virgin Islands,225,1344.26
2002-12-30,Faroe Islands,226,1334.49
2002-12-30,Namibia,227,1330.74
2002-12-30,Guam,228,1330.33
2002-12-30,Kyrgyzstan,229,1325.87
2002-12-30,Azerbaijan,230,1321.69
2002-12-30,Zanzibar,231,1321.03
2002-12-30,Afghanistan,232,1317.23
2002-12-30,Montserrat,233,1311.88
2002-12-30,British Virgin Islands,234,1309.89
2002-12-30,Mongolia,235,1308.46
2002-12-30,Seychelles,236,1308.27
2002-12-30,Equatorial Guinea,237,1305.04
2002-12-30,Malta,238,1304.34
2002-12-30,Lesotho,239,1303.9
2002-12-30,French Guiana,240,1300.94
2002-12-30,Bangladesh,241,1299.53
2002-12-30,Dominica,242,1293.68
2002-12-30,Andorra,243,1282.23
2002-12-30,Somalia,244,1272.41
2002-12-30,Mauritania,245,1268.65
2002-12-30,Aruba,246,1264.12
2002-12-30,Sri Lanka,247,1259.55
2002-12-30,American Samoa,248,1253.14
2002-12-30,Bhutan,249,1243.95
2002-12-30,Djibouti,250,1237.62
2002-12-30,Anguilla,251,1235.17
2002-12-30,Liechtenstein,252,1235.05
2002-12-30,Taiwan,253,1222.35
2002-12-30,San Marino,254,1209.39
2002-12-30,Laos,255,1207.57
2002-12-30,Puerto Rico,256,1206.69
2002-12-30,Macau,257,1205.14
2002-12-30,Nepal,258,1200.26
2002-12-30,Maldives,259,1188.12
2002-12-30,Luxembourg,260,1175.62
2002-12-30,Cambodia,261,1148.59
2002-12-30,Nicaragua,262,1147.8
2002-12-30,Alderney,263,1141.31
2002-12-30,Pakistan,264,1135.64
2002-12-30,Brunei,265,1071.83
2002-12-30,Philippines,266,1025.03
2003-12-31,France,1,1954.61
2003-12-31,Argentina,2,1913.52
2003-12-31,Netherlands,3,1892.59
2003-12-31,Spain,4,1889.89
2003-12-31,Czech Republic,5,1870.5
2003-12-31,Brazil,6,1862.98
2003-12-31,Portugal,7,1841.95
2003-12-31,England,8,1840.27
2003-12-31,Denmark,9,1837.8
2003-12-31,Italy,10,1826.81
2003-12-31,Australia,11,1803.89
2003-12-31,United States,12,1803.77
2003-12-31,Belgium,13,1790.91
2003-12-31,Germany,14,1788.83
2003-12-31,Republic of Ireland,15,1787.77
2003-12-31,Cameroon,16,1769.38
2003-12-31,Croatia,17,1764.62
2003-12-31,Greece,18,1762.16
2003-12-31,Mexico,19,1761.85
2003-12-31,Uruguay,20,1754.11
2003-12-31,Japan,21,1751.47
2003-12-31,Egypt,22,1744.13
2003-12-31,Basque Country,23,1732.86
2003-12-31,Paraguay,24,1732.85
2003-12-31,Yugoslavia,25,1732.26
2003-12-31,Turkey,26,1727.53
2003-12-31,Bulgaria,27,1721.91
2003-12-31,Poland,28,1718.42
2003-12-31,Senegal,29,1716.73
2003-12-31,Iran,30,1714.66
2003-12-31,Romania,31,1712.3
2003-12-31,Saudi Arabia,32,1710.39
2003-12-31,Nigeria,33,1706.83
2003-12-31,Tunisia,34,1706.35
2003-12-31,Czechoslovakia,35,1705.97
2003-12-31,German DR,36,1699.83
2003-12-31,South Korea,37,1699.64
2003-12-31,Sweden,38,1697.37
2003-12-31,Costa Rica,39,1693.47
2003-12-31,Russia,40,1692.65
2003-12-31,Morocco,41,1681.92
2003-12-31,Fiji,42,1676.36
2003-12-31,Colombia,43,1672.59
2003-12-31,Slovenia,44,1667.35
2003-12-31,South Africa,45,1666.28
2003-12-31,Switzerland,46,1661.55
2003-12-31,Ecuador,47,1661.23
2003-12-31,Jersey,48,1660.59
2003-12-31,Norway,49,1658.88
2003-12-31,Mali,50,1658.46
2003-12-31,Finland,51,1656.32
2003-12-31,Guernsey,52,1654.84
2003-12-31,Peru,53,1644.78
2003-12-31,Ivory Coast,54,1642.98
2003-12-31,Oman,55,1640.1
2003-12-31,Scotland,56,1638.39
2003-12-31,Serbia,57,1635.09
2003-12-31,Jordan,58,1631.72
2003-12-31,Iraq,59,1630.62
2003-12-31,Austria,60,1627.15
2003-12-31,Catalonia,61,1618.86
2003-12-31,Venezuela,62,1617.19
2003-12-31,Kuwait,63,1606.41
2003-12-31,Israel,64,1606.21
2003-12-31,Honduras,65,1604.93
2003-12-31,China,66,1602.71
2003-12-31,Algeria,67,1601.2
2003-12-31,Jamaica,68,1599.83
2003-12-31,Bahrain,69,1599.7
2003-12-31,Ukraine,70,1598.99
2003-12-31,Qatar,71,1598.32
2003-12-31,Chile,72,1597.68
2003-12-31,Slovakia,73,1595.78
2003-12-31,Andalusia,74,1595.58
2003-12-31,Tahiti,75,1595.11
2003-12-31,Ynys Môn,76,1589.91
2003-12-31,Thailand,77,1587.0
2003-12-31,Bosnia and Herzegovina,78,1586.95
2003-12-31,DR Congo,79,1585.43
2003-12-31,Zimbabwe,80,1582.13
2003-12-31,Canada,81,1582.09
2003-12-31,New Zealand,82,1577.58
2003-12-31,Wales,83,1577.48
2003-12-31,Uzbekistan,84,1576.92
2003-12-31,Martinique,85,1561.53
2003-12-31,Iceland,86,1560.65
2003-12-31,Isle of Wight,87,1559.45
2003-12-31,Cuba,88,1556.48
2003-12-31,Guatemala,89,1553.26
2003-12-31,Kenya,90,1553.22
2003-12-31,Solomon Islands,91,1552.64
2003-12-31,Haiti,92,1551.8
2003-12-31,Turkmenistan,93,1548.81
2003-12-31,Guinea,94,1543.46
2003-12-31,Gotland,95,1543.41
2003-12-31,Bolivia,96,1542.75
2003-12-31,Kernow,97,1539.78
2003-12-31,United Arab Emirates,98,1539.75
2003-12-31,Angola,99,1536.69
2003-12-31,Zambia,100,1533.63
2003-12-31,Uganda,101,1533.35
2003-12-31,Gabon,102,1530.85
2003-12-31,Réunion,103,1530.84
2003-12-31,Gibraltar,104,1529.54
2003-12-31,Trinidad and Tobago,105,1526.56
2003-12-31,Rhodes,106,1526.02
2003-12-31,Tajikistan,107,1525.63
2003-12-31,El Salvador,108,1523.63
2003-12-31,Åland Islands,109,1522.66
2003-12-31,Isle of Man,110,1521.35
2003-12-31,Saint Kitts and Nevis,111,1517.72
2003-12-31,Brittany,112,1517.66
2003-12-31,Asturias,113,1517.44
2003-12-31,New Caledonia,114,1515.61
2003-12-31,North Korea,115,1515.26
2003-12-31,Belarus,116,1515.17
2003-12-31,Hungary,117,1513.01
2003-12-31,Togo,118,1512.7
2003-12-31,Western Sahara,119,1509.07
2003-12-31,Georgia,120,1508.94
2003-12-31,Indonesia,121,1506.3
2003-12-31,Silesia,122,1505.77
2003-12-31,Ghana,123,1505.71
2003-12-31,Burkina Faso,124,1505.58
2003-12-31,Corsica,125,1505.42
2003-12-31,Latvia,126,1503.74
2003-12-31,Canary Islands,127,1503.6
2003-12-31,Montenegro,128,1502.39
2003-12-31,Central Spain,129,1501.37
2003-12-31,Vatican City,130,1499.96
2003-12-31,Monaco,131,1499.19
2003-12-31,Barbados,132,1497.19
2003-12-31,Galicia,133,1496.46
2003-12-31,Cyprus,134,1494.91
2003-12-31,Vanuatu,135,1490.43
2003-12-31,Estonia,136,1487.27
2003-12-31,Libya,137,1486.98
2003-12-31,Syria,138,1486.08
2003-12-31,Mayotte,139,1485.39
2003-12-31,North Macedonia,140,1485.33
2003-12-31,Shetland,141,1481.72
2003-12-31,Lebanon,142,1481.2
2003-12-31,Panama,143,1477.79
2003-12-31,Congo,144,1477.01
2003-12-31,Sudan,145,1475.63
2003-12-31,Niue,146,1474.97
2003-12-31,Timor-Leste,147,1474.47
2003-12-31,South Yemen,148,1473.5
2003-12-31,Liberia,149,1471.44
2003-12-31,Falkland Islands,150,1469.49
2003-12-31,Northern Mariana Islands,151,1469.12
2003-12-31,Rwanda,152,1469.08
2003-12-31,Kazakhstan,153,1468.36
2003-12-31,Suriname,154,1465.43
2003-12-31,Vietnam,155,1465.26
2003-12-31,Provence,156,1464.73
2003-12-31,Saint Vincent and the Grenadines,157,1464.49
2003-12-31,Albania,158,1464.12
2003-12-31,Guadeloupe,159,1463.77
2003-12-31,North Vietnam,160,1463.0
2003-12-31,Tibet,161,1462.71
2003-12-31,Northern Ireland,162,1460.15
2003-12-31,Saint Martin,163,1459.41
2003-12-31,Cape Verde,164,1457.43
2003-12-31,Northern Cyprus,165,1456.06
2003-12-31,Palau,166,1455.82
2003-12-31,Armenia,167,1455.07
2003-12-31,Manchukuo,168,1451.84
2003-12-31,Sierra Leone,169,1451.73
2003-12-31,Saint Lucia,170,1451.29
2003-12-31,Greenland,171,1450.7
2003-12-31,Mauritius,172,1450.41
2003-12-31,Saarland,173,1449.76
2003-12-31,Frøya,174,1445.04
2003-12-31,Gambia,175,1444.7
2003-12-31,Grenada,176,1441.87
2003-12-31,Malawi,177,1440.74
2003-12-31,Tuvalu,178,1440.32
2003-12-31,Sark,179,1437.57
2003-12-31,Benin,180,1436.69
2003-12-31,Bermuda,181,1436.38
2003-12-31,Niger,182,1431.92
2003-12-31,Turks and Caicos Islands,183,1428.55
2003-12-31,Belize,184,1422.23
2003-12-31,Chad,185,1420.07
2003-12-31,Moldova,186,1419.52
2003-12-31,Sint Maarten,187,1418.8
2003-12-31,Vietnam Republic,188,1416.37
2003-12-31,Papua New Guinea,189,1414.7
2003-12-31,Hitra,190,1413.84
2003-12-31,Micronesia,191,1412.66
2003-12-31,Singapore,192,1412.17
2003-12-31,Madagascar,193,1411.59
2003-12-31,Kiribati,194,1411.19
2003-12-31,Orkney,195,1410.38
2003-12-31,Western Australia,196,1409.92
2003-12-31,Ethiopia,197,1409.69
2003-12-31,Lithuania,198,1407.06
2003-12-31,Malaysia,199,1406.79
2003-12-31,Yemen DPR,200,1400.88
2003-12-31,Dominican Republic,201,1398.96
2003-12-31,Bahamas,202,1397.27
2003-12-31,Tonga,203,1395.56
2003-12-31,Mozambique,204,1393.3
2003-12-31,Samoa,205,1392.77
2003-12-31,Burundi,206,1391.57
2003-12-31,India,207,1390.39
2003-12-31,Botswana,208,1389.48
2003-12-31,Hong Kong,209,1385.88
2003-12-31,Curaçao,210,1381.37
2003-12-31,Cook Islands,211,1376.52
2003-12-31,Guinea-Bissau,212,1370.0
2003-12-31,Yemen,213,1367.4
2003-12-31,Palestine,214,1364.25
2003-12-31,Myanmar,215,1362.2
2003-12-31,Cayman Islands,216,1358.43
2003-12-31,Azerbaijan,217,1354.06
2003-12-31,Saare County,218,1352.64
2003-12-31,Lesotho,219,1351.94
2003-12-31,Wallis Islands and Futuna,220,1346.32
2003-12-31,Eritrea,221,1346.23
2003-12-31,Guyana,222,1345.08
2003-12-31,United States Virgin Islands,223,1344.26
2003-12-31,Tanzania,224,1342.84
2003-12-31,Faroe Islands,225,1340.08
2003-12-31,Kyrgyzstan,226,1338.46
2003-12-31,São Tomé and Príncipe,227,1335.33
2003-12-31,Equatorial Guinea,228,1333.6
2003-12-31,Seychelles,229,1332.03
2003-12-31,Eswatini,230,1328.96
2003-12-31,Central African Republic,231,1328.4
2003-12-31,Antigua and Barbuda,232,1321.07
2003-12-31,Zanzibar,233,1319.12
2003-12-31,Comoros,234,1317.08
2003-12-31,Montserrat,235,1311.88
2003-12-31,Bangladesh,236,1311.3
2003-12-31,British Virgin Islands,237,1309.89
2003-12-31,Namibia,238,1306.57
2003-12-31,Malta,239,1303.08
2003-12-31,Mauritania,240,1294.65
2003-12-31,French Guiana,241,1293.86
2003-12-31,Dominica,242,1293.68
2003-12-31,Sri Lanka,243,1275.17
2003-12-31,Mongolia,244,1265.0
2003-12-31,Aruba,245,1264.12
2003-12-31,Taiwan,246,1262.06
2003-12-31,Somalia,247,1258.75
2003-12-31,Andorra,248,1255.74
2003-12-31,American Samoa,249,1253.14
2003-12-31,Afghanistan,250,1252.16
2003-12-31,Maldives,251,1247.4
2003-12-31,Liechtenstein,252,1243.92
2003-12-31,Djibouti,253,1237.62
2003-12-31,Anguilla,254,1235.17
2003-12-31,Guam,255,1230.1
2003-12-31,Laos,256,1210.26
2003-12-31,Puerto Rico,257,1206.69
2003-12-31,San Marino,258,1197.41
2003-12-31,Bhutan,259,1187.28
2003-12-31,Nepal,260,1178.14
2003-12-31,Pakistan,261,1169.12
2003-12-31,Macau,262,1168.87
2003-12-31,Nicaragua,263,1167.25
2003-12-31,Luxembourg,264,1160.62
2003-12-31,Alderney,265,1154.25
2003-12-31,Cambodia,266,1148.59
2003-12-31,Brunei,267,1073.39
2003-12-31,Philippines,268,1025.03
2004-12-29,Argentina,1,1918.39
2004-12-29,France,2,1909.82
2004-12-29,Spain,3,1883.35
2004-12-29,Czech Republic,4,1868.03
2004-12-29,Brazil,5,1849.63
2004-12-29,Netherlands,6,1847.41
2004-12-29,Republic of Ireland,7,1840.9
2004-12-29,England,8,1835.96
2004-12-29,Portugal,9,1835.18
2004-12-29,Italy,10,1834.86
2004-12-29,Mexico,11,1830.66
2004-12-29,Japan,12,1810.92
2004-12-29,Germany,13,1809.46
2004-12-29,Australia,14,1809.07
2004-12-29,United States,15,1808.14
2004-12-29,Denmark,16,1791.15
2004-12-29,Greece,17,1790.99
2004-12-29,Croatia,18,1783.1
2004-12-29,Iran,19,1781.8
2004-12-29,Sweden,20,1764.02
2004-12-29,Poland,21,1744.51
2004-12-29,Basque Country,22,1743.19
2004-12-29,South Korea,23,1741.79
2004-12-29,Uruguay,24,1741.44
2004-12-29,Norway,25,1736.35
2004-12-29,Romania,26,1733.9
2004-12-29,Yugoslavia,27,1732.26
2004-12-29,Nigeria,28,1732.25
2004-12-29,Colombia,29,1730.95
2004-12-29,Belgium,30,1724.97
2004-12-29,Turkey,31,1724.89
2004-12-29,Paraguay,32,1720.33
2004-12-29,Morocco,33,1717.52
2004-12-29,Ivory Coast,34,1716.92
2004-12-29,Egypt,35,1714.5
2004-12-29,Czechoslovakia,36,1705.97
2004-12-29,Cameroon,37,1702.2
2004-12-29,German DR,38,1699.83
2004-12-29,Senegal,39,1698.43
2004-12-29,Bulgaria,40,1692.5
2004-12-29,China,41,1690.57
2004-12-29,Tunisia,42,1686.65
2004-12-29,Russia,43,1679.6
2004-12-29,Oman,44,1662.99
2004-12-29,Saudi Arabia,45,1662.98
2004-12-29,Costa Rica,46,1660.34
2004-12-29,Jersey,47,1655.85
2004-12-29,Jamaica,48,1647.86
2004-12-29,Serbia,49,1646.84
2004-12-29,South Africa,50,1645.93
2004-12-29,Switzerland,51,1645.86
2004-12-29,Israel,52,1641.09
2004-12-29,Uzbekistan,53,1640.57
2004-12-29,Peru,54,1639.52
2004-12-29,Guernsey,55,1639.18
2004-12-29,Guatemala,56,1636.72
2004-12-29,Ecuador,57,1633.87
2004-12-29,Slovenia,58,1633.61
2004-12-29,Ukraine,59,1627.43
2004-12-29,Fiji,60,1623.51
2004-12-29,Solomon Islands,61,1622.64
2004-12-29,Austria,62,1618.56
2004-12-29,Finland,63,1615.75
2004-12-29,Bahrain,64,1615.29
2004-12-29,Qatar,65,1613.4
2004-12-29,Jordan,66,1611.86
2004-12-29,Bosnia and Herzegovina,67,1611.14
2004-12-29,Chile,68,1610.34
2004-12-29,Libya,69,1610.34
2004-12-29,Cuba,70,1609.95
2004-12-29,Catalonia,71,1607.77
2004-12-29,Mali,72,1607.02
2004-12-29,Angola,73,1603.28
2004-12-29,New Zealand,74,1602.7
2004-12-29,Slovakia,75,1602.47
2004-12-29,Trinidad and Tobago,76,1597.64
2004-12-29,Wales,77,1597.41
2004-12-29,Kuwait,78,1596.31
2004-12-29,Honduras,79,1593.75
2004-12-29,Hungary,80,1591.12
2004-12-29,Ynys Môn,81,1589.91
2004-12-29,Belarus,82,1589.4
2004-12-29,Scotland,83,1588.72
2004-12-29,Andalusia,84,1584.72
2004-12-29,Tahiti,85,1580.25
2004-12-29,Zimbabwe,86,1579.42
2004-12-29,Canada,87,1578.93
2004-12-29,Venezuela,88,1576.17
2004-12-29,Guinea,89,1573.31
2004-12-29,Zambia,90,1563.21
2004-12-29,Kernow,91,1561.83
2004-12-29,Togo,92,1560.13
2004-12-29,Isle of Wight,93,1559.45
2004-12-29,Haiti,94,1558.79
2004-12-29,Iraq,95,1556.7
2004-12-29,Panama,96,1554.29
2004-12-29,Gabon,97,1549.07
2004-12-29,Syria,98,1545.95
2004-12-29,Bolivia,99,1543.46
2004-12-29,Gotland,100,1543.41
2004-12-29,North Korea,101,1535.82
2004-12-29,DR Congo,102,1533.8
2004-12-29,Algeria,103,1532.98
2004-12-29,Réunion,104,1530.84
2004-12-29,Gibraltar,105,1529.54
2004-12-29,New Caledonia,106,1526.63
2004-12-29,Ghana,107,1526.48
2004-12-29,Rhodes,108,1526.02
2004-12-29,Åland Islands,109,1521.62
2004-12-29,Isle of Man,110,1521.35
2004-12-29,Northern Ireland,111,1517.74
2004-12-29,Brittany,112,1517.66
2004-12-29,Asturias,113,1517.44
2004-12-29,Iceland,114,1515.55
2004-12-29,North Macedonia,115,1515.16
2004-12-29,United Arab Emirates,116,1514.45
2004-12-29,Kenya,117,1512.68
2004-12-29,Martinique,118,1510.36
2004-12-29,Western Sahara,119,1509.07
2004-12-29,Albania,120,1507.14
2004-12-29,Silesia,121,1505.77
2004-12-29,Corsica,122,1505.42
2004-12-29,Canary Islands,123,1503.6
2004-12-29,Montenegro,124,1502.39
2004-12-29,Central Spain,125,1501.37
2004-12-29,Sealand,126,1501.04
2004-12-29,Vatican City,127,1499.96
2004-12-29,Monaco,128,1499.19
2004-12-29,Galicia,129,1496.46
2004-12-29,Cyprus,130,1494.58
2004-12-29,Tajikistan,131,1490.14
2004-12-29,Vanuatu,132,1489.35
2004-12-29,Thailand,133,1487.29
2004-12-29,Latvia,134,1486.56
2004-12-29,Mayotte,135,1485.39
2004-12-29,Shetland,136,1481.72
2004-12-29,Congo,137,1481.24
2004-12-29,Burkina Faso,138,1480.56
2004-12-29,Sudan,139,1478.82
2004-12-29,Saint Vincent and the Grenadines,140,1477.56
2004-12-29,Lebanon,141,1477.06
2004-12-29,Barbados,142,1476.51
2004-12-29,Turkmenistan,143,1475.35
2004-12-29,Niue,144,1474.97
2004-12-29,Rwanda,145,1474.57
2004-12-29,South Yemen,146,1473.5
2004-12-29,Georgia,147,1471.16
2004-12-29,Guadeloupe,148,1470.42
2004-12-29,Cape Verde,149,1470.04
2004-12-29,Falkland Islands,150,1469.49
2004-12-29,Northern Mariana Islands,151,1469.12
2004-12-29,Ethiopia,152,1467.75
2004-12-29,Provence,153,1464.73
2004-12-29,El Salvador,154,1463.72
2004-12-29,Indonesia,155,1463.53
2004-12-29,North Vietnam,156,1463.0
2004-12-29,Tibet,157,1462.71
2004-12-29,Mauritius,158,1462.26
2004-12-29,Liberia,159,1461.22
2004-12-29,Saint Kitts and Nevis,160,1456.85
2004-12-29,Northern Cyprus,161,1456.06
2004-12-29,Palau,162,1455.82
2004-12-29,Armenia,163,1455.6
2004-12-29,Estonia,164,1452.64
2004-12-29,Manchukuo,165,1451.84
2004-12-29,Sierra Leone,166,1451.73
2004-12-29,Greenland,167,1450.7
2004-12-29,Saarland,168,1449.76
2004-12-29,Frøya,169,1445.04
2004-12-29,Gambia,170,1444.7
2004-12-29,Vietnam,171,1440.48
2004-12-29,Tuvalu,172,1440.32
2004-12-29,Uganda,173,1440.26
2004-12-29,Saint Lucia,174,1438.73
2004-12-29,Sark,175,1437.57
2004-12-29,Grenada,176,1436.32
2004-12-29,Papua New Guinea,177,1433.99
2004-12-29,Niger,178,1431.92
2004-12-29,Saint Martin,179,1430.88
2004-12-29,Botswana,180,1429.86
2004-12-29,Singapore,181,1429.53
2004-12-29,Malaysia,182,1429.5
2004-12-29,Moldova,183,1427.67
2004-12-29,Burundi,184,1425.46
2004-12-29,Mozambique,185,1424.97
2004-12-29,Lithuania,186,1424.12
2004-12-29,Chad,187,1420.07
2004-12-29,Sint Maarten,188,1418.8
2004-12-29,Azerbaijan,189,1417.95
2004-12-29,Vietnam Republic,190,1416.37
2004-12-29,Malawi,191,1415.02
2004-12-29,India,192,1413.87
2004-12-29,Hitra,193,1413.84
2004-12-29,Micronesia,194,1412.66
2004-12-29,Kiribati,195,1411.19
2004-12-29,Suriname,196,1410.44
2004-12-29,Orkney,197,1410.38
2004-12-29,Western Australia,198,1409.92
2004-12-29,Turks and Caicos Islands,199,1407.29
2004-12-29,Curaçao,200,1406.32
2004-12-29,Belize,201,1404.5
2004-12-29,Yemen DPR,202,1400.88
2004-12-29,Madagascar,203,1395.35
2004-12-29,Benin,204,1394.26
2004-12-29,Timor-Leste,205,1392.32
2004-12-29,Kazakhstan,206,1390.62
2004-12-29,Hong Kong,207,1387.81
2004-12-29,Tonga,208,1383.71
2004-12-29,Bahamas,209,1375.69
2004-12-29,Bermuda,210,1373.79
2004-12-29,Palestine,211,1372.47
2004-12-29,Guinea-Bissau,212,1370.0
2004-12-29,Samoa,213,1369.73
2004-12-29,Dominican Republic,214,1366.41
2004-12-29,French Guiana,215,1363.42
2004-12-29,Yemen,216,1359.59
2004-12-29,Myanmar,217,1358.03
2004-12-29,Faroe Islands,218,1357.61
2004-12-29,Lesotho,219,1357.28
2004-12-29,Saare County,220,1352.64
2004-12-29,Wallis Islands and Futuna,221,1346.32
2004-12-29,Eritrea,222,1346.23
2004-12-29,Kyrgyzstan,223,1346.2
2004-12-29,Cayman Islands,224,1343.49
2004-12-29,Antigua and Barbuda,225,1339.96
2004-12-29,Eswatini,226,1339.65
2004-12-29,Cook Islands,227,1338.95
2004-12-29,São Tomé and Príncipe,228,1335.33
2004-12-29,Guyana,229,1334.13
2004-12-29,Equatorial Guinea,230,1333.6
2004-12-29,Seychelles,231,1332.03
2004-12-29,Central African Republic,232,1328.4
2004-12-29,Malta,233,1319.23
2004-12-29,Comoros,234,1317.08
2004-12-29,Dominica,235,1315.23
2004-12-29,Bangladesh,236,1311.3
2004-12-29,Zanzibar,237,1304.68
2004-12-29,Namibia,238,1303.12
2004-12-29,Mauritania,239,1294.65
2004-12-29,Tanzania,240,1292.71
2004-12-29,Andorra,241,1286.97
2004-12-29,British Virgin Islands,242,1284.69
2004-12-29,United States Virgin Islands,243,1274.77
2004-12-29,Sri Lanka,244,1273.99
2004-12-29,Montserrat,245,1269.14
2004-12-29,Mongolia,246,1265.0
2004-12-29,Maldives,247,1253.73
2004-12-29,Afghanistan,248,1252.16
2004-12-29,Aruba,249,1238.61
2004-12-29,Somalia,250,1238.47
2004-12-29,Djibouti,251,1237.62
2004-12-29,Anguilla,252,1232.7
2004-12-29,Nicaragua,253,1232.26
2004-12-29,Liechtenstein,254,1231.62
2004-12-29,Guam,255,1230.1
2004-12-29,Taiwan,256,1225.49
2004-12-29,American Samoa,257,1225.41
2004-12-29,Puerto Rico,258,1205.09
2004-12-29,San Marino,259,1194.56
2004-12-29,Laos,260,1189.86
2004-12-29,Bhutan,261,1187.28
2004-12-29,Nepal,262,1178.14
2004-12-29,Pakistan,263,1169.12
2004-12-29,Macau,264,1168.87
2004-12-29,Alderney,265,1152.6
2004-12-29,Luxembourg,266,1122.41
2004-12-29,Cambodia,267,1120.8
2004-12-29,Brunei,268,1073.39
2004-12-29,Philippines,269,1044.08
2005-12-30,France,1,1909.8
2005-12-30,Spain,2,1883.62
2005-12-30,Brazil,3,1882.17
2005-12-30,England,4,1863.9
2005-12-30,Netherlands,5,1863.41
2005-12-30,Czech Republic,6,1862.84
2005-12-30,Argentina,7,1858.14
2005-12-30,Italy,8,1856.25
2005-12-30,Portugal,9,1841.2
2005-12-30,Germany,10,1829.74
2005-12-30,United States,11,1823.71
2005-12-30,Republic of Ireland,12,1820.24
2005-12-30,Denmark,13,1811.22
2005-12-30,Mexico,14,1804.89
2005-12-30,Iran,15,1799.36
2005-12-30,Poland,16,1798.9
2005-12-30,Australia,17,1798.63
2005-12-30,Sweden,18,1793.27
2005-12-30,Croatia,19,1784.56
2005-12-30,Japan,20,1776.96
2005-12-30,Cameroon,21,1767.93
2005-12-30,Turkey,22,1766.23
2005-12-30,Romania,23,1754.95
2005-12-30,Egypt,24,1753.27
2005-12-30,Greece,25,1751.32
2005-12-30,Tunisia,26,1744.64
2005-12-30,Ivory Coast,27,1735.45
2005-12-30,South Korea,28,1734.86
2005-12-30,Nigeria,29,1734.32
2005-12-30,Paraguay,30,1734.1
2005-12-30,Yugoslavia,31,1732.26
2005-12-30,Basque Country,32,1727.61
2005-12-30,Norway,33,1725.93
2005-12-30,Switzerland,34,1722.87
2005-12-30,Uruguay,35,1721.82
2005-12-30,Morocco,36,1717.15
2005-12-30,Senegal,37,1709.25
2005-12-30,Bulgaria,38,1709.14
2005-12-30,Czechoslovakia,39,1705.97
2005-12-30,Colombia,40,1703.22
2005-12-30,German DR,41,1699.83
2005-12-30,Belgium,42,1696.37
2005-12-30,Ukraine,43,1692.35
2005-12-30,Jamaica,44,1681.93
2005-12-30,Serbia,45,1681.71
2005-12-30,Russia,46,1677.65
2005-12-30,Costa Rica,47,1672.89
2005-12-30,Israel,48,1672.19
2005-12-30,Ecuador,49,1665.82
2005-12-30,Honduras,50,1658.13
2005-12-30,China,51,1655.84
2005-12-30,Guernsey,52,1655.19
2005-12-30,Saudi Arabia,53,1646.72
2005-12-30,Peru,54,1643.53
2005-12-30,Slovakia,55,1640.65
2005-12-30,Fiji,56,1636.1
2005-12-30,Jersey,57,1634.38
2005-12-30,Scotland,58,1633.14
2005-12-30,Chile,59,1632.52
2005-12-30,Trinidad and Tobago,60,1630.85
2005-12-30,Oman,61,1628.29
2005-12-30,Togo,62,1623.78
2005-12-30,Finland,63,1622.52
2005-12-30,Austria,64,1620.0
2005-12-30,Uzbekistan,65,1616.57
2005-12-30,Catalonia,66,1613.58
2005-12-30,Ghana,67,1606.94
2005-12-30,Andalusia,68,1604.83
2005-12-30,Solomon Islands,69,1604.34
2005-12-30,Qatar,70,1604.2
2005-12-30,Iraq,71,1601.72
2005-12-30,South Africa,72,1599.57
2005-12-30,Angola,73,1598.81
2005-12-30,Guatemala,74,1598.27
2005-12-30,Zambia,75,1597.83
2005-12-30,Bosnia and Herzegovina,76,1596.73
2005-12-30,New Zealand,77,1595.31
2005-12-30,Bahrain,78,1595.19
2005-12-30,Mali,79,1592.69
2005-12-30,Slovenia,80,1592.59
2005-12-30,Cuba,81,1588.6
2005-12-30,Ynys Môn,82,1582.47
2005-12-30,Kernow,83,1582.0
2005-12-30,Belarus,84,1581.3
2005-12-30,Tahiti,85,1580.25
2005-12-30,Hungary,86,1574.61
2005-12-30,Zimbabwe,87,1572.99
2005-12-30,Wales,88,1572.17
2005-12-30,Canada,89,1568.8
2005-12-30,Guinea,90,1567.67
2005-12-30,Kuwait,91,1565.85
2005-12-30,Venezuela,92,1562.7
2005-12-30,Libya,93,1561.59
2005-12-30,Isle of Wight,94,1559.45
2005-12-30,United Arab Emirates,95,1558.33
2005-12-30,Jordan,96,1550.44
2005-12-30,North Korea,97,1545.43
2005-12-30,Syria,98,1544.76
2005-12-30,Gibraltar,99,1544.18
2005-12-30,Gotland,100,1543.41
2005-12-30,Isle of Man,101,1538.65
2005-12-30,DR Congo,102,1536.91
2005-12-30,Haiti,103,1533.82
2005-12-30,Cyprus,104,1532.63
2005-12-30,Bolivia,105,1528.06
2005-12-30,New Caledonia,106,1526.63
2005-12-30,Rhodes,107,1526.02
2005-12-30,Algeria,108,1525.73
2005-12-30,Western Isles,109,1523.51
2005-12-30,Galicia,110,1522.36
2005-12-30,Ethiopia,111,1520.35
2005-12-30,Brittany,112,1517.66
2005-12-30,Asturias,113,1517.44
2005-12-30,Shetland,114,1516.43
2005-12-30,Iceland,115,1511.89
2005-12-30,Albania,116,1511.87
2005-12-30,Gabon,117,1511.69
2005-12-30,Martinique,118,1510.36
2005-12-30,Western Sahara,119,1509.07
2005-12-30,Northern Ireland,120,1508.48
2005-12-30,North Macedonia,121,1507.91
2005-12-30,Réunion,122,1507.6
2005-12-30,Silesia,123,1505.77
2005-12-30,Singapore,124,1505.52
2005-12-30,Corsica,125,1505.42
2005-12-30,Canary Islands,126,1503.6
2005-12-30,Monaco,127,1502.73
2005-12-30,Montenegro,128,1502.39
2005-12-30,Central Spain,129,1501.37
2005-12-30,Sealand,130,1501.04
2005-12-30,Vatican City,131,1499.96
2005-12-30,Ambazonia,132,1499.26
2005-12-30,Panama,133,1498.81
2005-12-30,Åland Islands,134,1498.27
2005-12-30,Occitania,135,1497.82
2005-12-30,Vanuatu,136,1489.35
2005-12-30,Tajikistan,137,1488.25
2005-12-30,Latvia,138,1487.63
2005-12-30,Mayotte,139,1485.39
2005-12-30,Chechnya,140,1484.73
2005-12-30,Sierra Leone,141,1483.36
2005-12-30,Kenya,142,1480.11
2005-12-30,Georgia,143,1478.43
2005-12-30,Saint Vincent and the Grenadines,144,1477.56
2005-12-30,Estonia,145,1476.8
2005-12-30,Guadeloupe,146,1476.13
2005-12-30,Niue,147,1474.97
2005-12-30,South Yemen,148,1473.5
2005-12-30,Thailand,149,1473.16
2005-12-30,Mauritius,150,1470.33
2005-12-30,Northern Mariana Islands,151,1469.12
2005-12-30,Burkina Faso,152,1467.33
2005-12-30,Lebanon,153,1466.68
2005-12-30,Congo,154,1465.01
2005-12-30,Provence,155,1464.73
2005-12-30,North Vietnam,156,1463.0
2005-12-30,Barbados,157,1462.87
2005-12-30,Tibet,158,1462.71
2005-12-30,Uganda,159,1461.56
2005-12-30,Sudan,160,1458.83
2005-12-30,Mozambique,161,1458.34
2005-12-30,Turkmenistan,162,1457.76
2005-12-30,Rwanda,163,1457.48
2005-12-30,Saint Kitts and Nevis,164,1456.85
2005-12-30,Northern Cyprus,165,1456.06
2005-12-30,Palau,166,1455.82
2005-12-30,Manchukuo,167,1451.84
2005-12-30,Malawi,168,1451.31
2005-12-30,Saarland,169,1449.76
2005-12-30,Greenland,170,1448.08
2005-12-30,Frøya,171,1445.04
2005-12-30,Lithuania,172,1443.86
2005-12-30,Armenia,173,1443.74
2005-12-30,Indonesia,174,1440.81
2005-12-30,Vietnam,175,1440.48
2005-12-30,Tuvalu,176,1440.32
2005-12-30,Saint Lucia,177,1438.73
2005-12-30,Sark,178,1437.57
2005-12-30,El Salvador,179,1436.83
2005-12-30,Papua New Guinea,180,1433.99
2005-12-30,Moldova,181,1433.91
2005-12-30,Niger,182,1431.92
2005-12-30,Saint Martin,183,1430.88
2005-12-30,Botswana,184,1428.2
2005-12-30,Cape Verde,185,1426.24
2005-12-30,Grenada,186,1422.16
2005-12-30,Gambia,187,1420.11
2005-12-30,Falkland Islands,188,1419.25
2005-12-30,Sint Maarten,189,1418.8
2005-12-30,Vietnam Republic,190,1416.37
2005-12-30,Hitra,191,1413.84
2005-12-30,Micronesia,192,1412.66
2005-12-30,Chad,193,1411.32
2005-12-30,Kiribati,194,1411.19
2005-12-30,India,195,1410.72
2005-12-30,Suriname,196,1410.44
2005-12-30,Western Australia,197,1409.92
2005-12-30,Turks and Caicos Islands,198,1407.29
2005-12-30,Curaçao,199,1406.32
2005-12-30,Benin,200,1402.56
2005-12-30,Madagascar,201,1402.21
2005-12-30,Hong Kong,202,1402.13
2005-12-30,Malaysia,203,1401.52
2005-12-30,Yemen DPR,204,1400.88
2005-12-30,Liberia,205,1398.4
2005-12-30,Timor-Leste,206,1392.32
2005-12-30,Orkney,207,1390.27
2005-12-30,Tonga,208,1383.71
2005-12-30,Guinea-Bissau,209,1383.54
2005-12-30,Bahamas,210,1375.69
2005-12-30,Samoa,211,1369.73
2005-12-30,Guyana,212,1369.54
2005-12-30,French Guiana,213,1369.25
2005-12-30,Azerbaijan,214,1368.09
2005-12-30,Saare County,215,1368.0
2005-12-30,Burundi,216,1367.92
2005-12-30,Belize,217,1367.11
2005-12-30,Dominican Republic,218,1366.41
2005-12-30,Palestine,219,1359.79
2005-12-30,Yemen,220,1359.59
2005-12-30,Bermuda,221,1358.45
2005-12-30,Kazakhstan,222,1353.99
2005-12-30,Eswatini,223,1348.34
2005-12-30,Antigua and Barbuda,224,1348.25
2005-12-30,Tanzania,225,1347.0
2005-12-30,Wallis Islands and Futuna,226,1346.32
2005-12-30,Kyrgyzstan,227,1346.2
2005-12-30,Cayman Islands,228,1343.49
2005-12-30,Cook Islands,229,1338.95
2005-12-30,Bangladesh,230,1338.63
2005-12-30,São Tomé and Príncipe,231,1335.33
2005-12-30,Malta,232,1333.92
2005-12-30,Equatorial Guinea,233,1333.6
2005-12-30,Faroe Islands,234,1332.95
2005-12-30,Myanmar,235,1332.45
2005-12-30,Zanzibar,236,1331.36
2005-12-30,Central African Republic,237,1328.4
2005-12-30,Seychelles,238,1327.67
2005-12-30,Namibia,239,1326.34
2005-12-30,Comoros,240,1317.08
2005-12-30,Eritrea,241,1304.28
2005-12-30,Lesotho,242,1300.43
2005-12-30,Mauritania,243,1294.65
2005-12-30,Dominica,244,1286.97
2005-12-30,British Virgin Islands,245,1284.69
2005-12-30,Andorra,246,1283.88
2005-12-30,United States Virgin Islands,247,1274.77
2005-12-30,Maldives,248,1270.95
2005-12-30,Montserrat,249,1269.14
2005-12-30,Mongolia,250,1263.74
2005-12-30,Nicaragua,251,1249.06
2005-12-30,Aruba,252,1238.61
2005-12-30,Somalia,253,1233.41
2005-12-30,Anguilla,254,1232.7
2005-12-30,Liechtenstein,255,1230.56
2005-12-30,Afghanistan,256,1230.41
2005-12-30,Taiwan,257,1225.49
2005-12-30,American Samoa,258,1225.41
2005-12-30,Sri Lanka,259,1222.01
2005-12-30,Pakistan,260,1217.49
2005-12-30,Guam,261,1202.4
2005-12-30,Djibouti,262,1202.36
2005-12-30,Puerto Rico,263,1199.38
2005-12-30,Laos,264,1189.86
2005-12-30,San Marino,265,1184.78
2005-12-30,Nepal,266,1177.23
2005-12-30,Macau,267,1162.04
2005-12-30,Bhutan,268,1152.82
2005-12-30,Alderney,269,1150.77
2005-12-30,Cambodia,270,1117.59
2005-12-30,Luxembourg,271,1098.87
2005-12-30,Brunei,272,1073.39
2005-12-30,Philippines,273,1044.08
2006-12-30,France,1,1950.42
2006-12-30,Brazil,2,1940.82
2006-12-30,Netherlands,3,1902.32
2006-12-30,Germany,4,1901.05
2006-12-30,England,5,1882.24
2006-12-30,Italy,6,1875.77
2006-12-30,Argentina,7,1849.43
2006-12-30,Spain,8,1844.99
2006-12-30,Czech Republic,9,1838.67
2006-12-30,Denmark,10,1830.6
2006-12-30,Portugal,11,1824.77
2006-12-30,Croatia,12,1812.82
2006-12-30,Romania,13,1792.61
2006-12-30,Iran,14,1789.22
2006-12-30,United States,15,1788.74
2006-12-30,Australia,16,1787.25
2006-12-30,Mexico,17,1783.55
2006-12-30,Cameroon,18,1778.35
2006-12-30,Nigeria,19,1766.76
2006-12-30,Republic of Ireland,20,1765.1
2006-12-30,Switzerland,21,1762.53
2006-12-30,Sweden,22,1761.31
2006-12-30,Ivory Coast,23,1760.89
2006-12-30,Turkey,24,1756.04
2006-12-30,Greece,25,1754.06
2006-12-30,Egypt,26,1753.51
2006-12-30,Poland,27,1748.93
2006-12-30,Ukraine,28,1740.21
2006-12-30,Colombia,29,1737.02
2006-12-30,Japan,30,1733.78
2006-12-30,Yugoslavia,31,1732.26
2006-12-30,Uruguay,32,1720.56
2006-12-30,Chile,33,1718.86
2006-12-30,Basque Country,34,1718.76
2006-12-30,Bulgaria,35,1714.09
2006-12-30,Ghana,36,1710.82
2006-12-30,Slovakia,37,1708.47
2006-12-30,Russia,38,1707.66
2006-12-30,Morocco,39,1706.41
2006-12-30,Czechoslovakia,40,1705.97
2006-12-30,Serbia,41,1704.33
2006-12-30,South Korea,42,1703.93
2006-12-30,Norway,43,1702.03
2006-12-30,German DR,44,1699.83
2006-12-30,Paraguay,45,1699.19
2006-12-30,Tunisia,46,1698.76
2006-12-30,Senegal,47,1685.11
2006-12-30,Honduras,48,1684.37
2006-12-30,Belgium,49,1678.63
2006-12-30,Scotland,50,1673.75
2006-12-30,Jamaica,51,1670.34
2006-12-30,Israel,52,1661.27
2006-12-30,Saudi Arabia,53,1659.22
2006-12-30,Jersey,54,1653.11
2006-12-30,Mali,55,1649.77
2006-12-30,Ecuador,56,1647.96
2006-12-30,Oman,57,1647.01
2006-12-30,Qatar,58,1646.14
2006-12-30,Guernsey,59,1638.32
2006-12-30,Fiji,60,1636.1
2006-12-30,Catalonia,61,1635.93
2006-12-30,Cuba,62,1635.23
2006-12-30,China,63,1619.8
2006-12-30,Finland,64,1619.28
2006-12-30,Wales,65,1614.56
2006-12-30,Uzbekistan,66,1614.11
2006-12-30,Peru,67,1613.63
2006-12-30,Zambia,68,1613.18
2006-12-30,Angola,69,1610.17
2006-12-30,Austria,70,1607.29
2006-12-30,Andalusia,71,1604.83
2006-12-30,Solomon Islands,72,1604.34
2006-12-30,Guinea,73,1604.04
2006-12-30,Venezuela,74,1599.67
2006-12-30,Iraq,75,1598.64
2006-12-30,Costa Rica,76,1596.99
2006-12-30,Kuwait,77,1589.95
2006-12-30,Hungary,78,1586.71
2006-12-30,Canada,79,1584.14
2006-12-30,Ynys Môn,80,1582.47
2006-12-30,Kernow,81,1582.0
2006-12-30,South Africa,82,1580.58
2006-12-30,Tahiti,83,1580.25
2006-12-30,Trinidad and Tobago,84,1579.64
2006-12-30,Slovenia,85,1579.07
2006-12-30,Jordan,86,1578.1
2006-12-30,United Arab Emirates,87,1572.78
2006-12-30,New Zealand,88,1568.97
2006-12-30,Northern Cyprus,89,1568.42
2006-12-30,Northern Ireland,90,1564.46
2006-12-30,North Macedonia,91,1564.33
2006-12-30,Sápmi,92,1561.02
2006-12-30,Bosnia and Herzegovina,93,1559.97
2006-12-30,Isle of Wight,94,1559.45
2006-12-30,Bahrain,95,1550.36
2006-12-30,Belarus,96,1549.83
2006-12-30,Gibraltar,97,1549.18
2006-12-30,Gotland,98,1543.41
2006-12-30,Cyprus,99,1541.11
2006-12-30,Bolivia,100,1539.18
2006-12-30,Isle of Man,101,1538.65
2006-12-30,Martinique,102,1538.2
2006-12-30,North Korea,103,1537.12
2006-12-30,Zimbabwe,104,1535.29
2006-12-30,Thailand,105,1533.26
2006-12-30,Guatemala,106,1533.11
2006-12-30,Ethiopia,107,1532.62
2006-12-30,Galicia,108,1528.14
2006-12-30,New Caledonia,109,1526.63
2006-12-30,Rhodes,110,1526.02
2006-12-30,Syria,111,1525.35
2006-12-30,Guadeloupe,112,1524.51
2006-12-30,DR Congo,113,1524.42
2006-12-30,Western Isles,114,1523.51
2006-12-30,Réunion,115,1522.58
2006-12-30,Gabon,116,1521.32
2006-12-30,Panama,117,1518.42
2006-12-30,Brittany,118,1517.66
2006-12-30,Asturias,119,1517.44
2006-12-30,Algeria,120,1517.12
2006-12-30,Kosovo,121,1516.82
2006-12-30,Shetland,122,1516.43
2006-12-30,Silesia,123,1515.73
2006-12-30,Togo,124,1514.86
2006-12-30,Guyana,125,1512.51
2006-12-30,Libya,126,1509.97
2006-12-30,Western Sahara,127,1509.07
2006-12-30,Crimea,128,1507.28
2006-12-30,Haiti,129,1506.06
2006-12-30,Corsica,130,1505.42
2006-12-30,Canary Islands,131,1503.6
2006-12-30,Montenegro,132,1502.39
2006-12-30,Iceland,133,1501.5
2006-12-30,Central Spain,134,1501.37
2006-12-30,Sealand,135,1501.04
2006-12-30,Monaco,136,1500.77
2006-12-30,Vatican City,137,1499.96
2006-12-30,Åland Islands,138,1498.27
2006-12-30,Occitania,139,1498.18
2006-12-30,Saint Vincent and the Grenadines,140,1494.64
2006-12-30,Georgia,141,1492.9
2006-12-30,Albania,142,1491.71
2006-12-30,Barbados,143,1490.75
2006-12-30,Lebanon,144,1490.22
2006-12-30,Vanuatu,145,1489.35
2006-12-30,Burkina Faso,146,1488.24
2006-12-30,Lithuania,147,1484.6
2006-12-30,Uganda,148,1483.62
2006-12-30,Republic of St. Pauli,149,1478.8
2006-12-30,Niue,150,1474.97
2006-12-30,Congo,151,1473.77
2006-12-30,South Yemen,152,1473.5
2006-12-30,Estonia,153,1471.83
2006-12-30,Mayotte,154,1470.41
2006-12-30,Chechnya,155,1469.56
2006-12-30,Sudan,156,1469.51
2006-12-30,Northern Mariana Islands,157,1469.12
2006-12-30,Sierra Leone,158,1468.78
2006-12-30,Botswana,159,1465.95
2006-12-30,Tanzania,160,1465.36
2006-12-30,Provence,161,1464.73
2006-12-30,Latvia,162,1463.92
2006-12-30,North Vietnam,163,1463.0
2006-12-30,Turkmenistan,164,1457.76
2006-12-30,Tajikistan,165,1456.42
2006-12-30,Palau,166,1455.82
2006-12-30,Saint Kitts and Nevis,167,1455.52
2006-12-30,Găgăuzia,168,1453.55
2006-12-30,Manchukuo,169,1451.84
2006-12-30,Saarland,170,1449.76
2006-12-30,Malawi,171,1448.95
2006-12-30,Frøya,172,1445.04
2006-12-30,Vietnam,173,1444.53
2006-12-30,Moldova,174,1440.8
2006-12-30,Tuvalu,175,1440.32
2006-12-30,Mozambique,176,1439.89
2006-12-30,Ambazonia,177,1438.2
2006-12-30,Sark,178,1437.57
2006-12-30,Papua New Guinea,179,1433.99
2006-12-30,Niger,180,1433.41
2006-12-30,Indonesia,181,1433.22
2006-12-30,Cape Verde,182,1432.5
2006-12-30,Singapore,183,1424.7
2006-12-30,Gambia,184,1424.23
2006-12-30,Rwanda,185,1423.17
2006-12-30,Kenya,186,1422.52
2006-12-30,Falkland Islands,187,1419.25
2006-12-30,Sint Maarten,188,1418.8
2006-12-30,Vietnam Republic,189,1416.37
2006-12-30,Armenia,190,1415.97
2006-12-30,Hitra,191,1413.84
2006-12-30,Suriname,192,1412.85
2006-12-30,El Salvador,193,1412.67
2006-12-30,Micronesia,194,1412.66
2006-12-30,Kiribati,195,1411.19
2006-12-30,Hong Kong,196,1410.71
2006-12-30,Western Australia,197,1409.92
2006-12-30,Greenland,198,1409.52
2006-12-30,Mauritius,199,1408.52
2006-12-30,Bermuda,200,1405.98
2006-12-30,Yemen DPR,201,1400.88
2006-12-30,Liberia,202,1398.71
2006-12-30,Tibet,203,1398.67
2006-12-30,Benin,204,1394.99
2006-12-30,Turks and Caicos Islands,205,1394.44
2006-12-30,Grenada,206,1393.65
2006-12-30,Chad,207,1390.61
2006-12-30,Orkney,208,1390.27
2006-12-30,Yemen,209,1388.04
2006-12-30,Kazakhstan,210,1387.28
2006-12-30,Burundi,211,1386.85
2006-12-30,Palestine,212,1386.44
2006-12-30,Saint Martin,213,1386.34
2006-12-30,Tonga,214,1383.71
2006-12-30,Guinea-Bissau,215,1383.54
2006-12-30,Azerbaijan,216,1379.91
2006-12-30,Malaysia,217,1378.37
2006-12-30,Curaçao,218,1377.75
2006-12-30,Myanmar,219,1375.46
2006-12-30,Bahamas,220,1371.72
2006-12-30,Samoa,221,1369.73
2006-12-30,French Guiana,222,1369.25
2006-12-30,Saare County,223,1368.0
2006-12-30,Equatorial Guinea,224,1367.99
2006-12-30,Belize,225,1367.11
2006-12-30,Saint Lucia,226,1365.18
2006-12-30,Seychelles,227,1364.74
2006-12-30,Zanzibar,228,1363.71
2006-12-30,Madagascar,229,1359.67
2006-12-30,Kyrgyzstan,230,1356.85
2006-12-30,India,231,1354.73
2006-12-30,Namibia,232,1352.26
2006-12-30,Wallis Islands and Futuna,233,1346.32
2006-12-30,Dominican Republic,234,1345.68
2006-12-30,Cook Islands,235,1338.95
2006-12-30,São Tomé and Príncipe,236,1335.33
2006-12-30,Central African Republic,237,1328.4
2006-12-30,Eritrea,238,1326.83
2006-12-30,Malta,239,1326.57
2006-12-30,Antigua and Barbuda,240,1323.31
2006-12-30,Eswatini,241,1317.71
2006-12-30,Comoros,242,1314.18
2006-12-30,Cayman Islands,243,1311.03
2006-12-30,Faroe Islands,244,1306.45
2006-12-30,Bangladesh,245,1304.29
2006-12-30,Mauritania,246,1294.1
2006-12-30,Lesotho,247,1291.47
2006-12-30,Timor-Leste,248,1290.62
2006-12-30,British Virgin Islands,249,1284.69
2006-12-30,Maldives,250,1270.95
2006-12-30,Montserrat,251,1269.14
2006-12-30,Andorra,252,1268.08
2006-12-30,Mongolia,253,1263.74
2006-12-30,Dominica,254,1258.06
2006-12-30,United States Virgin Islands,255,1249.81
2006-12-30,Nicaragua,256,1249.06
2006-12-30,Sri Lanka,257,1245.06
2006-12-30,Aruba,258,1238.61
2006-12-30,Laos,259,1229.87
2006-12-30,American Samoa,260,1225.41
2006-12-30,Afghanistan,261,1222.22
2006-12-30,Liechtenstein,262,1214.17
2006-12-30,Taiwan,263,1213.71
2006-12-30,Anguilla,264,1209.43
2006-12-30,Pakistan,265,1203.02
2006-12-30,Puerto Rico,266,1199.38
2006-12-30,Somalia,267,1187.66
2006-12-30,San Marino,268,1177.88
2006-12-30,Nepal,269,1177.45
2006-12-30,Djibouti,270,1168.56
2006-12-30,Guam,271,1164.95
2006-12-30,Alderney,272,1148.91
2006-12-30,Macau,273,1148.04
2006-12-30,Cambodia,274,1133.32
2006-12-30,Bhutan,275,1124.29
2006-12-30,Luxembourg,276,1118.44
2006-12-30,Philippines,277,1103.19
2006-12-30,Brunei,278,1087.08
2007-12-29,Brazil,1,1947.37
2007-12-29,Germany,2,1908.21
2007-12-29,France,3,1907.94
2007-12-29,Spain,4,1898.84
2007-12-29,Italy,5,1892.3
2007-12-29,Argentina,6,1884.25
2007-12-29,Czech Republic,7,1869.62
2007-12-29,Netherlands,8,1865.11
2007-12-29,Croatia,9,1846.35
2007-12-29,England,10,1837.42
2007-12-29,Romania,11,1824.71
2007-12-29,Portugal,12,1821.96
2007-12-29,Colombia,13,1816.8
2007-12-29,United States,14,1791.56
2007-12-29,Iran,15,1791.39
2007-12-29,Japan,16,1784.46
2007-12-29,Denmark,17,1778.62
2007-12-29,Mexico,18,1774.03
2007-12-29,Republic of Ireland,19,1765.86
2007-12-29,Greece,20,1761.61
2007-12-29,Australia,21,1756.73
2007-12-29,Switzerland,22,1745.33
2007-12-29,Saudi Arabia,23,1740.36
2007-12-29,Nigeria,24,1736.91
2007-12-29,Yugoslavia,25,1732.26
2007-12-29,Bulgaria,26,1732.16
2007-12-29,Ivory Coast,27,1730.82
2007-12-29,Sweden,28,1730.5
2007-12-29,Ghana,29,1728.12
2007-12-29,Egypt,30,1728.07
2007-12-29,Morocco,31,1727.47
2007-12-29,Basque Country,32,1727.15
2007-12-29,Poland,33,1727.04
2007-12-29,Uruguay,34,1726.81
2007-12-29,Cameroon,35,1723.39
2007-12-29,Paraguay,36,1720.21
2007-12-29,Russia,37,1719.91
2007-12-29,Turkey,38,1716.43
2007-12-29,Scotland,39,1714.99
2007-12-29,Chile,40,1712.65
2007-12-29,Norway,41,1712.22
2007-12-29,Czechoslovakia,42,1705.97
2007-12-29,South Korea,43,1705.29
2007-12-29,Senegal,44,1703.15
2007-12-29,German DR,45,1699.83
2007-12-29,Ukraine,46,1696.87
2007-12-29,Israel,47,1695.18
2007-12-29,Tunisia,48,1694.84
2007-12-29,Serbia,49,1688.18
2007-12-29,Jersey,50,1675.74
2007-12-29,Venezuela,51,1664.96
2007-12-29,Slovakia,52,1663.98
2007-12-29,Honduras,53,1661.05
2007-12-29,Finland,54,1646.65
2007-12-29,Wales,55,1646.59
2007-12-29,Belgium,56,1645.32
2007-12-29,Catalonia,57,1640.22
2007-12-29,Guernsey,58,1638.19
2007-12-29,Mali,59,1635.04
2007-12-29,Oman,60,1628.76
2007-12-29,Costa Rica,61,1623.21
2007-12-29,Guinea,62,1621.81
2007-12-29,New Caledonia,63,1620.62
2007-12-29,Andalusia,64,1620.0
2007-12-29,Iraq,65,1617.16
2007-12-29,Jamaica,66,1614.95
2007-12-29,China,67,1614.86
2007-12-29,Peru,68,1612.31
2007-12-29,Thailand,69,1610.56
2007-12-29,Ecuador,70,1608.62
2007-12-29,Austria,71,1608.0
2007-12-29,Fiji,72,1607.28
2007-12-29,Solomon Islands,73,1599.14
2007-12-29,Haiti,74,1599.01
2007-12-29,Canada,75,1592.67
2007-12-29,New Zealand,76,1592.24
2007-12-29,Gibraltar,77,1591.23
2007-12-29,Kernow,78,1584.65
2007-12-29,South Africa,79,1581.91
2007-12-29,Northern Ireland,80,1581.5
2007-12-29,Jordan,81,1581.36
2007-12-29,Hungary,82,1581.29
2007-12-29,Qatar,83,1576.18
2007-12-29,Cyprus,84,1574.8
2007-12-29,North Macedonia,85,1573.04
2007-12-29,Kuwait,86,1572.75
2007-12-29,Zambia,87,1571.54
2007-12-29,Syria,88,1570.11
2007-12-29,United Arab Emirates,89,1566.83
2007-12-29,Slovenia,90,1565.23
2007-12-29,Panama,91,1565.17
2007-12-29,Sápmi,92,1561.02
2007-12-29,Isle of Wight,93,1559.45
2007-12-29,Uzbekistan,94,1557.29
2007-12-29,Cuba,95,1552.22
2007-12-29,Tahiti,96,1551.47
2007-12-29,Belarus,97,1551.41
2007-12-29,Angola,98,1550.39
2007-12-29,Sudan,99,1549.33
2007-12-29,Ynys Môn,100,1548.79
2007-12-29,North Korea,101,1548.79
2007-12-29,Gabon,102,1548.66
2007-12-29,Western Isles,103,1548.59
2007-12-29,Rhodes,104,1548.11
2007-12-29,Togo,105,1546.62
2007-12-29,Bahrain,106,1544.52
2007-12-29,Northern Cyprus,107,1543.95
2007-12-29,Guadeloupe,108,1541.09
2007-12-29,Isle of Man,109,1538.65
2007-12-29,Lithuania,110,1536.79
2007-12-29,Galicia,111,1536.57
2007-12-29,Martinique,112,1536.31
2007-12-29,Bosnia and Herzegovina,113,1536.19
2007-12-29,Trinidad and Tobago,114,1536.16
2007-12-29,Guyana,115,1533.15
2007-12-29,Bolivia,116,1529.44
2007-12-29,Guatemala,117,1524.15
2007-12-29,Canary Islands,118,1522.59
2007-12-29,Algeria,119,1519.82
2007-12-29,Georgia,120,1518.6
2007-12-29,Brittany,121,1517.66
2007-12-29,Montenegro,122,1517.66
2007-12-29,Asturias,123,1517.44
2007-12-29,Kosovo,124,1516.82
2007-12-29,Shetland,125,1516.43
2007-12-29,Silesia,126,1515.73
2007-12-29,Gotland,127,1514.35
2007-12-29,Romani people,128,1513.18
2007-12-29,DR Congo,129,1512.27
2007-12-29,Western Sahara,130,1509.07
2007-12-29,Tanzania,131,1507.31
2007-12-29,Crimea,132,1507.28
2007-12-29,Menorca,133,1507.05
2007-12-29,Corsica,134,1505.42
2007-12-29,Åland Islands,135,1501.92
2007-12-29,Zimbabwe,136,1501.47
2007-12-29,Central Spain,137,1501.37
2007-12-29,Sealand,138,1501.04
2007-12-29,Monaco,139,1500.77
2007-12-29,Vatican City,140,1499.96
2007-12-29,Occitania,141,1498.18
2007-12-29,Albania,142,1497.45
2007-12-29,Vanuatu,143,1494.07
2007-12-29,Moldova,144,1493.14
2007-12-29,Mozambique,145,1492.82
2007-12-29,Congo,146,1492.75
2007-12-29,Singapore,147,1487.91
2007-12-29,Uganda,148,1480.32
2007-12-29,Botswana,149,1479.66
2007-12-29,Republic of St. Pauli,150,1478.8
2007-12-29,Lebanon,151,1478.45
2007-12-29,Réunion,152,1476.31
2007-12-29,Niue,153,1474.97
2007-12-29,Ethiopia,154,1474.12
2007-12-29,South Yemen,155,1473.5
2007-12-29,Vietnam,156,1472.96
2007-12-29,Barbados,157,1470.18
2007-12-29,Chechnya,158,1469.56
2007-12-29,Saint Vincent and the Grenadines,159,1469.2
2007-12-29,Iceland,160,1467.88
2007-12-29,Provence,161,1464.73
2007-12-29,North Vietnam,162,1463.0
2007-12-29,Libya,163,1462.62
2007-12-29,Benin,164,1457.21
2007-12-29,Turkmenistan,165,1455.98
2007-12-29,Palau,166,1455.82
2007-12-29,Rwanda,167,1455.75
2007-12-29,Găgăuzia,168,1453.55
2007-12-29,Manchukuo,169,1451.84
2007-12-29,Indonesia,170,1450.66
2007-12-29,Saarland,171,1449.76
2007-12-29,Armenia,172,1444.93
2007-12-29,Latvia,173,1442.24
2007-12-29,Estonia,174,1441.67
2007-12-29,Sark,175,1437.57
2007-12-29,Kenya,176,1436.38
2007-12-29,Saint Kitts and Nevis,177,1435.6
2007-12-29,Kazakhstan,178,1434.14
2007-12-29,Mayotte,179,1433.41
2007-12-29,Burkina Faso,180,1433.13
2007-12-29,Gambia,181,1430.94
2007-12-29,El Salvador,182,1430.33
2007-12-29,Madagascar,183,1429.05
2007-12-29,Papua New Guinea,184,1425.26
2007-12-29,Ambazonia,185,1425.01
2007-12-29,Azerbaijan,186,1421.43
2007-12-29,Tajikistan,187,1419.74
2007-12-29,Frøya,188,1419.25
2007-12-29,Falkland Islands,189,1419.25
2007-12-29,Sint Maarten,190,1418.8
2007-12-29,Vietnam Republic,191,1416.37
2007-12-29,Northern Mariana Islands,192,1416.0
2007-12-29,Zanzibar,193,1415.85
2007-12-29,Cape Verde,194,1415.45
2007-12-29,Hitra,195,1413.84
2007-12-29,Suriname,196,1412.85
2007-12-29,Micronesia,197,1412.66
2007-12-29,Kiribati,198,1411.19
2007-12-29,Western Australia,199,1409.92
2007-12-29,Greenland,200,1409.52
2007-12-29,Tuvalu,201,1406.95
2007-12-29,Niger,202,1405.47
2007-12-29,Chad,203,1403.08
2007-12-29,Malawi,204,1402.98
2007-12-29,Equatorial Guinea,205,1402.01
2007-12-29,Hong Kong,206,1401.37
2007-12-29,Yemen DPR,207,1400.88
2007-12-29,Myanmar,208,1397.79
2007-12-29,Burundi,209,1396.88
2007-12-29,Sierra Leone,210,1395.92
2007-12-29,India,211,1395.37
2007-12-29,Turks and Caicos Islands,212,1394.44
2007-12-29,Grenada,213,1393.65
2007-12-29,Guinea-Bissau,214,1391.94
2007-12-29,Orkney,215,1390.27
2007-12-29,Namibia,216,1386.05
2007-12-29,Yemen,217,1382.14
2007-12-29,Bermuda,218,1380.26
2007-12-29,Samoa,219,1379.4
2007-12-29,Curaçao,220,1377.75
2007-12-29,Liberia,221,1376.13
2007-12-29,Tibet,222,1372.14
2007-12-29,Bahamas,223,1371.72
2007-12-29,Saint Martin,224,1365.79
2007-12-29,Saint Lucia,225,1365.18
2007-12-29,Palestine,226,1364.25
2007-12-29,Mauritius,227,1361.77
2007-12-29,French Guiana,228,1360.25
2007-12-29,Tonga,229,1359.73
2007-12-29,Malaysia,230,1355.73
2007-12-29,Eritrea,231,1354.16
2007-12-29,Wallis Islands and Futuna,232,1346.32
2007-12-29,Dominican Republic,233,1345.68
2007-12-29,Seychelles,234,1344.89
2007-12-29,Kyrgyzstan,235,1340.19
2007-12-29,Cook Islands,236,1339.8
2007-12-29,Saare County,237,1336.75
2007-12-29,Antigua and Barbuda,238,1335.73
2007-12-29,São Tomé and Príncipe,239,1335.33
2007-12-29,Central African Republic,240,1328.4
2007-12-29,Mauritania,241,1325.01
2007-12-29,Belize,242,1323.96
2007-12-29,Eswatini,243,1316.75
2007-12-29,Cayman Islands,244,1311.03
2007-12-29,British Virgin Islands,245,1305.24
2007-12-29,Malta,246,1301.94
2007-12-29,Lesotho,247,1300.03
2007-12-29,Comoros,248,1285.41
2007-12-29,Faroe Islands,249,1280.37
2007-12-29,Maldives,250,1279.7
2007-12-29,Montserrat,251,1269.14
2007-12-29,Timor-Leste,252,1268.74
2007-12-29,Dominica,253,1261.93
2007-12-29,Mongolia,254,1256.27
2007-12-29,Liechtenstein,255,1256.19
2007-12-29,Nicaragua,256,1250.2
2007-12-29,United States Virgin Islands,257,1249.81
2007-12-29,Bangladesh,258,1248.65
2007-12-29,Andorra,259,1243.03
2007-12-29,Aruba,260,1238.61
2007-12-29,Sri Lanka,261,1237.82
2007-12-29,Taiwan,262,1229.24
2007-12-29,Pakistan,263,1213.99
2007-12-29,Afghanistan,264,1213.42
2007-12-29,Anguilla,265,1209.43
2007-12-29,Puerto Rico,266,1199.38
2007-12-29,American Samoa,267,1197.93
2007-12-29,Laos,268,1187.73
2007-12-29,Guam,269,1180.64
2007-12-29,Nepal,270,1173.61
2007-12-29,Luxembourg,271,1171.39
2007-12-29,Djibouti,272,1165.53
2007-12-29,San Marino,273,1160.97
2007-12-29,Somalia,274,1154.06
2007-12-29,Bhutan,275,1150.82
2007-12-29,Alderney,276,1147.1
2007-12-29,Macau,277,1139.39
2007-12-29,Cambodia,278,1108.87
2007-12-29,Philippines,279,1102.02
2007-12-29,Brunei,280,1087.08
2008-12-31,Spain,1,2008.1
2008-12-31,Brazil,2,1914.62
2008-12-31,Netherlands,3,1909.17
2008-12-31,Germany,4,1907.3
2008-12-31,England,5,1896.78
2008-12-31,Italy,6,1884.48
2008-12-31,Argentina,7,1866.5
2008-12-31,France,8,1865.78
2008-12-31,Croatia,9,1841.44
2008-12-31,United States,10,1809.99
2008-12-31,Czech Republic,11,1808.06
2008-12-31,Romania,12,1803.68
2008-12-31,Russia,13,1790.29
2008-12-31,Japan,14,1788.84
2008-12-31,Australia,15,1782.42
2008-12-31,Denmark,16,1771.38
2008-12-31,Mexico,17,1764.12
2008-12-31,Uruguay,18,1763.94
2008-12-31,Ukraine,19,1762.11
2008-12-31,Turkey,20,1761.71
2008-12-31,Paraguay,21,1761.19
2008-12-31,Iran,22,1759.81
2008-12-31,Portugal,23,1756.98
2008-12-31,Republic of Ireland,24,1752.2
2008-12-31,Saudi Arabia,25,1749.78
2008-12-31,Chile,26,1749.4
2008-12-31,Egypt,27,1748.99
2008-12-31,South Korea,28,1746.97
2008-12-31,Switzerland,29,1745.53
2008-12-31,Greece,30,1734.35
2008-12-31,Yugoslavia,31,1732.26
2008-12-31,Nigeria,32,1731.3
2008-12-31,Poland,33,1730.92
2008-12-31,Cameroon,34,1730.77
2008-12-31,Bulgaria,35,1728.25
2008-12-31,Basque Country,36,1727.15
2008-12-31,Morocco,37,1723.61
2008-12-31,Honduras,38,1720.93
2008-12-31,Ivory Coast,39,1714.5
2008-12-31,Israel,40,1712.43
2008-12-31,Czechoslovakia,41,1705.97
2008-12-31,German DR,42,1699.83
2008-12-31,Sweden,43,1699.55
2008-12-31,Colombia,44,1698.77
2008-12-31,Jersey,45,1687.6
2008-12-31,Scotland,46,1680.88
2008-12-31,Ghana,47,1680.25
2008-12-31,Serbia,48,1678.13
2008-12-31,Jamaica,49,1677.5
2008-12-31,Oman,50,1669.18
2008-12-31,Ecuador,51,1668.49
2008-12-31,Tunisia,52,1667.92
2008-12-31,Costa Rica,53,1664.73
2008-12-31,Wales,54,1660.95
2008-12-31,Venezuela,55,1658.84
2008-12-31,South Africa,56,1654.38
2008-12-31,Catalonia,57,1654.06
2008-12-31,Norway,58,1651.17
2008-12-31,Senegal,59,1640.83
2008-12-31,Guernsey,60,1639.98
2008-12-31,Trinidad and Tobago,61,1633.6
2008-12-31,Bahrain,62,1631.54
2008-12-31,Belgium,63,1627.94
2008-12-31,Guinea,64,1627.05
2008-12-31,Finland,65,1626.85
2008-12-31,Hungary,66,1626.41
2008-12-31,Slovakia,67,1624.65
2008-12-31,Andalusia,68,1620.0
2008-12-31,Fiji,69,1614.84
2008-12-31,New Zealand,70,1608.42
2008-12-31,Qatar,71,1605.18
2008-12-31,China,72,1599.93
2008-12-31,Peru,73,1596.73
2008-12-31,Syria,74,1595.53
2008-12-31,New Caledonia,75,1594.31
2008-12-31,Mali,76,1593.15
2008-12-31,Gabon,77,1592.51
2008-12-31,Iraq,78,1588.45
2008-12-31,Bolivia,79,1586.41
2008-12-31,Austria,80,1584.95
2008-12-31,Kernow,81,1584.65
2008-12-31,Uzbekistan,82,1581.83
2008-12-31,Thailand,83,1579.95
2008-12-31,Gibraltar,84,1579.03
2008-12-31,Solomon Islands,85,1578.22
2008-12-31,Montenegro,86,1577.98
2008-12-31,Padania,87,1575.91
2008-12-31,Slovenia,88,1575.19
2008-12-31,Guadeloupe,89,1574.65
2008-12-31,North Korea,90,1570.52
2008-12-31,Bosnia and Herzegovina,91,1568.75
2008-12-31,Lithuania,92,1567.99
2008-12-31,Cyprus,93,1566.1
2008-12-31,Canada,94,1565.67
2008-12-31,Angola,95,1563.13
2008-12-31,North Macedonia,96,1563.12
2008-12-31,Galicia,97,1562.41
2008-12-31,Isle of Wight,98,1559.45
2008-12-31,Cuba,99,1559.02
2008-12-31,Panama,100,1557.75
2008-12-31,Northern Ireland,101,1557.38
2008-12-31,Belarus,102,1555.13
2008-12-31,Zambia,103,1551.92
2008-12-31,Algeria,104,1550.85
2008-12-31,Sápmi,105,1549.22
2008-12-31,Ynys Môn,106,1548.79
2008-12-31,Western Isles,107,1548.59
2008-12-31,Rhodes,108,1548.11
2008-12-31,Libya,109,1546.36
2008-12-31,Northern Cyprus,110,1543.95
2008-12-31,Guatemala,111,1541.27
2008-12-31,Isle of Man,112,1538.65
2008-12-31,Martinique,113,1536.18
2008-12-31,United Arab Emirates,114,1534.99
2008-12-31,Brittany,115,1532.52
2008-12-31,Jordan,116,1527.15
2008-12-31,Canary Islands,117,1522.59
2008-12-31,Kuwait,118,1521.68
2008-12-31,Togo,119,1520.31
2008-12-31,Réunion,120,1519.67
2008-12-31,Vanuatu,121,1519.42
2008-12-31,El Salvador,122,1517.74
2008-12-31,Asturias,123,1517.44
2008-12-31,Kosovo,124,1516.82
2008-12-31,Shetland,125,1516.43
2008-12-31,Silesia,126,1515.73
2008-12-31,DR Congo,127,1515.08
2008-12-31,Gotland,128,1514.35
2008-12-31,Tanzania,129,1513.3
2008-12-31,Romani people,130,1513.18
2008-12-31,Western Sahara,131,1509.07
2008-12-31,Haiti,132,1508.59
2008-12-31,Crimea,133,1507.28
2008-12-31,Tahiti,134,1507.27
2008-12-31,Albania,135,1507.11
2008-12-31,Menorca,136,1507.05
2008-12-31,Sudan,137,1506.3
2008-12-31,Latvia,138,1505.76
2008-12-31,Corsica,139,1505.42
2008-12-31,Singapore,140,1505.18
2008-12-31,Georgia,141,1503.59
2008-12-31,Åland Islands,142,1501.92
2008-12-31,Central Spain,143,1501.37
2008-12-31,Sealand,144,1501.04
2008-12-31,Arameans Suryoye,145,1500.53
2008-12-31,Iceland,146,1500.05
2008-12-31,Vatican City,147,1499.96
2008-12-31,Occitania,148,1498.3
2008-12-31,Uganda,149,1491.5
2008-12-31,Burkina Faso,150,1489.87
2008-12-31,Vietnam,151,1489.41
2008-12-31,Zimbabwe,152,1488.49
2008-12-31,Mozambique,153,1487.37
2008-12-31,Iraqi Kurdistan,154,1487.22
2008-12-31,Congo,155,1483.82
2008-12-31,Monaco,156,1480.69
2008-12-31,Republic of St. Pauli,157,1478.8
2008-12-31,Rwanda,158,1475.75
2008-12-31,Niue,159,1474.97
2008-12-31,Ethiopia,160,1474.12
2008-12-31,South Yemen,161,1473.5
2008-12-31,Chechnya,162,1469.56
2008-12-31,Kenya,163,1467.96
2008-12-31,Estonia,164,1467.43
2008-12-31,Gambia,165,1466.65
2008-12-31,North Vietnam,166,1463.0
2008-12-31,Grenada,167,1461.96
2008-12-31,Benin,168,1460.41
2008-12-31,India,169,1460.18
2008-12-31,Palau,170,1455.82
2008-12-31,Armenia,171,1455.36
2008-12-31,Găgăuzia,172,1453.55
2008-12-31,Malawi,173,1453.5
2008-12-31,Manchukuo,174,1451.84
2008-12-31,Saarland,175,1449.76
2008-12-31,Indonesia,176,1449.22
2008-12-31,Barbados,177,1441.86
2008-12-31,Cape Verde,178,1439.73
2008-12-31,Moldova,179,1438.97
2008-12-31,Antigua and Barbuda,180,1437.85
2008-12-31,Sark,181,1437.57
2008-12-31,Saint Vincent and the Grenadines,182,1436.55
2008-12-31,Provence,183,1432.83
2008-12-31,Botswana,184,1427.62
2008-12-31,Papua New Guinea,185,1425.26
2008-12-31,Ambazonia,186,1425.01
2008-12-31,Madagascar,187,1424.6
2008-12-31,Tajikistan,188,1423.41
2008-12-31,Azerbaijan,189,1419.8
2008-12-31,Frøya,190,1419.25
2008-12-31,Falkland Islands,191,1419.25
2008-12-31,Guyana,192,1418.94
2008-12-31,Sint Maarten,193,1418.8
2008-12-31,Suriname,194,1417.12
2008-12-31,Turkmenistan,195,1416.84
2008-12-31,Vietnam Republic,196,1416.37
2008-12-31,Zanzibar,197,1415.85
2008-12-31,Hitra,198,1413.84
2008-12-31,Micronesia,199,1412.66
2008-12-31,Lebanon,200,1412.47
2008-12-31,Kiribati,201,1411.19
2008-12-31,Hong Kong,202,1411.1
2008-12-31,Western Australia,203,1409.92
2008-12-31,Greenland,204,1409.52
2008-12-31,Sierra Leone,205,1407.98
2008-12-31,Tuvalu,206,1406.95
2008-12-31,Myanmar,207,1402.81
2008-12-31,Yemen DPR,208,1400.88
2008-12-31,Bermuda,209,1396.1
2008-12-31,Yemen,210,1395.68
2008-12-31,Namibia,211,1392.32
2008-12-31,Kazakhstan,212,1392.32
2008-12-31,Guinea-Bissau,213,1391.94
2008-12-31,Mayotte,214,1391.62
2008-12-31,Chad,215,1391.48
2008-12-31,Turks and Caicos Islands,216,1390.43
2008-12-31,Orkney,217,1390.27
2008-12-31,Northern Mariana Islands,218,1389.43
2008-12-31,Burundi,219,1388.04
2008-12-31,Liberia,220,1384.61
2008-12-31,Samoa,221,1379.4
2008-12-31,Malaysia,222,1378.13
2008-12-31,Equatorial Guinea,223,1377.3
2008-12-31,Tibet,224,1372.14
2008-12-31,Saint Kitts and Nevis,225,1371.07
2008-12-31,Curaçao,226,1369.32
2008-12-31,Niger,227,1364.36
2008-12-31,Palestine,228,1363.66
2008-12-31,Tonga,229,1359.73
2008-12-31,Eritrea,230,1354.16
2008-12-31,Bahamas,231,1351.94
2008-12-31,Wallis Islands and Futuna,232,1346.32
2008-12-31,French Guiana,233,1342.13
2008-12-31,Cook Islands,234,1339.8
2008-12-31,Saare County,235,1336.75
2008-12-31,São Tomé and Príncipe,236,1335.33
2008-12-31,Saint Lucia,237,1334.95
2008-12-31,Eswatini,238,1332.72
2008-12-31,Belize,239,1330.13
2008-12-31,Central African Republic,240,1328.4
2008-12-31,Kyrgyzstan,241,1326.88
2008-12-31,Saint Martin,242,1318.71
2008-12-31,Maldives,243,1315.7
2008-12-31,Dominican Republic,244,1308.21
2008-12-31,Mauritania,245,1300.4
2008-12-31,Seychelles,246,1297.76
2008-12-31,Cayman Islands,247,1294.64
2008-12-31,Lesotho,248,1292.05
2008-12-31,Mauritius,249,1290.89
2008-12-31,Puerto Rico,250,1286.48
2008-12-31,British Virgin Islands,251,1283.99
2008-12-31,Malta,252,1282.93
2008-12-31,Faroe Islands,253,1264.5
2008-12-31,Montserrat,254,1259.4
2008-12-31,Mongolia,255,1256.27
2008-12-31,Comoros,256,1249.32
2008-12-31,United States Virgin Islands,257,1245.58
2008-12-31,Dominica,258,1242.24
2008-12-31,Taiwan,259,1241.34
2008-12-31,Sri Lanka,260,1237.4
2008-12-31,Liechtenstein,261,1235.18
2008-12-31,Nicaragua,262,1230.26
2008-12-31,Luxembourg,263,1227.35
2008-12-31,Aruba,264,1215.86
2008-12-31,Andorra,265,1212.76
2008-12-31,Bangladesh,266,1208.51
2008-12-31,Timor-Leste,267,1201.68
2008-12-31,American Samoa,268,1197.93
2008-12-31,Nepal,269,1196.14
2008-12-31,Laos,270,1195.25
2008-12-31,Anguilla,271,1192.62
2008-12-31,Afghanistan,272,1185.19
2008-12-31,Somalia,273,1169.67
2008-12-31,Guam,274,1166.65
2008-12-31,Pakistan,275,1166.0
2008-12-31,Philippines,276,1161.94
2008-12-31,San Marino,277,1153.71
2008-12-31,Alderney,278,1145.64
2008-12-31,Bhutan,279,1135.9
2008-12-31,Djibouti,280,1127.32
2008-12-31,Cambodia,281,1116.24
2008-12-31,Macau,282,1097.9
2008-12-31,Brunei,283,1071.69
2009-12-31,Spain,1,2039.29
2009-12-31,Brazil,2,1981.35
2009-12-31,Netherlands,3,1916.44
2009-12-31,England,4,1890.46
2009-12-31,Germany,5,1885.94
2009-12-31,Italy,6,1879.73
2009-12-31,Croatia,7,1859.44
2009-12-31,France,8,1857.75
2009-12-31,Argentina,9,1827.48
2009-12-31,Chile,10,1814.45
2009-12-31,Australia,11,1808.81
2009-12-31,Japan,12,1808.51
2009-12-31,Portugal,13,1807.94
2009-12-31,Mexico,14,1786.93
2009-12-31,United States,15,1785.72
2009-12-31,South Korea,16,1780.99
2009-12-31,Denmark,17,1772.37
2009-12-31,Serbia,18,1765.5
2009-12-31,Ivory Coast,19,1761.11
2009-12-31,Russia,20,1759.38
2009-12-31,Ukraine,21,1757.86
2009-12-31,Romania,22,1757.06
2009-12-31,Nigeria,23,1756.21
2009-12-31,Republic of Ireland,24,1753.46
2009-12-31,Uruguay,25,1752.43
2009-12-31,Cameroon,26,1747.34
2009-12-31,Jersey,27,1744.31
2009-12-31,Switzerland,28,1742.87
2009-12-31,Greece,29,1739.41
2009-12-31,Czech Republic,30,1739.16
2009-12-31,Turkey,31,1738.36
2009-12-31,Saudi Arabia,32,1733.87
2009-12-31,Yugoslavia,33,1732.26
2009-12-31,Egypt,34,1731.19
2009-12-31,Bulgaria,35,1727.93
2009-12-31,Basque Country,36,1727.15
2009-12-31,Honduras,37,1726.27
2009-12-31,Colombia,38,1718.21
2009-12-31,Norway,39,1715.09
2009-12-31,Paraguay,40,1713.17
2009-12-31,Czechoslovakia,41,1705.97
2009-12-31,Sweden,42,1704.8
2009-12-31,German DR,43,1699.83
2009-12-31,Bahrain,44,1698.39
2009-12-31,Venezuela,45,1697.23
2009-12-31,Costa Rica,46,1696.08
2009-12-31,Israel,47,1693.16
2009-12-31,Oman,48,1680.63
2009-12-31,Catalonia,49,1678.3
2009-12-31,Tunisia,50,1674.83
2009-12-31,Ghana,51,1672.24
2009-12-31,Jamaica,52,1664.42
2009-12-31,Ecuador,53,1663.3
2009-12-31,Morocco,54,1656.51
2009-12-31,Poland,55,1653.45
2009-12-31,Iran,56,1652.2
2009-12-31,Algeria,57,1649.43
2009-12-31,Slovakia,58,1647.62
2009-12-31,Guernsey,59,1645.38
2009-12-31,Scotland,60,1641.32
2009-12-31,Senegal,61,1629.55
2009-12-31,Padania,62,1625.09
2009-12-31,Qatar,63,1621.15
2009-12-31,China,64,1620.6
2009-12-31,Andalusia,65,1620.0
2009-12-31,Mali,66,1619.25
2009-12-31,Wales,67,1617.53
2009-12-31,Finland,68,1617.22
2009-12-31,Bosnia and Herzegovina,69,1615.98
2009-12-31,Fiji,70,1614.84
2009-12-31,Slovenia,71,1613.62
2009-12-31,Trinidad and Tobago,72,1609.26
2009-12-31,Montenegro,73,1609.03
2009-12-31,Thailand,74,1608.42
2009-12-31,Belgium,75,1606.48
2009-12-31,Syria,76,1606.19
2009-12-31,South Africa,77,1606.02
2009-12-31,Uganda,78,1603.22
2009-12-31,North Korea,79,1601.18
2009-12-31,Gabon,80,1596.36
2009-12-31,Hungary,81,1595.23
2009-12-31,Austria,82,1594.45
2009-12-31,Iraq,83,1594.41
2009-12-31,New Caledonia,84,1594.31
2009-12-31,North Macedonia,85,1591.23
2009-12-31,New Zealand,86,1590.1
2009-12-31,Uzbekistan,87,1590.09
2009-12-31,Canada,88,1589.69
2009-12-31,Northern Ireland,89,1586.68
2009-12-31,Gibraltar,90,1586.51
2009-12-31,Peru,91,1585.95
2009-12-31,Kernow,92,1584.65
2009-12-31,Solomon Islands,93,1578.22
2009-12-31,Rhodes,94,1577.64
2009-12-31,Guadeloupe,95,1574.46
2009-12-31,Kuwait,96,1567.19
2009-12-31,Bolivia,97,1564.44
2009-12-31,Galicia,98,1562.41
2009-12-31,Belarus,99,1559.43
2009-12-31,Cuba,100,1559.02
2009-12-31,Cyprus,101,1555.14
2009-12-31,Panama,102,1550.37
2009-12-31,Guinea,103,1548.82
2009-12-31,Isle of Man,104,1548.46
2009-12-31,Lithuania,105,1548.41
2009-12-31,Ynys Môn,106,1548.0
2009-12-31,Northern Cyprus,107,1543.95
2009-12-31,Zambia,108,1543.35
2009-12-31,El Salvador,109,1541.05
2009-12-31,Singapore,110,1540.86
2009-12-31,Åland Islands,111,1539.56
2009-12-31,Western Isles,112,1538.21
2009-12-31,Libya,113,1538.05
2009-12-31,Latvia,114,1537.41
2009-12-31,Menorca,115,1536.79
2009-12-31,Martinique,116,1533.94
2009-12-31,Brittany,117,1532.52
2009-12-31,Burkina Faso,118,1532.39
2009-12-31,Togo,119,1529.42
2009-12-31,Isle of Wight,120,1526.76
2009-12-31,Sápmi,121,1526.02
2009-12-31,Mozambique,122,1524.1
2009-12-31,Canary Islands,123,1522.59
2009-12-31,Angola,124,1520.86
2009-12-31,Réunion,125,1519.67
2009-12-31,Vanuatu,126,1519.42
2009-12-31,Asturias,127,1517.44
2009-12-31,Kosovo,128,1516.82
2009-12-31,Silesia,129,1515.73
2009-12-31,Vietnam,130,1514.37
2009-12-31,Romani people,131,1513.18
2009-12-31,Gotland,132,1510.2
2009-12-31,Western Sahara,133,1509.07
2009-12-31,Crimea,134,1507.28
2009-12-31,Tahiti,135,1507.27
2009-12-31,United Arab Emirates,136,1506.14
2009-12-31,Corsica,137,1504.14
2009-12-31,DR Congo,138,1503.4
2009-12-31,Benin,139,1502.94
2009-12-31,Estonia,140,1502.64
2009-12-31,Central Spain,141,1501.37
2009-12-31,Sealand,142,1501.04
2009-12-31,Arameans Suryoye,143,1500.53
2009-12-31,Vatican City,144,1499.96
2009-12-31,Albania,145,1498.6
2009-12-31,Iraqi Kurdistan,146,1494.95
2009-12-31,Congo,147,1494.44
2009-12-31,Haiti,148,1493.67
2009-12-31,Iceland,149,1491.88
2009-12-31,Jordan,150,1490.78
2009-12-31,Guatemala,151,1490.47
2009-12-31,Shetland,152,1487.98
2009-12-31,Zimbabwe,153,1487.74
2009-12-31,Occitania,154,1485.75
2009-12-31,Cape Verde,155,1484.13
2009-12-31,Monaco,156,1480.69
2009-12-31,Republic of St. Pauli,157,1478.8
2009-12-31,Niue,158,1474.97
2009-12-31,South Yemen,159,1473.5
2009-12-31,Malawi,160,1470.12
2009-12-31,Chechnya,161,1469.56
2009-12-31,Gambia,162,1466.65
2009-12-31,North Vietnam,163,1463.0
2009-12-31,Tanzania,164,1462.53
2009-12-31,Provence,165,1460.4
2009-12-31,Barbados,166,1458.78
2009-12-31,Palau,167,1455.82
2009-12-31,Găgăuzia,168,1453.55
2009-12-31,Moldova,169,1453.19
2009-12-31,Indonesia,170,1452.17
2009-12-31,Manchukuo,171,1451.84
2009-12-31,Gozo,172,1451.26
2009-12-31,Saarland,173,1449.76
2009-12-31,Ethiopia,174,1446.83
2009-12-31,India,175,1445.28
2009-12-31,Azerbaijan,176,1443.47
2009-12-31,Rwanda,177,1442.61
2009-12-31,Sark,178,1437.57
2009-12-31,Armenia,179,1434.86
2009-12-31,Kenya,180,1434.69
2009-12-31,Antigua and Barbuda,181,1432.78
2009-12-31,Madagascar,182,1428.61
2009-12-31,Yemen,183,1427.69
2009-12-31,Botswana,184,1427.03
2009-12-31,Papua New Guinea,185,1425.26
2009-12-31,Suriname,186,1425.02
2009-12-31,Ambazonia,187,1425.01
2009-12-31,Sudan,188,1424.96
2009-12-31,Zanzibar,189,1424.8
2009-12-31,Grenada,190,1421.97
2009-12-31,Myanmar,191,1421.35
2009-12-31,Sint Maarten,192,1418.8
2009-12-31,Vietnam Republic,193,1416.37
2009-12-31,Guyana,194,1415.86
2009-12-31,Saint Vincent and the Grenadines,195,1415.34
2009-12-31,Georgia,196,1414.9
2009-12-31,Hitra,197,1413.84
2009-12-31,Micronesia,198,1412.66
2009-12-31,Hong Kong,199,1411.9
2009-12-31,Kiribati,200,1411.19
2009-12-31,Western Australia,201,1409.92
2009-12-31,Frøya,202,1409.52
2009-12-31,Sierra Leone,203,1407.98
2009-12-31,Malaysia,204,1407.67
2009-12-31,Tuvalu,205,1406.95
2009-12-31,Tajikistan,206,1406.84
2009-12-31,Namibia,207,1404.34
2009-12-31,Yemen DPR,208,1400.88
2009-12-31,Turkmenistan,209,1398.91
2009-12-31,Bermuda,210,1396.1
2009-12-31,Greenland,211,1395.7
2009-12-31,Kazakhstan,212,1393.56
2009-12-31,Guinea-Bissau,213,1391.94
2009-12-31,Chad,214,1391.48
2009-12-31,Turks and Caicos Islands,215,1390.43
2009-12-31,Orkney,216,1390.27
2009-12-31,Liberia,217,1384.61
2009-12-31,Saint Kitts and Nevis,218,1381.03
2009-12-31,Mayotte,219,1379.96
2009-12-31,Samoa,220,1379.4
2009-12-31,Lebanon,221,1376.78
2009-12-31,Tibet,222,1372.14
2009-12-31,Falkland Islands,223,1371.46
2009-12-31,French Guiana,224,1368.8
2009-12-31,Niger,225,1364.36
2009-12-31,Cook Islands,226,1357.55
2009-12-31,Equatorial Guinea,227,1353.15
2009-12-31,Bahamas,228,1351.94
2009-12-31,Burundi,229,1350.64
2009-12-31,Wallis Islands and Futuna,230,1346.32
2009-12-31,Curaçao,231,1343.51
2009-12-31,Palestine,232,1342.63
2009-12-31,Tonga,233,1341.98
2009-12-31,Eritrea,234,1340.22
2009-12-31,Maldives,235,1336.55
2009-12-31,São Tomé and Príncipe,236,1335.33
2009-12-31,Saint Lucia,237,1334.95
2009-12-31,Eswatini,238,1331.34
2009-12-31,Central African Republic,239,1328.4
2009-12-31,Kyrgyzstan,240,1321.15
2009-12-31,Northern Mariana Islands,241,1318.86
2009-12-31,Saint Martin,242,1318.71
2009-12-31,Lesotho,243,1317.81
2009-12-31,Belize,244,1315.35
2009-12-31,Saare County,245,1310.01
2009-12-31,Dominican Republic,246,1308.21
2009-12-31,Faroe Islands,247,1304.35
2009-12-31,Mauritania,248,1300.4
2009-12-31,Cayman Islands,249,1291.47
2009-12-31,Puerto Rico,250,1286.48
2009-12-31,Malta,251,1283.4
2009-12-31,British Virgin Islands,252,1266.07
2009-12-31,Mauritius,253,1264.93
2009-12-31,Dominica,254,1260.15
2009-12-31,Comoros,255,1260.09
2009-12-31,Montserrat,256,1259.4
2009-12-31,Nicaragua,257,1258.28
2009-12-31,Seychelles,258,1256.52
2009-12-31,Mongolia,259,1256.26
2009-12-31,Nepal,260,1254.68
2009-12-31,Bangladesh,261,1247.95
2009-12-31,United States Virgin Islands,262,1245.58
2009-12-31,Taiwan,263,1237.29
2009-12-31,Luxembourg,264,1228.61
2009-12-31,Sri Lanka,265,1224.32
2009-12-31,Liechtenstein,266,1221.62
2009-12-31,Aruba,267,1215.86
2009-12-31,Timor-Leste,268,1201.68
2009-12-31,American Samoa,269,1197.93
2009-12-31,Guam,270,1195.26
2009-12-31,Laos,271,1195.25
2009-12-31,Andorra,272,1194.05
2009-12-31,Anguilla,273,1192.62
2009-12-31,Pakistan,274,1173.22
2009-12-31,Somalia,275,1166.06
2009-12-31,Afghanistan,276,1161.91
2009-12-31,Philippines,277,1160.03
2009-12-31,Alderney,278,1143.89
2009-12-31,San Marino,279,1141.77
2009-12-31,Djibouti,280,1118.97
2009-12-31,Cambodia,281,1116.34
2009-12-31,Macau,282,1093.57
2009-12-31,Bhutan,283,1074.93
2009-12-31,Brunei,284,1050.49
2010-12-31,Spain,1,2025.28
2010-12-31,Netherlands,2,1994.84
2010-12-31,Brazil,3,1985.1
2010-12-31,Argentina,4,1929.69
2010-12-31,Germany,5,1919.9
2010-12-31,England,6,1883.65
2010-12-31,Croatia,7,1875.12
2010-12-31,Chile,8,1844.91
2010-12-31,Portugal,9,1838.32
2010-12-31,Uruguay,10,1805.32
2010-12-31,Mexico,11,1799.39
2010-12-31,Japan,12,1798.99
2010-12-31,Italy,13,1794.56
2010-12-31,Ukraine,14,1793.35
2010-12-31,France,15,1791.39
2010-12-31,Australia,16,1785.52
2010-12-31,Norway,17,1778.45
2010-12-31,United States,18,1771.09
2010-12-31,Sweden,19,1770.09
2010-12-31,South Korea,20,1769.9
2010-12-31,Ivory Coast,21,1759.58
2010-12-31,Egypt,22,1751.57
2010-12-31,Russia,23,1749.43
2010-12-31,Greece,24,1742.43
2010-12-31,Turkey,25,1741.12
2010-12-31,Basque Country,26,1740.79
2010-12-31,Yugoslavia,27,1732.26
2010-12-31,Republic of Ireland,28,1731.01
2010-12-31,Denmark,29,1728.86
2010-12-31,Paraguay,30,1728.53
2010-12-31,Jersey,31,1724.81
2010-12-31,Switzerland,32,1724.77
2010-12-31,Czech Republic,33,1722.36
2010-12-31,Serbia,34,1718.68
2010-12-31,Iran,35,1718.46
2010-12-31,Colombia,36,1710.53
2010-12-31,Czechoslovakia,37,1705.97
2010-12-31,South Africa,38,1702.75
2010-12-31,China,39,1702.46
2010-12-31,German DR,40,1699.83
2010-12-31,Jamaica,41,1698.17
2010-12-31,Saudi Arabia,42,1696.85
2010-12-31,Nigeria,43,1694.26
2010-12-31,Catalonia,44,1693.0
2010-12-31,Ghana,45,1690.07
2010-12-31,Poland,46,1688.59
2010-12-31,Kuwait,47,1687.31
2010-12-31,Romania,48,1686.7
2010-12-31,Ecuador,49,1669.19
2010-12-31,Israel,50,1667.41
2010-12-31,Cameroon,51,1667.3
2010-12-31,Bulgaria,52,1665.88
2010-12-31,Senegal,53,1665.86
2010-12-31,Guernsey,54,1665.86
2010-12-31,Venezuela,55,1662.02
2010-12-31,Slovakia,56,1660.45
2010-12-31,Montenegro,57,1656.49
2010-12-31,Morocco,58,1652.71
2010-12-31,Slovenia,59,1652.0
2010-12-31,Iraq,60,1651.2
2010-12-31,Belarus,61,1648.35
2010-12-31,Padania,62,1644.98
2010-12-31,Costa Rica,63,1638.6
2010-12-31,Scotland,64,1635.44
2010-12-31,Honduras,65,1635.33
2010-12-31,Bosnia and Herzegovina,66,1629.37
2010-12-31,Peru,67,1625.52
2010-12-31,Tunisia,68,1625.18
2010-12-31,Belgium,69,1623.03
2010-12-31,Hungary,70,1622.77
2010-12-31,Uganda,71,1620.87
2010-12-31,Andalusia,72,1620.0
2010-12-31,Panama,73,1618.97
2010-12-31,Guadeloupe,74,1615.97
2010-12-31,Fiji,75,1614.84
2010-12-31,Oman,76,1612.62
2010-12-31,Austria,77,1606.9
2010-12-31,New Zealand,78,1595.52
2010-12-31,Qatar,79,1594.97
2010-12-31,Canada,80,1592.46
2010-12-31,Cuba,81,1591.47
2010-12-31,Gabon,82,1590.92
2010-12-31,Bahrain,83,1590.31
2010-12-31,Gibraltar,84,1586.51
2010-12-31,Kernow,85,1584.65
2010-12-31,North Macedonia,86,1584.34
2010-12-31,Guinea,87,1581.3
2010-12-31,Burkina Faso,88,1580.71
2010-12-31,Solomon Islands,89,1578.22
2010-12-31,Rhodes,90,1577.64
2010-12-31,North Korea,91,1575.72
2010-12-31,Finland,92,1572.63
2010-12-31,Syria,93,1571.34
2010-12-31,New Caledonia,94,1570.72
2010-12-31,Mali,95,1566.2
2010-12-31,Thailand,96,1563.87
2010-12-31,Bolivia,97,1563.74
2010-12-31,Wales,98,1563.26
2010-12-31,Northern Ireland,99,1563.03
2010-12-31,Galicia,100,1562.41
2010-12-31,Trinidad and Tobago,101,1560.79
2010-12-31,United Arab Emirates,102,1559.22
2010-12-31,Albania,103,1558.24
2010-12-31,Algeria,104,1554.76
2010-12-31,Lithuania,105,1553.32
2010-12-31,Réunion,106,1552.58
2010-12-31,Zambia,107,1551.09
2010-12-31,Libya,108,1550.24
2010-12-31,Cyprus,109,1549.13
2010-12-31,Botswana,110,1549.05
2010-12-31,Isle of Man,111,1548.46
2010-12-31,Ynys Môn,112,1548.0
2010-12-31,Uzbekistan,113,1546.7
2010-12-31,Northern Cyprus,114,1543.95
2010-12-31,Åland Islands,115,1539.56
2010-12-31,Western Isles,116,1538.21
2010-12-31,Angola,117,1537.48
2010-12-31,Menorca,118,1536.79
2010-12-31,Brittany,119,1531.31
2010-12-31,Jordan,120,1528.74
2010-12-31,Iraqi Kurdistan,121,1528.39
2010-12-31,Isle of Wight,122,1526.76
2010-12-31,Guatemala,123,1526.61
2010-12-31,Corsica,124,1526.08
2010-12-31,Sápmi,125,1526.02
2010-12-31,Canary Islands,126,1522.59
2010-12-31,Vanuatu,127,1519.42
2010-12-31,Asturias,128,1517.44
2010-12-31,Kosovo,129,1516.82
2010-12-31,Silesia,130,1515.73
2010-12-31,Cape Verde,131,1514.72
2010-12-31,Romani people,132,1513.18
2010-12-31,Martinique,133,1510.87
2010-12-31,Gotland,134,1510.2
2010-12-31,Western Sahara,135,1509.07
2010-12-31,Crimea,136,1507.28
2010-12-31,Indonesia,137,1507.05
2010-12-31,Occitania,138,1505.16
2010-12-31,Central Spain,139,1501.37
2010-12-31,Sealand,140,1501.04
2010-12-31,Arameans Suryoye,141,1500.53
2010-12-31,Georgia,142,1500.04
2010-12-31,Vatican City,143,1499.96
2010-12-31,Haiti,144,1499.44
2010-12-31,Malawi,145,1499.14
2010-12-31,Tahiti,146,1498.8
2010-12-31,Latvia,147,1498.09
2010-12-31,Estonia,148,1489.83
2010-12-31,Benin,149,1488.82
2010-12-31,Shetland,150,1487.98
2010-12-31,Gambia,151,1487.76
2010-12-31,El Salvador,152,1484.45
2010-12-31,Zimbabwe,153,1481.21
2010-12-31,Iceland,154,1480.65
2010-12-31,Azerbaijan,155,1480.09
2010-12-31,Republic of St. Pauli,156,1478.8
2010-12-31,Mozambique,157,1477.09
2010-12-31,Saint Barthélemy,158,1476.33
2010-12-31,Niue,159,1474.97
2010-12-31,Armenia,160,1474.64
2010-12-31,Tanzania,161,1473.91
2010-12-31,South Yemen,162,1473.5
2010-12-31,Two Sicilies,163,1473.18
2010-12-31,DR Congo,164,1471.68
2010-12-31,Congo,165,1470.9
2010-12-31,Bonaire,166,1470.75
2010-12-31,Chechnya,167,1469.56
2010-12-31,Moldova,168,1467.54
2010-12-31,Ethiopia,169,1465.13
2010-12-31,Monaco,170,1464.92
2010-12-31,North Vietnam,171,1463.0
2010-12-31,Yemen,172,1459.78
2010-12-31,Grenada,173,1456.84
2010-12-31,Singapore,174,1455.93
2010-12-31,Palau,175,1455.82
2010-12-31,Suriname,176,1455.25
2010-12-31,Găgăuzia,177,1453.55
2010-12-31,Manchukuo,178,1451.84
2010-12-31,Togo,179,1450.0
2010-12-31,Saarland,180,1449.76
2010-12-31,Antigua and Barbuda,181,1447.93
2010-12-31,Zanzibar,182,1447.9
2010-12-31,Gozo,183,1445.2
2010-12-31,Saint Pierre and Miquelon,184,1443.13
2010-12-31,Vietnam,185,1442.42
2010-12-31,Turkmenistan,186,1441.91
2010-12-31,Barbados,187,1441.52
2010-12-31,Sark,188,1437.57
2010-12-31,Provence,189,1436.31
2010-12-31,Malaysia,190,1435.34
2010-12-31,Sierra Leone,191,1432.29
2010-12-31,Saint Vincent and the Grenadines,192,1426.5
2010-12-31,Sudan,193,1426.14
2010-12-31,Tajikistan,194,1425.65
2010-12-31,Papua New Guinea,195,1425.26
2010-12-31,Ambazonia,196,1425.01
2010-12-31,Guyana,197,1423.43
2010-12-31,Niger,198,1422.31
2010-12-31,Sint Maarten,199,1418.8
2010-12-31,Vietnam Republic,200,1416.37
2010-12-31,Madagascar,201,1413.95
2010-12-31,Hitra,202,1413.84
2010-12-31,Micronesia,203,1412.66
2010-12-31,Kiribati,204,1411.19
2010-12-31,Western Australia,205,1409.92
2010-12-31,Hong Kong,206,1409.67
2010-12-31,Frøya,207,1409.52
2010-12-31,Tuvalu,208,1406.95
2010-12-31,Saint Kitts and Nevis,209,1401.14
2010-12-31,India,210,1401.08
2010-12-31,Yemen DPR,211,1400.88
2010-12-31,Bermuda,212,1396.1
2010-12-31,Greenland,213,1395.7
2010-12-31,Rwanda,214,1394.83
2010-12-31,Turks and Caicos Islands,215,1390.43
2010-12-31,Orkney,216,1390.27
2010-12-31,Namibia,217,1387.07
2010-12-31,Guinea-Bissau,218,1386.91
2010-12-31,Kazakhstan,219,1386.84
2010-12-31,Mayotte,220,1383.38
2010-12-31,Samoa,221,1379.4
2010-12-31,Liberia,222,1378.99
2010-12-31,Lebanon,223,1376.29
2010-12-31,Kenya,224,1374.71
2010-12-31,Tibet,225,1372.14
2010-12-31,Falkland Islands,226,1371.46
2010-12-31,Burundi,227,1371.09
2010-12-31,French Guiana,228,1369.36
2010-12-31,Central African Republic,229,1366.23
2010-12-31,Myanmar,230,1364.04
2010-12-31,Cook Islands,231,1357.55
2010-12-31,Chad,232,1356.6
2010-12-31,Bahamas,233,1351.94
2010-12-31,Wallis Islands and Futuna,234,1346.32
2010-12-31,Tonga,235,1341.98
2010-12-31,Eritrea,236,1340.22
2010-12-31,Equatorial Guinea,237,1339.4
2010-12-31,Curaçao,238,1335.84
2010-12-31,São Tomé and Príncipe,239,1335.33
2010-12-31,Palestine,240,1327.16
2010-12-31,Maldives,241,1325.11
2010-12-31,Saint Martin,242,1318.26
2010-12-31,Lesotho,243,1317.81
2010-12-31,Belize,244,1317.41
2010-12-31,Northern Mariana Islands,245,1313.4
2010-12-31,Saare County,246,1310.01
2010-12-31,Dominica,247,1305.96
2010-12-31,Dominican Republic,248,1305.19
2010-12-31,Kyrgyzstan,249,1303.38
2010-12-31,Mauritania,250,1302.5
2010-12-31,Puerto Rico,251,1301.78
2010-12-31,Eswatini,252,1301.23
2010-12-31,Cayman Islands,253,1289.4
2010-12-31,Saint Lucia,254,1287.19
2010-12-31,Faroe Islands,255,1285.66
2010-12-31,Malta,256,1271.4
2010-12-31,Mauritius,257,1259.02
2010-12-31,Seychelles,258,1256.52
2010-12-31,Mongolia,259,1256.26
2010-12-31,Nepal,260,1254.68
2010-12-31,Nicaragua,261,1251.89
2010-12-31,United States Virgin Islands,262,1245.58
2010-12-31,Bangladesh,263,1243.76
2010-12-31,Montserrat,264,1241.35
2010-12-31,Comoros,265,1240.71
2010-12-31,Luxembourg,266,1239.19
2010-12-31,Liechtenstein,267,1238.94
2010-12-31,British Virgin Islands,268,1237.12
2010-12-31,Taiwan,269,1235.79
2010-12-31,Sri Lanka,270,1226.75
2010-12-31,Philippines,271,1223.2
2010-12-31,Aruba,272,1213.46
2010-12-31,Guam,273,1200.73
2010-12-31,Laos,274,1200.17
2010-12-31,American Samoa,275,1197.93
2010-12-31,Anguilla,276,1173.97
2010-12-31,Pakistan,277,1173.22
2010-12-31,Andorra,278,1172.68
2010-12-31,Afghanistan,279,1156.0
2010-12-31,Somalia,280,1150.38
2010-12-31,Timor-Leste,281,1145.92
2010-12-31,Alderney,282,1142.91
2010-12-31,Cambodia,283,1141.35
2010-12-31,San Marino,284,1131.76
2010-12-31,Djibouti,285,1118.97
2010-12-31,Bhutan,286,1074.93
2010-12-31,Macau,287,1071.46
2010-12-31,Brunei,288,1050.49
2011-12-30,Spain,1,2001.55
2011-12-30,Brazil,2,1974.28
2011-12-30,Germany,3,1948.23
2011-12-30,Netherlands,4,1946.35
2011-12-30,England,5,1915.96
2011-12-30,Uruguay,6,1878.64
2011-12-30,Argentina,7,1862.79
2011-12-30,Croatia,8,1852.95
2011-12-30,Italy,9,1839.0
2011-12-30,Portugal,10,1837.53
2011-12-30,France,11,1836.36
2011-12-30,Chile,12,1832.37
2011-12-30,Australia,13,1825.03
2011-12-30,Japan,14,1812.24
2011-12-30,Mexico,15,1806.01
2011-12-30,Sweden,16,1793.01
2011-12-30,Denmark,17,1791.89
2011-12-30,South Korea,18,1791.52
2011-12-30,Ivory Coast,19,1790.62
2011-12-30,Republic of Ireland,20,1778.56
2011-12-30,Iran,21,1773.65
2011-12-30,Russia,22,1759.43
2011-12-30,Ukraine,23,1757.95
2011-12-30,Greece,24,1751.36
2011-12-30,Colombia,25,1748.1
2011-12-30,Poland,26,1744.63
2011-12-30,Czech Republic,27,1741.45
2011-12-30,Paraguay,28,1741.38
2011-12-30,Turkey,29,1740.48
2011-12-30,Norway,30,1736.67
2011-12-30,Ecuador,31,1734.79
2011-12-30,Switzerland,32,1732.78
2011-12-30,Yugoslavia,33,1732.26
2011-12-30,Egypt,34,1731.91
2011-12-30,Jersey,35,1728.34
2011-12-30,Basque Country,36,1726.1
2011-12-30,United States,37,1721.46
2011-12-30,Ghana,38,1720.74
2011-12-30,Nigeria,39,1714.79
2011-12-30,Czechoslovakia,40,1705.97
2011-12-30,China,41,1702.06
2011-12-30,German DR,42,1699.83
2011-12-30,Venezuela,43,1694.54
2011-12-30,Peru,44,1690.76
2011-12-30,Catalonia,45,1690.36
2011-12-30,Panama,46,1685.14
2011-12-30,Belgium,47,1684.99
2011-12-30,South Africa,48,1684.26
2011-12-30,Scotland,49,1684.02
2011-12-30,Guernsey,50,1682.73
2011-12-30,Bosnia and Herzegovina,51,1679.35
2011-12-30,Serbia,52,1672.66
2011-12-30,Romania,53,1671.72
2011-12-30,Cameroon,54,1668.03
2011-12-30,Senegal,55,1656.59
2011-12-30,Hungary,56,1656.13
2011-12-30,Iraq,57,1654.96
2011-12-30,Israel,58,1654.79
2011-12-30,Oman,59,1648.66
2011-12-30,Morocco,60,1646.0
2011-12-30,Honduras,61,1645.07
2011-12-30,Padania,62,1644.98
2011-12-30,Jamaica,63,1640.0
2011-12-30,Costa Rica,64,1639.84
2011-12-30,Tunisia,65,1637.89
2011-12-30,Kuwait,66,1632.65
2011-12-30,Saudi Arabia,67,1632.22
2011-12-30,Uzbekistan,68,1631.74
2011-12-30,Slovenia,69,1628.84
2011-12-30,Wales,70,1627.54
2011-12-30,Andalusia,71,1620.0
2011-12-30,Jordan,72,1618.99
2011-12-30,Canada,73,1614.39
2011-12-30,El Salvador,74,1610.25
2011-12-30,Isle of Wight,75,1609.98
2011-12-30,Uganda,76,1608.85
2011-12-30,Slovakia,77,1606.62
2011-12-30,Montenegro,78,1602.05
2011-12-30,Fiji,79,1600.78
2011-12-30,Gibraltar,80,1594.26
2011-12-30,Belarus,81,1593.41
2011-12-30,North Korea,82,1591.86
2011-12-30,Bulgaria,83,1591.73
2011-12-30,Bahrain,84,1586.42
2011-12-30,Qatar,85,1586.03
2011-12-30,New Zealand,86,1585.78
2011-12-30,Kernow,87,1584.65
2011-12-30,Algeria,88,1582.96
2011-12-30,Solomon Islands,89,1582.88
2011-12-30,Gabon,90,1582.6
2011-12-30,New Caledonia,91,1579.96
2011-12-30,Guinea,92,1577.75
2011-12-30,Rhodes,93,1576.25
2011-12-30,Galicia,94,1575.97
2011-12-30,Finland,95,1573.19
2011-12-30,Guadeloupe,96,1571.84
2011-12-30,Vanuatu,97,1571.37
2011-12-30,Austria,98,1571.18
2011-12-30,Burkina Faso,99,1569.97
2011-12-30,Libya,100,1569.22
2011-12-30,Trinidad and Tobago,101,1567.1
2011-12-30,Guatemala,102,1565.56
2011-12-30,Isle of Man,103,1558.57
2011-12-30,Thailand,104,1554.32
2011-12-30,Réunion,105,1551.06
2011-12-30,Angola,106,1549.48
2011-12-30,Zambia,107,1548.78
2011-12-30,Corsica,108,1548.68
2011-12-30,Syria,109,1548.16
2011-12-30,Mali,110,1547.32
2011-12-30,Northern Cyprus,111,1543.95
2011-12-30,North Macedonia,112,1542.7
2011-12-30,Menorca,113,1539.41
2011-12-30,Occitania,114,1536.54
2011-12-30,Ynys Môn,115,1536.01
2011-12-30,Åland Islands,116,1528.81
2011-12-30,Iraqi Kurdistan,117,1528.39
2011-12-30,Estonia,118,1528.13
2011-12-30,Botswana,119,1527.06
2011-12-30,Sápmi,120,1526.02
2011-12-30,Canary Islands,121,1522.59
2011-12-30,Cuba,122,1522.59
2011-12-30,Lithuania,123,1521.77
2011-12-30,Cape Verde,124,1521.24
2011-12-30,Bolivia,125,1519.77
2011-12-30,Albania,126,1519.08
2011-12-30,Tahiti,127,1518.75
2011-12-30,United Arab Emirates,128,1518.6
2011-12-30,Asturias,129,1517.44
2011-12-30,Kosovo,130,1516.82
2011-12-30,Chagos Islands,131,1516.0
2011-12-30,Silesia,132,1515.73
2011-12-30,Zimbabwe,133,1509.84
2011-12-30,Martinique,134,1508.25
2011-12-30,Brittany,135,1508.04
2011-12-30,Crimea,136,1507.28
2011-12-30,Latvia,137,1505.51
2011-12-30,Guyana,138,1505.14
2011-12-30,DR Congo,139,1503.62
2011-12-30,Sudan,140,1501.69
2011-12-30,Georgia,141,1501.47
2011-12-30,Central Spain,142,1501.37
2011-12-30,Sealand,143,1501.04
2011-12-30,Arameans Suryoye,144,1500.53
2011-12-30,Cyprus,145,1500.51
2011-12-30,Romani people,146,1496.81
2011-12-30,Haiti,147,1495.94
2011-12-30,Western Sahara,148,1495.51
2011-12-30,Rwanda,149,1495.29
2011-12-30,Armenia,150,1494.71
2011-12-30,Shetland,151,1487.98
2011-12-30,Antigua and Barbuda,152,1485.61
2011-12-30,Northern Ireland,153,1485.13
2011-12-30,Cilento,154,1484.99
2011-12-30,Raetia,155,1484.0
2011-12-30,Gotland,156,1482.93
2011-12-30,Monaco,157,1482.53
2011-12-30,Iceland,158,1479.53
2011-12-30,Republic of St. Pauli,159,1478.8
2011-12-30,Mozambique,160,1478.69
2011-12-30,Saint Barthélemy,161,1476.33
2011-12-30,Western Isles,162,1475.99
2011-12-30,Malawi,163,1475.87
2011-12-30,Niue,164,1474.97
2011-12-30,South Yemen,165,1473.5
2011-12-30,Two Sicilies,166,1473.18
2011-12-30,Bonaire,167,1470.02
2011-12-30,Chechnya,168,1469.56
2011-12-30,Indonesia,169,1469.5
2011-12-30,Sierra Leone,170,1465.08
2011-12-30,North Vietnam,171,1463.0
2011-12-30,Vatican City,172,1460.2
2011-12-30,Vietnam,173,1458.9
2011-12-30,Azerbaijan,174,1458.55
2011-12-30,Congo,175,1456.79
2011-12-30,Palau,176,1455.82
2011-12-30,Găgăuzia,177,1453.55
2011-12-30,Gambia,178,1453.36
2011-12-30,Togo,179,1452.9
2011-12-30,Manchukuo,180,1451.84
2011-12-30,Saarland,181,1449.76
2011-12-30,Papua New Guinea,182,1446.15
2011-12-30,Singapore,183,1445.52
2011-12-30,Gozo,184,1445.2
2011-12-30,Yemen,185,1443.95
2011-12-30,Saint Pierre and Miquelon,186,1443.13
2011-12-30,Benin,187,1442.19
2011-12-30,Tajikistan,188,1441.59
2011-12-30,Sark,189,1437.57
2011-12-30,Provence,190,1436.31
2011-12-30,Turkmenistan,191,1434.81
2011-12-30,Bermuda,192,1433.39
2011-12-30,Niger,193,1433.38
2011-12-30,India,194,1430.64
2011-12-30,Suriname,195,1430.26
2011-12-30,Ethiopia,196,1426.44
2011-12-30,Zanzibar,197,1425.05
2011-12-30,Ambazonia,198,1425.01
2011-12-30,Lebanon,199,1423.07
2011-12-30,Namibia,200,1420.19
2011-12-30,Sint Maarten,201,1418.8
2011-12-30,Moldova,202,1417.62
2011-12-30,Vietnam Republic,203,1416.37
2011-12-30,Hitra,204,1413.84
2011-12-30,Saint Kitts and Nevis,205,1413.75
2011-12-30,Micronesia,206,1412.66
2011-12-30,Liberia,207,1411.88
2011-12-30,Western Australia,208,1409.92
2011-12-30,Frøya,209,1409.52
2011-12-30,Malaysia,210,1405.54
2011-12-30,Kazakhstan,211,1403.42
2011-12-30,Yemen DPR,212,1400.88
2011-12-30,Saint Vincent and the Grenadines,213,1400.27
2011-12-30,Tanzania,214,1398.26
2011-12-30,Kenya,215,1396.98
2011-12-30,Greenland,216,1395.48
2011-12-30,Hong Kong,217,1392.79
2011-12-30,Mayotte,218,1392.32
2011-12-30,Orkney,219,1390.27
2011-12-30,Tuvalu,220,1389.17
2011-12-30,Bahamas,221,1385.84
2011-12-30,Madagascar,222,1380.62
2011-12-30,Equatorial Guinea,223,1379.44
2011-12-30,Palestine,224,1378.55
2011-12-30,Burundi,225,1377.3
2011-12-30,Dominican Republic,226,1374.46
2011-12-30,Samoa,227,1373.77
2011-12-30,Tibet,228,1372.14
2011-12-30,French Guiana,229,1369.36
2011-12-30,Grenada,230,1369.11
2011-12-30,Guinea-Bissau,231,1369.06
2011-12-30,Kiribati,232,1360.97
2011-12-30,Chad,233,1357.35
2011-12-30,Turks and Caicos Islands,234,1356.53
2011-12-30,Falkland Islands,235,1355.63
2011-12-30,Barbados,236,1350.68
2011-12-30,Wallis Islands and Futuna,237,1346.32
2011-12-30,Puerto Rico,238,1345.14
2011-12-30,Belize,239,1341.36
2011-12-30,Central African Republic,240,1337.46
2011-12-30,Saare County,241,1337.37
2011-12-30,Tonga,242,1337.0
2011-12-30,Maldives,243,1335.59
2011-12-30,São Tomé and Príncipe,244,1330.56
2011-12-30,Eritrea,245,1320.46
2011-12-30,Saint Martin,246,1318.26
2011-12-30,Lesotho,247,1316.7
2011-12-30,Northern Mariana Islands,248,1313.4
2011-12-30,Cook Islands,249,1310.35
2011-12-30,Mauritania,250,1302.5
2011-12-30,Myanmar,251,1302.2
2011-12-30,Malta,252,1296.56
2011-12-30,Curaçao,253,1293.54
2011-12-30,Faroe Islands,254,1291.9
2011-12-30,Philippines,255,1280.66
2011-12-30,Eswatini,256,1277.92
2011-12-30,Liechtenstein,257,1277.45
2011-12-30,Kyrgyzstan,258,1277.05
2011-12-30,Luxembourg,259,1275.39
2011-12-30,Nicaragua,260,1275.26
2011-12-30,Nepal,261,1274.14
2011-12-30,Seychelles,262,1261.92
2011-12-30,Mongolia,263,1258.14
2011-12-30,Cayman Islands,264,1257.33
2011-12-30,Mauritius,265,1255.16
2011-12-30,Dominica,266,1254.47
2011-12-30,Aruba,267,1236.99
2011-12-30,Saint Lucia,268,1236.5
2011-12-30,Taiwan,269,1236.36
2011-12-30,Afghanistan,270,1227.62
2011-12-30,Bangladesh,271,1224.48
2011-12-30,United States Virgin Islands,272,1216.98
2011-12-30,Montserrat,273,1215.99
2011-12-30,Guam,274,1213.59
2011-12-30,Comoros,275,1212.61
2011-12-30,British Virgin Islands,276,1207.04
2011-12-30,Laos,277,1192.69
2011-12-30,American Samoa,278,1186.97
2011-12-30,Sri Lanka,279,1181.56
2011-12-30,Pakistan,280,1171.08
2011-12-30,Anguilla,281,1157.32
2011-12-30,Andorra,282,1153.44
2011-12-30,Somalia,283,1140.93
2011-12-30,Timor-Leste,284,1126.08
2011-12-30,Alderney,285,1125.94
2011-12-30,Cambodia,286,1118.4
2011-12-30,San Marino,287,1109.98
2011-12-30,Djibouti,288,1097.62
2011-12-30,Macau,289,1051.07
2011-12-30,Brunei,290,1050.49
2011-12-30,Bhutan,291,1015.71
2012-12-30,Spain,1,2040.12
2012-12-30,Brazil,2,1972.37
2012-12-30,Argentina,3,1937.43
2012-12-30,Germany,4,1923.15
2012-12-30,England,5,1907.06
2012-12-30,Netherlands,6,1885.89
2012-12-30,France,7,1873.21
2012-12-30,Mexico,8,1852.87
2012-12-30,Sweden,9,1850.76
2012-12-30,Japan,10,1839.11
2012-12-30,Ivory Coast,11,1831.13
2012-12-30,Croatia,12,1830.25
2012-12-30,Colombia,13,1829.17
2012-12-30,Italy,14,1825.9
2012-12-30,Portugal,15,1820.85
2012-12-30,Russia,16,1817.96
2012-12-30,Uruguay,17,1816.37
2012-12-30,Ecuador,18,1796.19
2012-12-30,Greece,19,1793.05
2012-12-30,Australia,20,1791.08
2012-12-30,United States,21,1788.17
2012-12-30,Switzerland,22,1783.01
2012-12-30,South Korea,23,1773.41
2012-12-30,Chile,24,1755.05
2012-12-30,Poland,25,1743.0
2012-12-30,Norway,26,1740.54
2012-12-30,Republic of Ireland,27,1738.79
2012-12-30,Denmark,28,1738.13
2012-12-30,Paraguay,29,1737.95
2012-12-30,Basque Country,30,1736.37
2012-12-30,Yugoslavia,31,1732.26
2012-12-30,Czech Republic,32,1732.12
2012-12-30,Egypt,33,1727.77
2012-12-30,Belgium,34,1726.79
2012-12-30,Ukraine,35,1726.29
2012-12-30,Romania,36,1720.64
2012-12-30,Jersey,37,1710.3
2012-12-30,Czechoslovakia,38,1705.97
2012-12-30,Iran,39,1705.95
2012-12-30,China,40,1705.91
2012-12-30,Bosnia and Herzegovina,41,1704.53
2012-12-30,Guernsey,42,1702.01
2012-12-30,German DR,43,1699.83
2012-12-30,Turkey,44,1696.56
2012-12-30,Catalonia,45,1690.36
2012-12-30,Panama,46,1686.78
2012-12-30,Ghana,47,1685.7
2012-12-30,Hungary,48,1682.87
2012-12-30,Peru,49,1681.85
2012-12-30,Nigeria,50,1681.7
2012-12-30,Tunisia,51,1671.79
2012-12-30,Venezuela,52,1668.93
2012-12-30,New Zealand,53,1666.9
2012-12-30,Serbia,54,1657.85
2012-12-30,Honduras,55,1656.34
2012-12-30,Montenegro,56,1655.03
2012-12-30,North Korea,57,1653.29
2012-12-30,Uzbekistan,58,1653.1
2012-12-30,Scotland,59,1652.74
2012-12-30,South Africa,60,1652.14
2012-12-30,Padania,61,1644.98
2012-12-30,Costa Rica,62,1642.14
2012-12-30,Uganda,63,1641.03
2012-12-30,Bulgaria,64,1637.01
2012-12-30,Iraq,65,1633.12
2012-12-30,Cameroon,66,1629.75
2012-12-30,Canada,67,1623.67
2012-12-30,Algeria,68,1623.48
2012-12-30,Austria,69,1622.61
2012-12-30,Finland,70,1621.57
2012-12-30,Slovakia,71,1621.04
2012-12-30,Andalusia,72,1620.0
2012-12-30,Oman,73,1619.85
2012-12-30,United Arab Emirates,74,1616.39
2012-12-30,Zambia,75,1613.61
2012-12-30,Libya,76,1610.86
2012-12-30,Jamaica,77,1610.19
2012-12-30,Isle of Wight,78,1609.98
2012-12-30,Saudi Arabia,79,1609.31
2012-12-30,Mali,80,1606.13
2012-12-30,Israel,81,1603.12
2012-12-30,Senegal,82,1601.95
2012-12-30,Slovenia,83,1601.04
2012-12-30,Belarus,84,1600.66
2012-12-30,Kuwait,85,1596.56
2012-12-30,Gibraltar,86,1594.26
2012-12-30,Gabon,87,1590.26
2012-12-30,Iraqi Kurdistan,88,1587.05
2012-12-30,Guatemala,89,1585.74
2012-12-30,Bolivia,90,1585.62
2012-12-30,Kernow,91,1584.65
2012-12-30,Réunion,92,1584.32
2012-12-30,Wales,93,1581.36
2012-12-30,Fiji,94,1578.02
2012-12-30,Rhodes,95,1576.25
2012-12-30,Galicia,96,1575.97
2012-12-30,Thailand,97,1575.78
2012-12-30,Bahrain,98,1573.87
2012-12-30,Occitania,99,1573.26
2012-12-30,New Caledonia,100,1572.27
2012-12-30,Angola,101,1570.9
2012-12-30,North Macedonia,102,1570.79
2012-12-30,El Salvador,103,1568.55
2012-12-30,Guinea,104,1566.0
2012-12-30,Jordan,105,1563.16
2012-12-30,Isle of Man,106,1558.57
2012-12-30,Guadeloupe,107,1554.4
2012-12-30,Albania,108,1554.29
2012-12-30,Morocco,109,1551.71
2012-12-30,Haiti,110,1551.38
2012-12-30,Martinique,111,1549.48
2012-12-30,Corsica,112,1548.68
2012-12-30,Vanuatu,113,1546.99
2012-12-30,Qatar,114,1544.73
2012-12-30,Syria,115,1544.17
2012-12-30,Trinidad and Tobago,116,1541.0
2012-12-30,Estonia,117,1539.95
2012-12-30,Menorca,118,1539.41
2012-12-30,Ynys Môn,119,1536.01
2012-12-30,Northern Cyprus,120,1534.86
2012-12-30,Georgia,121,1532.7
2012-12-30,Solomon Islands,122,1532.53
2012-12-30,Chagos Islands,123,1531.31
2012-12-30,Cuba,124,1530.49
2012-12-30,Åland Islands,125,1528.81
2012-12-30,Tahiti,126,1525.92
2012-12-30,Canary Islands,127,1522.59
2012-12-30,Asturias,128,1517.44
2012-12-30,Kosovo,129,1516.82
2012-12-30,Artsakh,130,1516.0
2012-12-30,Silesia,131,1515.73
2012-12-30,Cape Verde,132,1512.5
2012-12-30,Burkina Faso,133,1510.81
2012-12-30,Sápmi,134,1510.51
2012-12-30,Armenia,135,1510.35
2012-12-30,Brittany,136,1508.04
2012-12-30,Crimea,137,1507.28
2012-12-30,Kurdistan,138,1505.77
2012-12-30,DR Congo,139,1502.68
2012-12-30,Central Spain,140,1501.37
2012-12-30,Arameans Suryoye,141,1500.53
2012-12-30,Togo,142,1499.82
2012-12-30,Romani people,143,1496.81
2012-12-30,Iceland,144,1494.46
2012-12-30,Shetland,145,1487.98
2012-12-30,Latvia,146,1487.77
2012-12-30,Western Sahara,147,1486.18
2012-12-30,Cilento,148,1484.99
2012-12-30,Abkhazia,149,1484.0
2012-12-30,Congo,150,1483.18
2012-12-30,Gotland,151,1482.93
2012-12-30,Northern Ireland,152,1481.14
2012-12-30,Republic of St. Pauli,153,1478.8
2012-12-30,Zimbabwe,154,1478.47
2012-12-30,Tanzania,155,1477.66
2012-12-30,Western Isles,156,1475.99
2012-12-30,Niue,157,1474.97
2012-12-30,South Yemen,158,1473.5
2012-12-30,Sealand,159,1473.29
2012-12-30,Two Sicilies,160,1473.18
2012-12-30,Cyprus,161,1472.03
2012-12-30,Lithuania,162,1471.92
2012-12-30,Turkmenistan,163,1471.16
2012-12-30,Chechnya,164,1469.56
2012-12-30,Tamil Eelam,165,1467.65
2012-12-30,Sierra Leone,166,1467.03
2012-12-30,Monaco,167,1464.38
2012-12-30,Saint Barthélemy,168,1463.48
2012-12-30,North Vietnam,169,1463.0
2012-12-30,Gozo,170,1462.98
2012-12-30,Guyana,171,1461.93
2012-12-30,Vatican City,172,1460.2
2012-12-30,Azerbaijan,173,1459.13
2012-12-30,Botswana,174,1458.59
2012-12-30,Benin,175,1456.95
2012-12-30,Palau,176,1455.82
2012-12-30,Zanzibar,177,1455.78
2012-12-30,South Sudan,178,1455.08
2012-12-30,Liberia,179,1454.42
2012-12-30,Raetia,180,1453.66
2012-12-30,Găgăuzia,181,1453.55
2012-12-30,Mozambique,182,1452.38
2012-12-30,Manchukuo,183,1451.84
2012-12-30,Darfur,184,1451.76
2012-12-30,Ethiopia,185,1451.06
2012-12-30,Saarland,186,1449.76
2012-12-30,Sudan,187,1448.74
2012-12-30,Tajikistan,188,1446.62
2012-12-30,Provence,189,1446.34
2012-12-30,Malawi,190,1445.2
2012-12-30,Equatorial Guinea,191,1445.16
2012-12-30,Vietnam,192,1444.24
2012-12-30,Palestine,193,1442.29
2012-12-30,Sark,194,1437.57
2012-12-30,Singapore,195,1437.13
2012-12-30,Indonesia,196,1436.83
2012-12-30,Rwanda,197,1436.59
2012-12-30,Papua New Guinea,198,1434.29
2012-12-30,Lebanon,199,1433.27
2012-12-30,Burundi,200,1431.78
2012-12-30,Gambia,201,1429.51
2012-12-30,Dominican Republic,202,1428.84
2012-12-30,Bonaire,203,1427.88
2012-12-30,Kenya,204,1426.94
2012-12-30,French Guiana,205,1426.73
2012-12-30,Niger,206,1426.45
2012-12-30,Moldova,207,1426.17
2012-12-30,Namibia,208,1425.44
2012-12-30,Ambazonia,209,1425.01
2012-12-30,Antigua and Barbuda,210,1421.75
2012-12-30,Sint Maarten,211,1418.8
2012-12-30,Vietnam Republic,212,1416.37
2012-12-30,Mayotte,213,1415.93
2012-12-30,Saint Kitts and Nevis,214,1415.32
2012-12-30,Hitra,215,1413.84
2012-12-30,Micronesia,216,1412.66
2012-12-30,Bermuda,217,1411.9
2012-12-30,Saint Vincent and the Grenadines,218,1410.58
2012-12-30,Western Australia,219,1409.92
2012-12-30,Frøya,220,1409.52
2012-12-30,Suriname,221,1403.04
2012-12-30,Malaysia,222,1401.88
2012-12-30,Kazakhstan,223,1401.55
2012-12-30,Yemen DPR,224,1400.88
2012-12-30,Central African Republic,225,1398.41
2012-12-30,Greenland,226,1395.48
2012-12-30,Philippines,227,1393.38
2012-12-30,Saint Pierre and Miquelon,228,1393.06
2012-12-30,Orkney,229,1390.27
2012-12-30,Tuvalu,230,1389.17
2012-12-30,Hong Kong,231,1385.84
2012-12-30,Bahamas,232,1385.84
2012-12-30,India,233,1385.22
2012-12-30,Yemen,234,1379.94
2012-12-30,Tibet,235,1372.14
2012-12-30,Grenada,236,1362.09
2012-12-30,Kiribati,237,1360.97
2012-12-30,Madagascar,238,1360.46
2012-12-30,Chad,239,1360.31
2012-12-30,Guinea-Bissau,240,1359.32
2012-12-30,Barbados,241,1359.04
2012-12-30,Turks and Caicos Islands,242,1356.53
2012-12-30,Falkland Islands,243,1355.63
2012-12-30,São Tomé and Príncipe,244,1352.05
2012-12-30,Samoa,245,1349.09
2012-12-30,Wallis Islands and Futuna,246,1346.32
2012-12-30,Belize,247,1341.36
2012-12-30,Saare County,248,1337.37
2012-12-30,Maldives,249,1337.32
2012-12-30,Tonga,250,1337.0
2012-12-30,Malta,251,1333.71
2012-12-30,Puerto Rico,252,1321.58
2012-12-30,Myanmar,253,1310.4
2012-12-30,Cook Islands,254,1310.35
2012-12-30,Eritrea,255,1306.02
2012-12-30,Nicaragua,256,1297.06
2012-12-30,Lesotho,257,1295.77
2012-12-30,Saint Martin,258,1284.06
2012-12-30,Eswatini,259,1282.0
2012-12-30,Mauritania,260,1281.76
2012-12-30,Faroe Islands,261,1278.86
2012-12-30,Luxembourg,262,1274.8
2012-12-30,Kyrgyzstan,263,1266.81
2012-12-30,Curaçao,264,1260.59
2012-12-30,Mongolia,265,1258.14
2012-12-30,Cayman Islands,266,1257.33
2012-12-30,Saint Lucia,267,1255.32
2012-12-30,Mauritius,268,1255.16
2012-12-30,Aruba,269,1253.12
2012-12-30,Dominica,270,1250.18
2012-12-30,Seychelles,271,1249.95
2012-12-30,Northern Mariana Islands,272,1248.57
2012-12-30,Liechtenstein,273,1240.35
2012-12-30,Nepal,274,1228.42
2012-12-30,Bangladesh,275,1228.07
2012-12-30,Afghanistan,276,1227.62
2012-12-30,Taiwan,277,1225.71
2012-12-30,Guam,278,1221.7
2012-12-30,Montserrat,279,1219.64
2012-12-30,United States Virgin Islands,280,1216.98
2012-12-30,Comoros,281,1212.61
2012-12-30,Laos,282,1198.51
2012-12-30,British Virgin Islands,283,1191.85
2012-12-30,American Samoa,284,1186.97
2012-12-30,Sri Lanka,285,1174.48
2012-12-30,Pakistan,286,1164.11
2012-12-30,Andorra,287,1141.53
2012-12-30,Alderney,288,1137.14
2012-12-30,Anguilla,289,1135.13
2012-12-30,Timor-Leste,290,1128.27
2012-12-30,Somalia,291,1125.9
2012-12-30,Djibouti,292,1097.62
2012-12-30,San Marino,293,1095.53
2012-12-30,Cambodia,294,1075.24
2012-12-30,Brunei,295,1073.69
2012-12-30,Macau,296,1043.66
2012-12-30,Bhutan,297,1014.35
2013-12-31,Brazil,1,2020.23
2013-12-31,Spain,2,2009.58
2013-12-31,Germany,3,1953.39
2013-12-31,Argentina,4,1939.01
2013-12-31,Netherlands,5,1896.18
2013-12-31,England,6,1891.11
2013-12-31,Uruguay,7,1864.5
2013-12-31,Colombia,8,1864.07
2013-12-31,Portugal,9,1856.09
2013-12-31,Chile,10,1854.35
2013-12-31,United States,11,1838.65
2013-12-31,France,12,1838.21
2013-12-31,Italy,13,1835.15
2013-12-31,Greece,14,1811.92
2013-12-31,Ukraine,15,1801.18
2013-12-31,Sweden,16,1800.33
2013-12-31,Switzerland,17,1797.87
2013-12-31,Russia,18,1795.92
2013-12-31,Ecuador,19,1784.8
2013-12-31,Mexico,20,1784.75
2013-12-31,Croatia,21,1781.69
2013-12-31,Ivory Coast,22,1780.67
2013-12-31,Japan,23,1777.11
2013-12-31,Belgium,24,1773.9
2013-12-31,Australia,25,1750.87
2013-12-31,Basque Country,26,1750.84
2013-12-31,Iran,27,1748.06
2013-12-31,South Korea,28,1735.11
2013-12-31,Yugoslavia,29,1732.26
2013-12-31,United Arab Emirates,30,1732.14
2013-12-31,Denmark,31,1729.16
2013-12-31,Nigeria,32,1728.48
2013-12-31,Egypt,33,1728.19
2013-12-31,Czech Republic,34,1726.16
2013-12-31,Romania,35,1723.75
2013-12-31,Republic of Ireland,36,1723.31
2013-12-31,Bosnia and Herzegovina,37,1720.93
2013-12-31,Guernsey,38,1718.44
2013-12-31,Ghana,39,1713.86
2013-12-31,Paraguay,40,1713.84
2013-12-31,Costa Rica,41,1711.79
2013-12-31,Serbia,42,1708.64
2013-12-31,Czechoslovakia,43,1705.97
2013-12-31,Turkey,44,1700.96
2013-12-31,Catalonia,45,1700.21
2013-12-31,German DR,46,1699.83
2013-12-31,Scotland,47,1698.28
2013-12-31,Jersey,48,1694.98
2013-12-31,Panama,49,1692.57
2013-12-31,Peru,50,1688.61
2013-12-31,Venezuela,51,1688.2
2013-12-31,Hungary,52,1686.33
2013-12-31,Honduras,53,1684.29
2013-12-31,Jordan,54,1679.06
2013-12-31,Poland,55,1679.06
2013-12-31,China,56,1671.71
2013-12-31,Uzbekistan,57,1671.32
2013-12-31,Austria,58,1666.69
2013-12-31,Kuwait,59,1663.84
2013-12-31,Cameroon,60,1662.89
2013-12-31,South Africa,61,1659.05
2013-12-31,New Zealand,62,1654.29
2013-12-31,Finland,63,1652.54
2013-12-31,Algeria,64,1645.32
2013-12-31,Padania,65,1644.98
2013-12-31,Oman,66,1644.84
2013-12-31,Tunisia,67,1642.43
2013-12-31,Norway,68,1638.91
2013-12-31,North Korea,69,1637.76
2013-12-31,Slovenia,70,1636.54
2013-12-31,Montenegro,71,1633.08
2013-12-31,Andalusia,72,1630.68
2013-12-31,Israel,73,1627.23
2013-12-31,Libya,74,1624.08
2013-12-31,Slovakia,75,1619.73
2013-12-31,Bulgaria,76,1615.83
2013-12-31,Wales,77,1613.59
2013-12-31,Senegal,78,1611.65
2013-12-31,Occitania,79,1610.86
2013-12-31,Isle of Wight,80,1609.98
2013-12-31,Belarus,81,1608.14
2013-12-31,Uganda,82,1597.28
2013-12-31,Gibraltar,83,1595.49
2013-12-31,Saudi Arabia,84,1595.05
2013-12-31,Qatar,85,1594.33
2013-12-31,Bolivia,86,1593.56
2013-12-31,Iraqi Kurdistan,87,1587.05
2013-12-31,Kernow,88,1584.65
2013-12-31,Réunion,89,1584.32
2013-12-31,Fiji,90,1578.02
2013-12-31,Bahrain,91,1577.04
2013-12-31,Rhodes,92,1576.25
2013-12-31,New Caledonia,93,1575.68
2013-12-31,Guinea,94,1575.0
2013-12-31,Iraq,95,1572.61
2013-12-31,Trinidad and Tobago,96,1569.85
2013-12-31,Morocco,97,1566.56
2013-12-31,Galicia,98,1560.89
2013-12-31,Zambia,99,1560.73
2013-12-31,Isle of Man,100,1558.57
2013-12-31,North Macedonia,101,1557.39
2013-12-31,Burkina Faso,102,1556.57
2013-12-31,Gabon,103,1555.79
2013-12-31,Jamaica,104,1555.6
2013-12-31,Iceland,105,1554.75
2013-12-31,Guadeloupe,106,1554.4
2013-12-31,Martinique,107,1550.91
2013-12-31,El Salvador,108,1550.84
2013-12-31,Kurdistan,109,1549.57
2013-12-31,Albania,110,1549.24
2013-12-31,Cape Verde,111,1548.84
2013-12-31,Corsica,112,1548.68
2013-12-31,Angola,113,1547.12
2013-12-31,Vanuatu,114,1546.99
2013-12-31,Menorca,115,1539.41
2013-12-31,Armenia,116,1537.08
2013-12-31,Ynys Môn,117,1536.01
2013-12-31,Mali,118,1534.91
2013-12-31,Northern Cyprus,119,1534.86
2013-12-31,Chagos Islands,120,1531.31
2013-12-31,Brittany,121,1529.0
2013-12-31,Kenya,122,1528.89
2013-12-31,Åland Islands,123,1528.81
2013-12-31,Thailand,124,1527.96
2013-12-31,Estonia,125,1527.84
2013-12-31,Guatemala,126,1522.98
2013-12-31,Canary Islands,127,1522.59
2013-12-31,Cuba,128,1518.3
2013-12-31,Asturias,129,1517.44
2013-12-31,Kosovo,130,1516.82
2013-12-31,Artsakh,131,1516.0
2013-12-31,Silesia,132,1515.73
2013-12-31,Tahiti,133,1512.59
2013-12-31,Sápmi,134,1510.51
2013-12-31,Canada,135,1510.12
2013-12-31,Quebec,136,1508.55
2013-12-31,Georgia,137,1508.4
2013-12-31,Crimea,138,1507.28
2013-12-31,DR Congo,139,1507.28
2013-12-31,Solomon Islands,140,1507.21
2013-12-31,Haiti,141,1502.96
2013-12-31,Central Spain,142,1501.37
2013-12-31,Abkhazia,143,1500.74
2013-12-31,Arameans Suryoye,144,1500.53
2013-12-31,Ethiopia,145,1498.62
2013-12-31,Saugeais,146,1497.88
2013-12-31,Romani people,147,1496.81
2013-12-31,Botswana,148,1491.81
2013-12-31,Syria,149,1491.05
2013-12-31,Togo,150,1490.02
2013-12-31,Madrid,151,1489.32
2013-12-31,Tamil Eelam,152,1488.01
2013-12-31,Shetland,153,1487.98
2013-12-31,Cilento,154,1484.99
2013-12-31,South Ossetia,155,1483.26
2013-12-31,Gotland,156,1482.93
2013-12-31,Azerbaijan,157,1480.87
2013-12-31,Congo,158,1479.29
2013-12-31,Lebanon,159,1479.04
2013-12-31,Tanzania,160,1478.86
2013-12-31,Republic of St. Pauli,161,1478.8
2013-12-31,Zimbabwe,162,1477.08
2013-12-31,Western Isles,163,1475.99
2013-12-31,Niue,164,1474.97
2013-12-31,South Yemen,165,1473.5
2013-12-31,Two Sicilies,166,1473.18
2013-12-31,Sierra Leone,167,1470.31
2013-12-31,Chechnya,168,1469.56
2013-12-31,Bermuda,169,1467.75
2013-12-31,Liberia,170,1464.2
2013-12-31,Monaco,171,1464.13
2013-12-31,Saint Barthélemy,172,1463.48
2013-12-31,North Vietnam,173,1463.0
2013-12-31,Gozo,174,1462.98
2013-12-31,Mozambique,175,1462.91
2013-12-31,Tajikistan,176,1462.91
2013-12-31,Guyana,177,1461.93
2013-12-31,Latvia,178,1460.76
2013-12-31,Benin,179,1459.76
2013-12-31,Sudan,180,1457.11
2013-12-31,Palau,181,1455.82
2013-12-31,Turkmenistan,182,1455.2
2013-12-31,Găgăuzia,183,1453.55
2013-12-31,Manchukuo,184,1451.84
2013-12-31,Darfur,185,1451.76
2013-12-31,Northern Ireland,186,1451.64
2013-12-31,Saarland,187,1449.76
2013-12-31,Western Sahara,188,1449.73
2013-12-31,Palestine,189,1448.69
2013-12-31,Provence,190,1447.75
2013-12-31,Cyprus,191,1446.41
2013-12-31,Raetia,192,1444.65
2013-12-31,Lithuania,193,1444.46
2013-12-31,Vatican City,194,1443.61
2013-12-31,Dominican Republic,195,1443.43
2013-12-31,Zanzibar,196,1441.36
2013-12-31,Moldova,197,1440.21
2013-12-31,Sealand,198,1438.21
2013-12-31,Sark,199,1437.57
2013-12-31,Papua New Guinea,200,1434.29
2013-12-31,Singapore,201,1430.44
2013-12-31,Suriname,202,1429.91
2013-12-31,Indonesia,203,1428.98
2013-12-31,Malawi,204,1428.13
2013-12-31,French Guiana,205,1426.73
2013-12-31,Ambazonia,206,1425.01
2013-12-31,Equatorial Guinea,207,1424.05
2013-12-31,Kazakhstan,208,1423.91
2013-12-31,Vietnam,209,1423.11
2013-12-31,Antigua and Barbuda,210,1421.75
2013-12-31,Bonaire,211,1419.36
2013-12-31,Sint Maarten,212,1418.8
2013-12-31,Vietnam Republic,213,1416.37
2013-12-31,Mayotte,214,1415.93
2013-12-31,Saint Kitts and Nevis,215,1415.32
2013-12-31,Hitra,216,1413.84
2013-12-31,Micronesia,217,1412.66
2013-12-31,South Sudan,218,1411.66
2013-12-31,Western Australia,219,1409.92
2013-12-31,Gambia,220,1408.53
2013-12-31,Niger,221,1405.79
2013-12-31,Burundi,222,1403.32
2013-12-31,Philippines,223,1402.65
2013-12-31,Namibia,224,1402.64
2013-12-31,Yemen DPR,225,1400.88
2013-12-31,Hong Kong,226,1397.51
2013-12-31,Greenland,227,1397.02
2013-12-31,Saint Pierre and Miquelon,228,1393.06
2013-12-31,Orkney,229,1390.27
2013-12-31,Tuvalu,230,1389.17
2013-12-31,Saint Vincent and the Grenadines,231,1387.87
2013-12-31,Bahamas,232,1385.84
2013-12-31,Rwanda,233,1381.6
2013-12-31,Central African Republic,234,1372.46
2013-12-31,Tibet,235,1371.66
2013-12-31,India,236,1367.34
2013-12-31,Malaysia,237,1365.36
2013-12-31,Falkland Islands,238,1362.88
2013-12-31,Grenada,239,1362.09
2013-12-31,Kiribati,240,1360.97
2013-12-31,Madagascar,241,1360.46
2013-12-31,Chad,242,1360.31
2013-12-31,Guinea-Bissau,243,1359.32
2013-12-31,Barbados,244,1359.04
2013-12-31,Turks and Caicos Islands,245,1356.53
2013-12-31,São Tomé and Príncipe,246,1352.05
2013-12-31,Samoa,247,1349.09
2013-12-31,Belize,248,1348.08
2013-12-31,Mauritania,249,1347.29
2013-12-31,Wallis Islands and Futuna,250,1346.32
2013-12-31,Frøya,251,1344.86
2013-12-31,Malta,252,1342.62
2013-12-31,Lesotho,253,1338.89
2013-12-31,Saare County,254,1337.37
2013-12-31,Tonga,255,1337.0
2013-12-31,Luxembourg,256,1331.02
2013-12-31,Myanmar,257,1322.25
2013-12-31,Puerto Rico,258,1321.58
2013-12-31,Yemen,259,1312.29
2013-12-31,Cook Islands,260,1310.35
2013-12-31,Afghanistan,261,1295.67
2013-12-31,Maldives,262,1294.35
2013-12-31,Kyrgyzstan,263,1291.0
2013-12-31,Nicaragua,264,1289.34
2013-12-31,Saint Martin,265,1284.06
2013-12-31,Eritrea,266,1277.91
2013-12-31,Saint Lucia,267,1274.13
2013-12-31,Curaçao,268,1266.52
2013-12-31,Seychelles,269,1265.66
2013-12-31,Cayman Islands,270,1257.33
2013-12-31,Mauritius,271,1257.28
2013-12-31,Dominica,272,1254.07
2013-12-31,Eswatini,273,1254.02
2013-12-31,Faroe Islands,274,1246.62
2013-12-31,Liechtenstein,275,1234.36
2013-12-31,Aruba,276,1228.84
2013-12-31,Taiwan,277,1222.3
2013-12-31,Bangladesh,278,1220.6
2013-12-31,Montserrat,279,1219.64
2013-12-31,Nepal,280,1218.76
2013-12-31,Mongolia,281,1218.53
2013-12-31,United States Virgin Islands,282,1216.98
2013-12-31,Comoros,283,1212.61
2013-12-31,Guam,284,1210.69
2013-12-31,Northern Mariana Islands,285,1207.97
2013-12-31,Laos,286,1201.01
2013-12-31,Pakistan,287,1198.21
2013-12-31,British Virgin Islands,288,1191.85
2013-12-31,American Samoa,289,1186.97
2013-12-31,Sri Lanka,290,1156.85
2013-12-31,Andorra,291,1143.31
2013-12-31,Alderney,292,1139.36
2013-12-31,Anguilla,293,1135.13
2013-12-31,Timor-Leste,294,1128.27
2013-12-31,Somalia,295,1115.23
2013-12-31,Djibouti,296,1097.62
2013-12-31,San Marino,297,1087.5
2013-12-31,Brunei,298,1073.69
2013-12-31,Cambodia,299,1054.57
2013-12-31,Macau,300,1024.3
2013-12-31,Bhutan,301,994.42
2014-12-31,Brazil,1,2039.47
2014-12-31,Germany,2,1981.01
2014-12-31,Argentina,3,1956.3
2014-12-31,Spain,4,1928.76
2014-12-31,France,5,1906.84
2014-12-31,Colombia,6,1903.6
2014-12-31,England,7,1890.79
2014-12-31,Uruguay,8,1885.54
2014-12-31,Portugal,9,1872.67
2014-12-31,Chile,10,1869.33
2014-12-31,Netherlands,11,1867.17
2014-12-31,Belgium,12,1846.66
2014-12-31,Italy,13,1834.13
2014-12-31,Mexico,14,1820.33
2014-12-31,Ukraine,15,1805.43
2014-12-31,United States,16,1803.11
2014-12-31,Croatia,17,1800.67
2014-12-31,Ecuador,18,1792.4
2014-12-31,Japan,19,1786.89
2014-12-31,Switzerland,20,1778.87
2014-12-31,Romania,21,1771.58
2014-12-31,Russia,22,1771.19
2014-12-31,Costa Rica,23,1770.51
2014-12-31,Czech Republic,24,1748.78
2014-12-31,Basque Country,25,1748.53
2014-12-31,Poland,26,1745.17
2014-12-31,Sweden,27,1744.84
2014-12-31,Republic of Ireland,28,1735.56
2014-12-31,Guernsey,29,1734.41
2014-12-31,Yugoslavia,30,1732.26
2014-12-31,Slovakia,31,1731.28
2014-12-31,Scotland,32,1725.66
2014-12-31,Austria,33,1724.1
2014-12-31,Iran,34,1720.01
2014-12-31,Peru,35,1712.49
2014-12-31,Denmark,36,1711.83
2014-12-31,Tunisia,37,1710.53
2014-12-31,Serbia,38,1706.41
2014-12-31,Czechoslovakia,39,1705.97
2014-12-31,Algeria,40,1703.81
2014-12-31,Ivory Coast,41,1703.33
2014-12-31,Catalonia,42,1702.52
2014-12-31,Turkey,43,1700.63
2014-12-31,United Arab Emirates,44,1700.34
2014-12-31,German DR,45,1699.83
2014-12-31,Greece,46,1699.69
2014-12-31,Paraguay,47,1695.75
2014-12-31,South Africa,48,1694.49
2014-12-31,Bosnia and Herzegovina,49,1693.95
2014-12-31,Ghana,50,1693.19
2014-12-31,South Korea,51,1690.65
2014-12-31,Uzbekistan,52,1690.4
2014-12-31,Cameroon,53,1688.02
2014-12-31,Nigeria,54,1686.6
2014-12-31,Qatar,55,1683.43
2014-12-31,Egypt,56,1682.89
2014-12-31,Jersey,57,1680.11
2014-12-31,Senegal,58,1673.36
2014-12-31,Hungary,59,1671.25
2014-12-31,China,60,1668.01
2014-12-31,Panama,61,1667.16
2014-12-31,Australia,62,1666.66
2014-12-31,Israel,63,1660.09
2014-12-31,Venezuela,64,1655.78
2014-12-31,Honduras,65,1644.87
2014-12-31,Wales,66,1644.2
2014-12-31,Occitania,67,1636.89
2014-12-31,Norway,68,1633.39
2014-12-31,Padania,69,1631.5
2014-12-31,Andalusia,70,1630.68
2014-12-31,Montenegro,71,1627.6
2014-12-31,Finland,72,1626.15
2014-12-31,Guinea,73,1622.67
2014-12-31,Oman,74,1621.57
2014-12-31,Slovenia,75,1613.31
2014-12-31,Isle of Wight,76,1609.98
2014-12-31,New Zealand,77,1609.96
2014-12-31,Belarus,78,1604.94
2014-12-31,Morocco,79,1604.49
2014-12-31,Iceland,80,1603.2
2014-12-31,Albania,81,1601.71
2014-12-31,Kuwait,82,1600.89
2014-12-31,Bulgaria,83,1600.19
2014-12-31,Zambia,84,1599.73
2014-12-31,North Korea,85,1598.56
2014-12-31,Bolivia,86,1597.04
2014-12-31,Trinidad and Tobago,87,1595.34
2014-12-31,Bahrain,88,1593.94
2014-12-31,Saudi Arabia,89,1589.9
2014-12-31,Kernow,90,1584.65
2014-12-31,Réunion,91,1584.32
2014-12-31,Iraqi Kurdistan,92,1581.53
2014-12-31,Fiji,93,1578.02
2014-12-31,Rhodes,94,1576.25
2014-12-31,New Caledonia,95,1575.68
2014-12-31,Libya,96,1571.42
2014-12-31,Iraq,97,1561.65
2014-12-31,Galicia,98,1560.89
2014-12-31,Uganda,99,1560.17
2014-12-31,El Salvador,100,1558.67
2014-12-31,Isle of Man,101,1558.57
2014-12-31,Burkina Faso,102,1557.26
2014-12-31,Cape Verde,103,1556.77
2014-12-31,Jordan,104,1555.05
2014-12-31,Thailand,105,1550.24
2014-12-31,Kurdistan,106,1549.57
2014-12-31,Corsica,107,1548.68
2014-12-31,Ellan Vannin,108,1548.02
2014-12-31,Vanuatu,109,1546.99
2014-12-31,Jamaica,110,1544.5
2014-12-31,North Macedonia,111,1543.48
2014-12-31,County of Nice,112,1540.39
2014-12-31,Menorca,113,1539.41
2014-12-31,Guadeloupe,114,1538.31
2014-12-31,Mali,115,1537.67
2014-12-31,Arameans Suryoye,116,1536.84
2014-12-31,Gabon,117,1536.41
2014-12-31,Ynys Môn,118,1536.01
2014-12-31,Guatemala,119,1535.98
2014-12-31,Martinique,120,1535.75
2014-12-31,Northern Cyprus,121,1534.86
2014-12-31,Estonia,122,1534.74
2014-12-31,DR Congo,123,1534.49
2014-12-31,Angola,124,1533.11
2014-12-31,Brittany,125,1529.0
2014-12-31,Åland Islands,126,1528.81
2014-12-31,Haiti,127,1524.45
2014-12-31,Palestine,128,1523.42
2014-12-31,Canary Islands,129,1522.59
2014-12-31,Kosovo,130,1520.4
2014-12-31,Canada,131,1519.55
2014-12-31,Gibraltar,132,1518.19
2014-12-31,Georgia,133,1518.01
2014-12-31,Asturias,134,1517.44
2014-12-31,Armenia,135,1515.88
2014-12-31,Silesia,136,1515.73
2014-12-31,Abkhazia,137,1513.48
2014-12-31,Franconia,138,1513.47
2014-12-31,Artsakh,139,1512.87
2014-12-31,Tahiti,140,1512.59
2014-12-31,Congo,141,1512.5
2014-12-31,Székely Land,142,1512.23
2014-12-31,Chagos Islands,143,1508.71
2014-12-31,Quebec,144,1508.55
2014-12-31,Crimea,145,1507.28
2014-12-31,Solomon Islands,146,1507.21
2014-12-31,Botswana,147,1503.69
2014-12-31,Northern Ireland,148,1502.34
2014-12-31,Central Spain,149,1501.37
2014-12-31,Somaliland,150,1498.2
2014-12-31,Saugeais,151,1497.88
2014-12-31,Syria,152,1497.63
2014-12-31,Romani people,153,1496.81
2014-12-31,Sealand,154,1494.22
2014-12-31,Cuba,155,1493.06
2014-12-31,Togo,156,1491.49
2014-12-31,Madrid,157,1489.32
2014-12-31,Shetland,158,1487.98
2014-12-31,Lebanon,159,1486.77
2014-12-31,Cilento,160,1484.99
2014-12-31,Seborga,161,1482.95
2014-12-31,Gotland,162,1482.93
2014-12-31,Sápmi,163,1482.2
2014-12-31,Latvia,164,1481.71
2014-12-31,Mozambique,165,1479.06
2014-12-31,Republic of St. Pauli,166,1478.8
2014-12-31,Lithuania,167,1476.63
2014-12-31,Western Isles,168,1475.99
2014-12-31,Niue,169,1474.97
2014-12-31,South Yemen,170,1473.5
2014-12-31,Two Sicilies,171,1473.18
2014-12-31,Zimbabwe,172,1472.22
2014-12-31,Chechnya,173,1469.56
2014-12-31,Kenya,174,1468.65
2014-12-31,Bermuda,175,1467.75
2014-12-31,Vietnam,176,1467.63
2014-12-31,Azerbaijan,177,1466.45
2014-12-31,Monaco,178,1465.49
2014-12-31,Saint Barthélemy,179,1463.48
2014-12-31,North Vietnam,180,1463.0
2014-12-31,Gozo,181,1462.98
2014-12-31,Rwanda,182,1462.37
2014-12-31,South Ossetia,183,1461.52
2014-12-31,Tamil Eelam,184,1461.29
2014-12-31,Tanzania,185,1461.09
2014-12-31,Palau,186,1455.82
2014-12-31,Găgăuzia,187,1453.55
2014-12-31,Ethiopia,188,1453.16
2014-12-31,Cyprus,189,1452.69
2014-12-31,Manchukuo,190,1451.84
2014-12-31,Liberia,191,1450.67
2014-12-31,Saarland,192,1449.76
2014-12-31,Western Sahara,193,1449.73
2014-12-31,Provence,194,1447.75
2014-12-31,Benin,195,1445.98
2014-12-31,Suriname,196,1442.56
2014-12-31,Zanzibar,197,1441.36
2014-12-31,Sierra Leone,198,1440.38
2014-12-31,Sark,199,1437.57
2014-12-31,Burundi,200,1436.08
2014-12-31,Malawi,201,1435.81
2014-12-31,Tajikistan,202,1435.0
2014-12-31,Kazakhstan,203,1434.91
2014-12-31,Dominican Republic,204,1432.2
2014-12-31,Guyana,205,1429.85
2014-12-31,Vatican City,206,1427.9
2014-12-31,French Guiana,207,1427.28
2014-12-31,Saint Kitts and Nevis,208,1426.29
2014-12-31,Ambazonia,209,1425.01
2014-12-31,Sudan,210,1424.84
2014-12-31,Indonesia,211,1424.19
2014-12-31,Bonaire,212,1424.16
2014-12-31,Equatorial Guinea,213,1421.02
2014-12-31,Turkmenistan,214,1420.56
2014-12-31,Philippines,215,1418.93
2014-12-31,Sint Maarten,216,1418.8
2014-12-31,Moldova,217,1418.27
2014-12-31,Vietnam Republic,218,1416.37
2014-12-31,Mayotte,219,1415.93
2014-12-31,Antigua and Barbuda,220,1414.98
2014-12-31,Hitra,221,1413.84
2014-12-31,Micronesia,222,1412.66
2014-12-31,Western Australia,223,1409.92
2014-12-31,Gambia,224,1408.53
2014-12-31,Namibia,225,1407.01
2014-12-31,Niger,226,1406.91
2014-12-31,Saint Vincent and the Grenadines,227,1405.92
2014-12-31,Raetia,228,1404.39
2014-12-31,Darfur,229,1401.51
2014-12-31,Yemen DPR,230,1400.88
2014-12-31,Papua New Guinea,231,1400.64
2014-12-31,Greenland,232,1397.02
2014-12-31,Saint Pierre and Miquelon,233,1393.06
2014-12-31,South Sudan,234,1390.55
2014-12-31,Orkney,235,1390.27
2014-12-31,Singapore,236,1389.63
2014-12-31,Tuvalu,237,1389.17
2014-12-31,Malaysia,238,1387.89
2014-12-31,Bahamas,239,1385.84
2014-12-31,Barbados,240,1381.37
2014-12-31,Madagascar,241,1376.63
2014-12-31,Hong Kong,242,1375.39
2014-12-31,Guinea-Bissau,243,1373.83
2014-12-31,Tibet,244,1371.66
2014-12-31,Chad,245,1363.86
2014-12-31,Falkland Islands,246,1362.88
2014-12-31,Kiribati,247,1360.97
2014-12-31,Mauritania,248,1359.84
2014-12-31,India,249,1351.58
2014-12-31,Luxembourg,250,1350.54
2014-12-31,Yemen,251,1350.41
2014-12-31,Samoa,252,1349.09
2014-12-31,Belize,253,1348.08
2014-12-31,Central African Republic,254,1347.9
2014-12-31,Wallis Islands and Futuna,255,1346.32
2014-12-31,Frøya,256,1344.86
2014-12-31,Saare County,257,1337.37
2014-12-31,Tonga,258,1337.0
2014-12-31,Grenada,259,1335.83
2014-12-31,Myanmar,260,1335.49
2014-12-31,Lesotho,261,1334.85
2014-12-31,Turks and Caicos Islands,262,1332.28
2014-12-31,São Tomé and Príncipe,263,1330.59
2014-12-31,Malta,264,1326.15
2014-12-31,Afghanistan,265,1317.22
2014-12-31,Cook Islands,266,1310.35
2014-12-31,Puerto Rico,267,1308.66
2014-12-31,Maldives,268,1294.73
2014-12-31,Saint Martin,269,1294.69
2014-12-31,Curaçao,270,1294.56
2014-12-31,Saint Lucia,271,1294.52
2014-12-31,Faroe Islands,272,1291.33
2014-12-31,Eritrea,273,1277.91
2014-12-31,Eswatini,274,1276.28
2014-12-31,Nicaragua,275,1275.07
2014-12-31,Kyrgyzstan,276,1273.37
2014-12-31,Aruba,277,1266.99
2014-12-31,Liechtenstein,278,1259.23
2014-12-31,Cayman Islands,279,1257.33
2014-12-31,Seychelles,280,1244.88
2014-12-31,Bangladesh,281,1235.94
2014-12-31,Montserrat,282,1235.52
2014-12-31,Mauritius,283,1234.62
2014-12-31,Comoros,284,1231.47
2014-12-31,Dominica,285,1229.15
2014-12-31,Guam,286,1226.41
2014-12-31,Taiwan,287,1209.25
2014-12-31,United States Virgin Islands,288,1194.01
2014-12-31,Nepal,289,1192.01
2014-12-31,Mongolia,290,1191.89
2014-12-31,Pakistan,291,1188.31
2014-12-31,American Samoa,292,1186.97
2014-12-31,Northern Mariana Islands,293,1185.79
2014-12-31,Laos,294,1185.7
2014-12-31,British Virgin Islands,295,1152.01
2014-12-31,Alderney,296,1138.26
2014-12-31,Sri Lanka,297,1136.55
2014-12-31,Anguilla,298,1129.07
2014-12-31,Andorra,299,1124.4
2014-12-31,Timor-Leste,300,1116.94
2014-12-31,Somalia,301,1115.23
2014-12-31,Djibouti,302,1097.62
2014-12-31,San Marino,303,1094.83
2014-12-31,Cambodia,304,1060.59
2014-12-31,Macau,305,1059.17
2014-12-31,Brunei,306,1029.59
2014-12-31,Bhutan,307,994.42
2015-12-31,Brazil,1,2031.45
2015-12-31,Spain,2,1968.17
2015-12-31,Argentina,3,1956.33
2015-12-31,Germany,4,1927.24
2015-12-31,Chile,5,1915.57
2015-12-31,England,6,1910.18
2015-12-31,France,7,1899.02
2015-12-31,Uruguay,8,1885.25
2015-12-31,Colombia,9,1884.37
2015-12-31,Belgium,10,1883.81
2015-12-31,Portugal,11,1863.8
2015-12-31,Ecuador,12,1840.71
2015-12-31,Mexico,13,1826.22
2015-12-31,Italy,14,1816.91
2015-12-31,Netherlands,15,1809.58
2015-12-31,United States,16,1807.29
2015-12-31,Croatia,17,1806.34
2015-12-31,Japan,18,1796.7
2015-12-31,South Korea,19,1796.65
2015-12-31,Ukraine,20,1791.84
2015-12-31,Switzerland,21,1790.51
2015-12-31,Poland,22,1787.87
2015-12-31,Russia,23,1785.24
2015-12-31,Republic of Ireland,24,1776.42
2015-12-31,Turkey,25,1771.98
2015-12-31,Iran,26,1766.35
2015-12-31,Basque Country,27,1762.42
2015-12-31,Slovakia,28,1761.66
2015-12-31,Austria,29,1758.1
2015-12-31,Guernsey,30,1755.89
2015-12-31,Romania,31,1754.57
2015-12-31,Sweden,32,1749.88
2015-12-31,Ivory Coast,33,1733.8
2015-12-31,Yugoslavia,34,1732.26
2015-12-31,Peru,35,1729.95
2015-12-31,Scotland,36,1727.43
2015-12-31,Czech Republic,37,1721.9
2015-12-31,Paraguay,38,1720.76
2015-12-31,Australia,39,1720.63
2015-12-31,Costa Rica,40,1717.82
2015-12-31,Bosnia and Herzegovina,41,1710.25
2015-12-31,Czechoslovakia,42,1705.97
2015-12-31,Hungary,43,1702.7
2015-12-31,Denmark,44,1702.59
2015-12-31,German DR,45,1699.83
2015-12-31,Jersey,46,1695.32
2015-12-31,Algeria,47,1690.69
2015-12-31,Egypt,48,1689.59
2015-12-31,Catalonia,49,1688.63
2015-12-31,Uzbekistan,50,1686.5
2015-12-31,United Arab Emirates,51,1685.73
2015-12-31,Senegal,52,1680.84
2015-12-31,Serbia,53,1679.69
2015-12-31,Padania,54,1676.55
2015-12-31,Qatar,55,1674.91
2015-12-31,Ghana,56,1674.29
2015-12-31,Panama,57,1668.47
2015-12-31,Cameroon,58,1666.0
2015-12-31,Wales,59,1664.52
2015-12-31,China,60,1663.79
2015-12-31,South Africa,61,1662.03
2015-12-31,Tunisia,62,1655.47
2015-12-31,Nigeria,63,1643.45
2015-12-31,Occitania,64,1636.89
2015-12-31,Greece,65,1634.66
2015-12-31,Andalusia,66,1630.68
2015-12-31,Venezuela,67,1628.98
2015-12-31,North Korea,68,1628.59
2015-12-31,Norway,69,1627.65
2015-12-31,Albania,70,1625.46
2015-12-31,Saudi Arabia,71,1621.55
2015-12-31,Guinea,72,1617.1
2015-12-31,Belarus,73,1616.14
2015-12-31,Iceland,74,1613.42
2015-12-31,Finland,75,1612.2
2015-12-31,Cape Verde,76,1610.91
2015-12-31,Réunion,77,1609.17
2015-12-31,New Zealand,78,1605.26
2015-12-31,Honduras,79,1601.6
2015-12-31,Uganda,80,1601.41
2015-12-31,Bolivia,81,1598.26
2015-12-31,Israel,82,1597.8
2015-12-31,Slovenia,83,1597.71
2015-12-31,Isle of Man,84,1597.51
2015-12-31,Isle of Wight,85,1594.63
2015-12-31,Morocco,86,1592.18
2015-12-31,Trinidad and Tobago,87,1591.4
2015-12-31,Jamaica,88,1588.2
2015-12-31,Bulgaria,89,1585.75
2015-12-31,Kernow,90,1584.65
2015-12-31,Thailand,91,1584.07
2015-12-31,Northern Ireland,92,1583.12
2015-12-31,Iraqi Kurdistan,93,1581.53
2015-12-31,Zambia,94,1580.46
2015-12-31,Montenegro,95,1578.58
2015-12-31,DR Congo,96,1577.79
2015-12-31,Iraq,97,1577.26
2015-12-31,Rhodes,98,1576.25
2015-12-31,New Caledonia,99,1575.68
2015-12-31,Libya,100,1575.16
2015-12-31,County of Nice,101,1572.68
2015-12-31,Oman,102,1571.65
2015-12-31,Fiji,103,1567.83
2015-12-31,Estonia,104,1567.59
2015-12-31,Vanuatu,105,1566.52
2015-12-31,Corsica,106,1563.81
2015-12-31,Jordan,107,1562.27
2015-12-31,Menorca,108,1561.23
2015-12-31,Galicia,109,1560.89
2015-12-31,Bahrain,110,1558.61
2015-12-31,Syria,111,1557.49
2015-12-31,Canada,112,1554.77
2015-12-31,Ellan Vannin,113,1554.1
2015-12-31,Martinique,114,1551.87
2015-12-31,Congo,115,1551.63
2015-12-31,El Salvador,116,1549.92
2015-12-31,Kurdistan,117,1549.57
2015-12-31,Mali,118,1547.83
2015-12-31,Abkhazia,119,1543.53
2015-12-31,Kuwait,120,1538.14
2015-12-31,Kosovo,121,1538.12
2015-12-31,Arameans Suryoye,122,1536.84
2015-12-31,Northern Cyprus,123,1534.86
2015-12-31,Ynys Môn,124,1530.58
2015-12-31,Georgia,125,1529.65
2015-12-31,Brittany,126,1529.0
2015-12-31,Haiti,127,1528.15
2015-12-31,Gabon,128,1527.34
2015-12-31,Angola,129,1524.9
2015-12-31,Canary Islands,130,1522.59
2015-12-31,Guadeloupe,131,1522.19
2015-12-31,Asturias,132,1517.44
2015-12-31,Silesia,133,1515.73
2015-12-31,Palestine,134,1515.3
2015-12-31,Artsakh,135,1512.87
2015-12-31,Tahiti,136,1512.59
2015-12-31,Quebec,137,1508.55
2015-12-31,North Macedonia,138,1507.91
2015-12-31,Crimea,139,1507.28
2015-12-31,Solomon Islands,140,1507.21
2015-12-31,Panjab,141,1506.77
2015-12-31,Central Spain,142,1501.37
2015-12-31,Lebanon,143,1501.26
2015-12-31,Åland Islands,144,1500.65
2015-12-31,Guatemala,145,1498.91
2015-12-31,Somaliland,146,1498.2
2015-12-31,Saugeais,147,1497.88
2015-12-31,Sealand,148,1494.22
2015-12-31,Franconia,149,1492.61
2015-12-31,Chagos Islands,150,1491.85
2015-12-31,Romani people,151,1491.01
2015-12-31,Madrid,152,1489.32
2015-12-31,Shetland,153,1488.88
2015-12-31,Armenia,154,1488.28
2015-12-31,Felvidék,155,1487.06
2015-12-31,Donetsk PR,156,1486.73
2015-12-31,Zimbabwe,157,1486.55
2015-12-31,Bermuda,158,1485.52
2015-12-31,Cilento,159,1484.99
2015-12-31,Luhansk PR,160,1483.21
2015-12-31,Seborga,161,1482.95
2015-12-31,Sápmi,162,1482.2
2015-12-31,Kenya,163,1479.67
2015-12-31,Republic of St. Pauli,164,1478.8
2015-12-31,Azerbaijan,165,1477.77
2015-12-31,Gibraltar,166,1477.09
2015-12-31,Latvia,167,1476.18
2015-12-31,Niue,168,1474.97
2015-12-31,South Yemen,169,1473.5
2015-12-31,Two Sicilies,170,1473.18
2015-12-31,Burkina Faso,171,1473.13
2015-12-31,Western Isles,172,1472.99
2015-12-31,Botswana,173,1469.66
2015-12-31,Chechnya,174,1469.56
2015-12-31,Togo,175,1467.05
2015-12-31,Monaco,176,1465.49
2015-12-31,Székely Land,177,1464.89
2015-12-31,Saint Barthélemy,178,1463.48
2015-12-31,North Vietnam,179,1463.0
2015-12-31,Gozo,180,1462.98
2015-12-31,Cyprus,181,1462.01
2015-12-31,South Ossetia,182,1461.52
2015-12-31,Tamil Eelam,183,1461.29
2015-12-31,Greenland,184,1460.16
2015-12-31,Equatorial Guinea,185,1460.03
2015-12-31,Vietnam,186,1457.77
2015-12-31,Liberia,187,1457.74
2015-12-31,Kazakhstan,188,1456.27
2015-12-31,Palau,189,1455.82
2015-12-31,Mozambique,190,1454.65
2015-12-31,Găgăuzia,191,1453.55
2015-12-31,Manchukuo,192,1451.84
2015-12-31,Saarland,193,1449.76
2015-12-31,Western Sahara,194,1449.73
2015-12-31,Provence,195,1447.75
2015-12-31,Saint Kitts and Nevis,196,1444.59
2015-12-31,French Guiana,197,1442.3
2015-12-31,Benin,198,1440.55
2015-12-31,Burundi,199,1440.41
2015-12-31,Malawi,200,1439.47
2015-12-31,Rwanda,201,1439.34
2015-12-31,Guyana,202,1439.07
2015-12-31,Lithuania,203,1437.63
2015-12-31,Sark,204,1437.57
2015-12-31,Turkmenistan,205,1436.79
2015-12-31,Zanzibar,206,1435.1
2015-12-31,Namibia,207,1433.96
2015-12-31,Hong Kong,208,1432.66
2015-12-31,Mayotte,209,1431.97
2015-12-31,Indonesia,210,1429.87
2015-12-31,Sierra Leone,211,1429.5
2015-12-31,Antigua and Barbuda,212,1428.17
2015-12-31,Vatican City,213,1427.9
2015-12-31,Cuba,214,1427.49
2015-12-31,Gotland,215,1426.85
2015-12-31,Raetia,216,1425.26
2015-12-31,Ambazonia,217,1425.01
2015-12-31,Niger,218,1423.3
2015-12-31,Philippines,219,1422.39
2015-12-31,Suriname,220,1420.88
2015-12-31,Sint Maarten,221,1418.8
2015-12-31,Gambia,222,1416.88
2015-12-31,Vietnam Republic,223,1416.37
2015-12-31,Tanzania,224,1416.29
2015-12-31,Ethiopia,225,1414.74
2015-12-31,Micronesia,226,1412.66
2015-12-31,Western Australia,227,1409.92
2015-12-31,Madagascar,228,1403.91
2015-12-31,Tajikistan,229,1402.03
2015-12-31,Sudan,230,1401.93
2015-12-31,Darfur,231,1401.51
2015-12-31,Yemen DPR,232,1400.88
2015-12-31,Papua New Guinea,233,1400.64
2015-12-31,South Sudan,234,1399.38
2015-12-31,Nicaragua,235,1398.85
2015-12-31,Singapore,236,1394.5
2015-12-31,Saint Pierre and Miquelon,237,1393.06
2015-12-31,Mauritania,238,1390.85
2015-12-31,Dominican Republic,239,1390.33
2015-12-31,Saint Vincent and the Grenadines,240,1390.28
2015-12-31,Orkney,241,1390.27
2015-12-31,Tuvalu,242,1389.17
2015-12-31,Bonaire,243,1387.87
2015-12-31,Chad,244,1385.89
2015-12-31,Hitra,245,1383.1
2015-12-31,Luxembourg,246,1382.28
2015-12-31,Belize,247,1379.63
2015-12-31,Moldova,248,1374.0
2015-12-31,Tibet,249,1371.66
2015-12-31,Eswatini,250,1364.07
2015-12-31,Guinea-Bissau,251,1363.93
2015-12-31,Bahamas,252,1363.13
2015-12-31,Kiribati,253,1360.97
2015-12-31,Malaysia,254,1356.43
2015-12-31,Samoa,255,1354.36
2015-12-31,Falkland Islands,256,1352.4
2015-12-31,Central African Republic,257,1351.27
2015-12-31,Wallis Islands and Futuna,258,1346.32
2015-12-31,Barbados,259,1345.12
2015-12-31,Frøya,260,1344.86
2015-12-31,Curaçao,261,1344.37
2015-12-31,India,262,1343.98
2015-12-31,Kyrgyzstan,263,1337.1
2015-12-31,Yemen,264,1335.58
2015-12-31,Saare County,265,1332.51
2015-12-31,São Tomé and Príncipe,266,1329.46
2015-12-31,Afghanistan,267,1326.79
2015-12-31,Cook Islands,268,1322.28
2015-12-31,Malta,269,1318.81
2015-12-31,Lesotho,270,1312.86
2015-12-31,Turks and Caicos Islands,271,1309.73
2015-12-31,Myanmar,272,1309.43
2015-12-31,Puerto Rico,273,1307.31
2015-12-31,Faroe Islands,274,1300.96
2015-12-31,Mauritius,275,1298.41
2015-12-31,Grenada,276,1298.15
2015-12-31,Saint Martin,277,1294.69
2015-12-31,Aruba,278,1283.37
2015-12-31,Saint Lucia,279,1280.51
2015-12-31,Tonga,280,1277.85
2015-12-31,Liechtenstein,281,1261.56
2015-12-31,Eritrea,282,1260.94
2015-12-31,Guam,283,1252.36
2015-12-31,Cayman Islands,284,1252.22
2015-12-31,Maldives,285,1242.69
2015-12-31,Dominica,286,1238.82
2015-12-31,Montserrat,287,1227.73
2015-12-31,Comoros,288,1225.8
2015-12-31,Seychelles,289,1221.24
2015-12-31,American Samoa,290,1219.58
2015-12-31,Mongolia,291,1216.0
2015-12-31,Pakistan,292,1207.52
2015-12-31,Bangladesh,293,1205.68
2015-12-31,United States Virgin Islands,294,1201.49
2015-12-31,Northern Mariana Islands,295,1185.79
2015-12-31,Taiwan,296,1177.72
2015-12-31,Laos,297,1155.22
2015-12-31,Nepal,298,1151.55
2015-12-31,British Virgin Islands,299,1138.49
2015-12-31,Alderney,300,1116.05
2015-12-31,Anguilla,301,1110.51
2015-12-31,Andorra,302,1107.12
2015-12-31,Somalia,303,1091.84
2015-12-31,Cambodia,304,1090.19
2015-12-31,Sri Lanka,305,1089.48
2015-12-31,San Marino,306,1076.08
2015-12-31,Timor-Leste,307,1074.88
2015-12-31,Djibouti,308,1069.26
2015-12-31,Macau,309,1041.45
2015-12-31,Brunei,310,1025.19
2015-12-31,Bhutan,311,987.8
2016-12-30,Brazil,1,2029.91
2016-12-30,Argentina,2,1965.83
2016-12-30,France,3,1960.15
2016-12-30,Spain,4,1931.39
2016-12-30,Germany,5,1929.66
2016-12-30,Chile,6,1921.71
2016-12-30,England,7,1910.92
2016-12-30,Colombia,8,1881.06
2016-12-30,Uruguay,9,1871.83
2016-12-30,Mexico,10,1867.1
2016-12-30,Belgium,11,1866.79
2016-12-30,Italy,12,1866.75
2016-12-30,Portugal,13,1865.89
2016-12-30,Croatia,14,1853.77
2016-12-30,South Korea,15,1822.95
2016-12-30,Netherlands,16,1819.63
2016-12-30,Poland,17,1818.13
2016-12-30,Iran,18,1813.58
2016-12-30,Peru,19,1804.81
2016-12-30,Costa Rica,20,1804.3
2016-12-30,Switzerland,21,1803.36
2016-12-30,Japan,22,1801.4
2016-12-30,Ecuador,23,1797.99
2016-12-30,Ukraine,24,1797.55
2016-12-30,Republic of Ireland,25,1793.0
2016-12-30,United States,26,1786.18
2016-12-30,Turkey,27,1776.72
2016-12-30,Basque Country,28,1766.71
2016-12-30,Slovakia,29,1752.18
2016-12-30,Bosnia and Herzegovina,30,1741.97
2016-12-30,Guernsey,31,1738.24
2016-12-30,Sweden,32,1733.22
2016-12-30,Yugoslavia,33,1732.26
2016-12-30,Australia,34,1729.58
2016-12-30,Ivory Coast,35,1728.27
2016-12-30,Russia,36,1725.55
2016-12-30,Uzbekistan,37,1724.82
2016-12-30,Jersey,38,1721.84
2016-12-30,Senegal,39,1721.58
2016-12-30,Czechoslovakia,40,1705.97
2016-12-30,Egypt,41,1705.47
2016-12-30,Scotland,42,1704.25
2016-12-30,Paraguay,43,1701.79
2016-12-30,Czech Republic,44,1701.65
2016-12-30,Wales,45,1700.65
2016-12-30,German DR,46,1699.83
2016-12-30,Panama,47,1699.46
2016-12-30,Denmark,48,1696.48
2016-12-30,Serbia,49,1695.21
2016-12-30,Hungary,50,1694.49
2016-12-30,Iceland,51,1691.26
2016-12-30,Austria,52,1691.2
2016-12-30,Catalonia,53,1688.13
2016-12-30,Romania,54,1686.98
2016-12-30,Qatar,55,1684.86
2016-12-30,Nigeria,56,1683.28
2016-12-30,Algeria,57,1673.38
2016-12-30,Greece,58,1672.54
2016-12-30,United Arab Emirates,59,1672.45
2016-12-30,Saudi Arabia,60,1667.05
2016-12-30,Tunisia,61,1665.68
2016-12-30,Cameroon,62,1665.12
2016-12-30,South Africa,63,1659.78
2016-12-30,Morocco,64,1659.13
2016-12-30,Venezuela,65,1654.6
2016-12-30,Padania,66,1654.34
2016-12-30,New Zealand,67,1647.23
2016-12-30,Honduras,68,1646.21
2016-12-30,Occitania,69,1636.89
2016-12-30,Ghana,70,1635.18
2016-12-30,China,71,1634.59
2016-12-30,Slovenia,72,1632.63
2016-12-30,Andalusia,73,1630.68
2016-12-30,Albania,74,1626.35
2016-12-30,Belarus,75,1626.32
2016-12-30,Northern Ireland,76,1624.94
2016-12-30,North Korea,77,1622.24
2016-12-30,Bulgaria,78,1612.85
2016-12-30,Réunion,79,1609.17
2016-12-30,Israel,80,1607.74
2016-12-30,DR Congo,81,1598.26
2016-12-30,Isle of Man,82,1597.51
2016-12-30,Iraqi Kurdistan,83,1597.18
2016-12-30,Isle of Wight,84,1594.63
2016-12-30,Abkhazia,85,1593.36
2016-12-30,Syria,86,1588.38
2016-12-30,Kernow,87,1584.65
2016-12-30,Norway,88,1584.25
2016-12-30,Montenegro,89,1580.98
2016-12-30,Guinea,90,1579.61
2016-12-30,Thailand,91,1579.13
2016-12-30,Bolivia,92,1578.7
2016-12-30,Rhodes,93,1576.25
2016-12-30,County of Nice,94,1572.68
2016-12-30,Corsica,95,1572.07
2016-12-30,Northern Cyprus,96,1570.65
2016-12-30,Martinique,97,1570.5
2016-12-30,Oman,98,1570.24
2016-12-30,Mali,99,1565.15
2016-12-30,Galicia,100,1563.93
2016-12-30,Bahrain,101,1563.45
2016-12-30,Menorca,102,1561.23
2016-12-30,Ellan Vannin,103,1554.1
2016-12-30,Canada,104,1553.77
2016-12-30,New Caledonia,105,1553.48
2016-12-30,Vanuatu,106,1553.08
2016-12-30,Jordan,107,1551.95
2016-12-30,Uganda,108,1550.12
2016-12-30,Kurdistan,109,1549.57
2016-12-30,Fiji,110,1543.68
2016-12-30,Jamaica,111,1543.48
2016-12-30,Finland,112,1541.95
2016-12-30,Libya,113,1541.36
2016-12-30,Zimbabwe,114,1540.19
2016-12-30,Cape Verde,115,1539.95
2016-12-30,Kuwait,116,1538.14
2016-12-30,Arameans Suryoye,117,1536.84
2016-12-30,Panjab,118,1536.12
2016-12-30,Iraq,119,1533.53
2016-12-30,Trinidad and Tobago,120,1532.76
2016-12-30,Haiti,121,1531.27
2016-12-30,Ynys Môn,122,1530.58
2016-12-30,Estonia,123,1530.47
2016-12-30,Burkina Faso,124,1530.03
2016-12-30,Brittany,125,1529.0
2016-12-30,Georgia,126,1527.98
2016-12-30,Kosovo,127,1527.5
2016-12-30,Canary Islands,128,1522.59
2016-12-30,Armenia,129,1519.96
2016-12-30,Asturias,130,1517.44
2016-12-30,Guatemala,131,1515.78
2016-12-30,Silesia,132,1515.73
2016-12-30,Kenya,133,1514.19
2016-12-30,Vietnam,134,1513.05
2016-12-30,Artsakh,135,1512.87
2016-12-30,Tahiti,136,1512.68
2016-12-30,Zambia,137,1511.35
2016-12-30,Tamil Eelam,138,1510.12
2016-12-30,Quebec,139,1508.55
2016-12-30,United Koreans in Japan,140,1508.4
2016-12-30,Congo,141,1507.48
2016-12-30,Crimea,142,1507.28
2016-12-30,Felvidék,143,1504.84
2016-12-30,Sápmi,144,1504.49
2016-12-30,Togo,145,1501.97
2016-12-30,Central Spain,146,1501.37
2016-12-30,Åland Islands,147,1500.65
2016-12-30,Kárpátalja,148,1499.4
2016-12-30,Palestine,149,1499.32
2016-12-30,Saugeais,150,1497.88
2016-12-30,Somaliland,151,1497.52
2016-12-30,Délvidék,152,1496.09
2016-12-30,El Salvador,153,1495.23
2016-12-30,Sealand,154,1494.22
2016-12-30,Latvia,155,1492.94
2016-12-30,Franconia,156,1492.61
2016-12-30,Gabon,157,1492.02
2016-12-30,Guadeloupe,158,1491.61
2016-12-30,Madrid,159,1489.32
2016-12-30,Donetsk PR,160,1489.04
2016-12-30,Shetland,161,1488.88
2016-12-30,Cilento,162,1484.99
2016-12-30,Ryūkyū,163,1483.63
2016-12-30,Luhansk PR,164,1483.49
2016-12-30,Seborga,165,1482.95
2016-12-30,Lebanon,166,1479.98
2016-12-30,Kazakhstan,167,1479.79
2016-12-30,Republic of St. Pauli,168,1478.8
2016-12-30,Namibia,169,1476.86
2016-12-30,Western Armenia,170,1475.35
2016-12-30,Niue,171,1474.97
2016-12-30,South Yemen,172,1473.5
2016-12-30,Two Sicilies,173,1473.18
2016-12-30,Western Isles,174,1472.99
2016-12-30,Lithuania,175,1471.1
2016-12-30,Benin,176,1469.89
2016-12-30,Solomon Islands,177,1469.7
2016-12-30,Chechnya,178,1469.56
2016-12-30,French Guiana,179,1468.23
2016-12-30,North Macedonia,180,1467.11
2016-12-30,Romani people,181,1466.05
2016-12-30,Azerbaijan,182,1465.72
2016-12-30,Monaco,183,1465.49
2016-12-30,Barawa,184,1465.27
2016-12-30,Sierra Leone,185,1464.58
2016-12-30,Saint Kitts and Nevis,186,1464.44
2016-12-30,Indonesia,187,1464.24
2016-12-30,Saint Barthélemy,188,1463.48
2016-12-30,North Vietnam,189,1463.0
2016-12-30,Gozo,190,1462.98
2016-12-30,South Ossetia,191,1461.52
2016-12-30,Bermuda,192,1461.45
2016-12-30,Greenland,193,1460.16
2016-12-30,Palau,194,1455.82
2016-12-30,Găgăuzia,195,1453.55
2016-12-30,Manchukuo,196,1451.84
2016-12-30,Cyprus,197,1451.8
2016-12-30,Saarland,198,1449.76
2016-12-30,Western Sahara,199,1449.73
2016-12-30,Chagos Islands,200,1448.12
2016-12-30,Provence,201,1447.75
2016-12-30,Malawi,202,1447.68
2016-12-30,Rwanda,203,1444.65
2016-12-30,Liberia,204,1442.94
2016-12-30,Tajikistan,205,1439.86
2016-12-30,Equatorial Guinea,206,1437.62
2016-12-30,Sark,207,1437.57
2016-12-30,Mozambique,208,1437.56
2016-12-30,Ethiopia,209,1437.49
2016-12-30,Suriname,210,1436.99
2016-12-30,Hong Kong,211,1436.03
2016-12-30,Zanzibar,212,1435.1
2016-12-30,Botswana,213,1433.94
2016-12-30,Mayotte,214,1431.97
2016-12-30,Philippines,215,1431.9
2016-12-30,Mauritania,216,1431.5
2016-12-30,Vatican City,217,1427.9
2016-12-30,Gotland,218,1426.85
2016-12-30,Székely Land,219,1426.76
2016-12-30,Ambazonia,220,1425.01
2016-12-30,Guyana,221,1424.15
2016-12-30,Papua New Guinea,222,1422.18
2016-12-30,Eswatini,223,1421.08
2016-12-30,Cuba,224,1419.62
2016-12-30,Burundi,225,1417.62
2016-12-30,Vietnam Republic,226,1416.37
2016-12-30,Guinea-Bissau,227,1414.97
2016-12-30,Niger,228,1414.53
2016-12-30,Gibraltar,229,1412.87
2016-12-30,Micronesia,230,1412.66
2016-12-30,Angola,231,1411.43
2016-12-30,Western Australia,232,1409.92
2016-12-30,Curaçao,233,1406.36
2016-12-30,Nicaragua,234,1403.02
2016-12-30,Turkmenistan,235,1402.91
2016-12-30,Darfur,236,1401.51
2016-12-30,Yemen DPR,237,1400.88
2016-12-30,Sint Maarten,238,1398.41
2016-12-30,Dominican Republic,239,1397.44
2016-12-30,Raetia,240,1396.66
2016-12-30,Gambia,241,1394.85
2016-12-30,Tanzania,242,1394.71
2016-12-30,Antigua and Barbuda,243,1393.6
2016-12-30,Saint Pierre and Miquelon,244,1393.06
2016-12-30,Orkney,245,1390.27
2016-12-30,Tuvalu,246,1389.17
2016-12-30,Bonaire,247,1387.87
2016-12-30,Chad,248,1385.89
2016-12-30,Central African Republic,249,1385.2
2016-12-30,Sudan,250,1384.64
2016-12-30,Hitra,251,1383.1
2016-12-30,Kyrgyzstan,252,1381.66
2016-12-30,Madagascar,253,1377.27
2016-12-30,India,254,1376.15
2016-12-30,Belize,255,1373.86
2016-12-30,Tibet,256,1371.66
2016-12-30,Moldova,257,1367.58
2016-12-30,Bahamas,258,1363.13
2016-12-30,Malaysia,259,1361.53
2016-12-30,Kiribati,260,1360.97
2016-12-30,Luxembourg,261,1355.88
2016-12-30,Falkland Islands,262,1352.4
2016-12-30,Yemen,263,1351.69
2016-12-30,Saint Vincent and the Grenadines,264,1351.13
2016-12-30,South Sudan,265,1350.88
2016-12-30,Wallis Islands and Futuna,266,1346.32
2016-12-30,Lesotho,267,1346.08
2016-12-30,Barbados,268,1345.57
2016-12-30,Frøya,269,1344.86
2016-12-30,Faroe Islands,270,1342.55
2016-12-30,São Tomé and Príncipe,271,1334.93
2016-12-30,Saare County,272,1332.51
2016-12-30,Singapore,273,1327.34
2016-12-30,Samoa,274,1325.17
2016-12-30,Myanmar,275,1323.71
2016-12-30,Cook Islands,276,1322.28
2016-12-30,Afghanistan,277,1311.14
2016-12-30,Grenada,278,1311.0
2016-12-30,Turks and Caicos Islands,279,1309.73
2016-12-30,Malta,280,1303.6
2016-12-30,Saint Martin,281,1294.69
2016-12-30,Mauritius,282,1294.14
2016-12-30,Saint Lucia,283,1280.51
2016-12-30,Tonga,284,1277.85
2016-12-30,Puerto Rico,285,1276.68
2016-12-30,Aruba,286,1264.97
2016-12-30,Eritrea,287,1260.94
2016-12-30,Comoros,288,1254.16
2016-12-30,Cayman Islands,289,1252.22
2016-12-30,Liechtenstein,290,1241.36
2016-12-30,Dominica,291,1239.02
2016-12-30,Guam,292,1236.29
2016-12-30,Maldives,293,1235.43
2016-12-30,Montserrat,294,1227.73
2016-12-30,American Samoa,295,1219.58
2016-12-30,Pakistan,296,1207.52
2016-12-30,United States Virgin Islands,297,1197.66
2016-12-30,Nepal,298,1197.65
2016-12-30,Seychelles,299,1196.02
2016-12-30,Mongolia,300,1174.8
2016-12-30,Taiwan,301,1173.51
2016-12-30,Laos,302,1164.54
2016-12-30,Northern Mariana Islands,303,1149.44
2016-12-30,Cambodia,304,1148.76
2016-12-30,Bangladesh,305,1145.06
2016-12-30,British Virgin Islands,306,1124.37
2016-12-30,Alderney,307,1115.27
2016-12-30,Andorra,308,1106.57
2016-12-30,Macau,309,1100.17
2016-12-30,Anguilla,310,1098.23
2016-12-30,Somalia,311,1091.84
2016-12-30,San Marino,312,1069.12
2016-12-30,Djibouti,313,1059.6
2016-12-30,Sri Lanka,314,1035.07
2016-12-30,Brunei,315,1018.21
2016-12-30,Bhutan,316,1010.16
2016-12-30,Timor-Leste,317,992.03
2017-12-29,Brazil,1,2032.16
2017-12-29,Germany,2,1984.54
2017-12-29,Spain,3,1970.7
2017-12-29,France,4,1952.97
2017-12-29,Argentina,5,1938.0
2017-12-29,Portugal,6,1915.56
2017-12-29,England,7,1906.64
2017-12-29,Belgium,8,1898.11
2017-12-29,Colombia,9,1858.55
2017-12-29,Italy,10,1856.94
2017-12-29,Peru,11,1855.74
2017-12-29,Mexico,12,1853.09
2017-12-29,Netherlands,13,1850.72
2017-12-29,Iran,14,1837.68
2017-12-29,Chile,15,1833.37
2017-12-29,Croatia,16,1823.28
2017-12-29,Switzerland,17,1818.51
2017-12-29,Poland,18,1812.92
2017-12-29,Uruguay,19,1809.55
2017-12-29,United States,20,1794.94
2017-12-29,South Korea,21,1777.08
2017-12-29,Japan,22,1773.4
2017-12-29,Sweden,23,1771.04
2017-12-29,Basque Country,24,1766.71
2017-12-29,Ukraine,25,1766.62
2017-12-29,Denmark,26,1765.94
2017-12-29,Senegal,27,1761.57
2017-12-29,Australia,28,1754.43
2017-12-29,Russia,29,1752.35
2017-12-29,Republic of Ireland,30,1746.86
2017-12-29,Ecuador,31,1742.33
2017-12-29,Costa Rica,32,1741.39
2017-12-29,Slovakia,33,1738.12
2017-12-29,Serbia,34,1735.79
2017-12-29,Iceland,35,1732.46
2017-12-29,Yugoslavia,36,1732.26
2017-12-29,Bosnia and Herzegovina,37,1731.36
2017-12-29,Scotland,38,1727.56
2017-12-29,Guernsey,39,1724.31
2017-12-29,Austria,40,1717.48
2017-12-29,Turkey,41,1717.08
2017-12-29,Czech Republic,42,1711.17
2017-12-29,Paraguay,43,1710.82
2017-12-29,Wales,44,1710.59
2017-12-29,Egypt,45,1710.56
2017-12-29,Romania,46,1706.82
2017-12-29,Czechoslovakia,47,1705.97
2017-12-29,Nigeria,48,1705.77
2017-12-29,Panama,49,1702.81
2017-12-29,German DR,50,1699.83
2017-12-29,Venezuela,51,1699.34
2017-12-29,Morocco,52,1696.13
2017-12-29,Jersey,53,1692.0
2017-12-29,Catalonia,54,1688.13
2017-12-29,Cameroon,55,1681.36
2017-12-29,Greece,56,1680.82
2017-12-29,Uzbekistan,57,1673.59
2017-12-29,United Arab Emirates,58,1667.53
2017-12-29,Tunisia,59,1665.25
2017-12-29,Honduras,60,1661.82
2017-12-29,Padania,61,1659.55
2017-12-29,Northern Ireland,62,1656.92
2017-12-29,Isle of Man,63,1653.99
2017-12-29,Algeria,64,1653.34
2017-12-29,Iraq,65,1652.07
2017-12-29,Ivory Coast,66,1650.27
2017-12-29,China,67,1650.2
2017-12-29,Ghana,68,1641.8
2017-12-29,Saudi Arabia,69,1641.56
2017-12-29,Bolivia,70,1640.21
2017-12-29,Occitania,71,1636.89
2017-12-29,Bulgaria,72,1636.78
2017-12-29,Hungary,73,1636.56
2017-12-29,Syria,74,1634.32
2017-12-29,Andalusia,75,1630.68
2017-12-29,Slovenia,76,1623.52
2017-12-29,DR Congo,77,1622.69
2017-12-29,Albania,78,1613.58
2017-12-29,Finland,79,1612.3
2017-12-29,New Zealand,80,1609.36
2017-12-29,Réunion,81,1609.17
2017-12-29,Northern Cyprus,82,1606.09
2017-12-29,Burkina Faso,83,1598.13
2017-12-29,Estonia,84,1597.42
2017-12-29,Iraqi Kurdistan,85,1597.18
2017-12-29,Montenegro,86,1596.48
2017-12-29,South Africa,87,1595.75
2017-12-29,Isle of Wight,88,1594.63
2017-12-29,Oman,89,1593.39
2017-12-29,Kernow,90,1584.65
2017-12-29,Norway,91,1584.28
2017-12-29,Vanuatu,92,1580.73
2017-12-29,Canada,93,1579.8
2017-12-29,Corsica,94,1577.15
2017-12-29,Rhodes,95,1576.25
2017-12-29,Thailand,96,1574.18
2017-12-29,County of Nice,97,1572.68
2017-12-29,North Korea,98,1570.45
2017-12-29,Guinea,99,1569.73
2017-12-29,Haiti,100,1568.06
2017-12-29,Zimbabwe,101,1566.04
2017-12-29,North Macedonia,102,1563.99
2017-12-29,Jamaica,103,1563.98
2017-12-29,Galicia,104,1563.93
2017-12-29,Menorca,105,1563.18
2017-12-29,Qatar,106,1563.12
2017-12-29,Zambia,107,1561.48
2017-12-29,Panjab,108,1559.97
2017-12-29,Abkhazia,109,1558.13
2017-12-29,Palestine,110,1556.49
2017-12-29,Israel,111,1556.01
2017-12-29,Belarus,112,1554.35
2017-12-29,Jordan,113,1551.13
2017-12-29,Mali,114,1550.88
2017-12-29,Bahrain,115,1549.96
2017-12-29,Kurdistan,116,1549.57
2017-12-29,Cape Verde,117,1546.71
2017-12-29,Georgia,118,1546.16
2017-12-29,Lebanon,119,1545.21
2017-12-29,Armenia,120,1539.4
2017-12-29,Uganda,121,1537.02
2017-12-29,Arameans Suryoye,122,1536.84
2017-12-29,Fiji,123,1536.75
2017-12-29,Åland Islands,124,1534.96
2017-12-29,Ellan Vannin,125,1534.19
2017-12-29,Kenya,126,1533.57
2017-12-29,El Salvador,127,1530.71
2017-12-29,Libya,128,1529.28
2017-12-29,Brittany,129,1529.0
2017-12-29,Canary Islands,130,1522.59
2017-12-29,Tamil Eelam,131,1521.08
2017-12-29,Kuwait,132,1519.46
2017-12-29,Ynys Môn,133,1518.1
2017-12-29,Asturias,134,1517.44
2017-12-29,New Caledonia,135,1516.1
2017-12-29,Benin,136,1515.87
2017-12-29,Guatemala,137,1515.78
2017-12-29,Silesia,138,1515.73
2017-12-29,Artsakh,139,1512.87
2017-12-29,Martinique,140,1509.4
2017-12-29,Donetsk PR,141,1509.06
2017-12-29,Quebec,142,1508.55
2017-12-29,United Koreans in Japan,143,1508.4
2017-12-29,Crimea,144,1507.28
2017-12-29,Kárpátalja,145,1506.89
2017-12-29,Felvidék,146,1506.12
2017-12-29,Sápmi,147,1504.49
2017-12-29,Tahiti,148,1503.52
2017-12-29,Central Spain,149,1501.37
2017-12-29,Saugeais,150,1497.88
2017-12-29,Kosovo,151,1497.57
2017-12-29,Somaliland,152,1497.52
2017-12-29,Vietnam,153,1496.5
2017-12-29,Délvidék,154,1496.09
2017-12-29,Sealand,155,1494.22
2017-12-29,Franconia,156,1492.61
2017-12-29,Trinidad and Tobago,157,1492.39
2017-12-29,Solomon Islands,158,1491.14
2017-12-29,Madrid,159,1489.32
2017-12-29,French Guiana,160,1488.72
2017-12-29,Cilento,161,1484.99
2017-12-29,Ryūkyū,162,1483.63
2017-12-29,Luhansk PR,163,1483.49
2017-12-29,Seborga,164,1482.95
2017-12-29,Greenland,165,1480.6
2017-12-29,Namibia,166,1479.64
2017-12-29,Gabon,167,1479.32
2017-12-29,Republic of St. Pauli,168,1478.8
2017-12-29,Zanzibar,169,1477.78
2017-12-29,Western Armenia,170,1475.35
2017-12-29,Niue,171,1474.97
2017-12-29,Togo,172,1474.91
2017-12-29,South Yemen,173,1473.5
2017-12-29,Two Sicilies,174,1473.18
2017-12-29,Chechnya,175,1469.56
2017-12-29,Guadeloupe,176,1468.27
2017-12-29,Congo,177,1467.51
2017-12-29,Romani people,178,1466.05
2017-12-29,Barawa,179,1465.27
2017-12-29,Sierra Leone,180,1464.58
2017-12-29,Monaco,181,1463.77
2017-12-29,Saint Barthélemy,182,1463.48
2017-12-29,North Vietnam,183,1463.0
2017-12-29,Gozo,184,1462.98
2017-12-29,Azerbaijan,185,1461.66
2017-12-29,Székely Land,186,1459.54
2017-12-29,Mozambique,187,1459.36
2017-12-29,Cyprus,188,1456.44
2017-12-29,Shetland,189,1456.1
2017-12-29,Palau,190,1455.82
2017-12-29,Găgăuzia,191,1453.55
2017-12-29,Saint Kitts and Nevis,192,1452.23
2017-12-29,Manchukuo,193,1451.84
2017-12-29,Saarland,194,1449.76
2017-12-29,Western Sahara,195,1449.73
2017-12-29,Chagos Islands,196,1448.12
2017-12-29,Western Isles,197,1447.93
2017-12-29,Provence,198,1447.75
2017-12-29,Indonesia,199,1445.22
2017-12-29,Malawi,200,1444.66
2017-12-29,Suriname,201,1444.65
2017-12-29,Madagascar,202,1442.5
2017-12-29,Curaçao,203,1441.25
2017-12-29,Luxembourg,204,1441.21
2017-12-29,Sark,205,1437.57
2017-12-29,Bermuda,206,1437.4
2017-12-29,Ethiopia,207,1435.8
2017-12-29,Lithuania,208,1434.68
2017-12-29,India,209,1434.66
2017-12-29,Gotland,210,1434.33
2017-12-29,Mayotte,211,1431.97
2017-12-29,Latvia,212,1431.78
2017-12-29,Rwanda,213,1431.73
2017-12-29,Liberia,214,1430.99
2017-12-29,Vatican City,215,1429.62
2017-12-29,Equatorial Guinea,216,1429.43
2017-12-29,Kazakhstan,217,1428.13
2017-12-29,Ambazonia,218,1425.01
2017-12-29,Dominican Republic,219,1425.0
2017-12-29,Tajikistan,220,1419.9
2017-12-29,Niger,221,1419.82
2017-12-29,Cuba,222,1419.62
2017-12-29,Vietnam Republic,223,1416.37
2017-12-29,Gambia,224,1415.22
2017-12-29,South Ossetia,225,1414.43
2017-12-29,Burundi,226,1413.5
2017-12-29,Micronesia,227,1412.66
2017-12-29,Hong Kong,228,1411.75
2017-12-29,Angola,229,1411.39
2017-12-29,Western Australia,230,1409.92
2017-12-29,Mauritania,231,1407.45
2017-12-29,Kyrgyzstan,232,1406.31
2017-12-29,Tanzania,233,1404.99
2017-12-29,Turkmenistan,234,1404.76
2017-12-29,Papua New Guinea,235,1403.15
2017-12-29,Orkney,236,1402.43
2017-12-29,Darfur,237,1401.51
2017-12-29,Yemen DPR,238,1400.88
2017-12-29,Guinea-Bissau,239,1398.41
2017-12-29,Sint Maarten,240,1398.41
2017-12-29,Guyana,241,1397.3
2017-12-29,Eswatini,242,1396.62
2017-12-29,Antigua and Barbuda,243,1393.6
2017-12-29,Saint Pierre and Miquelon,244,1393.06
2017-12-29,Tuvalu,245,1391.21
2017-12-29,Bonaire,246,1387.87
2017-12-29,Chad,247,1385.89
2017-12-29,Raetia,248,1385.7
2017-12-29,Hitra,249,1384.73
2017-12-29,Central African Republic,250,1383.15
2017-12-29,Botswana,251,1380.44
2017-12-29,Philippines,252,1377.55
2017-12-29,Gibraltar,253,1376.51
2017-12-29,Moldova,254,1375.43
2017-12-29,Tibet,255,1371.66
2017-12-29,Lesotho,256,1364.13
2017-12-29,Bahamas,257,1363.13
2017-12-29,Kiribati,258,1360.97
2017-12-29,Saare County,259,1359.7
2017-12-29,Myanmar,260,1359.45
2017-12-29,Sudan,261,1356.08
2017-12-29,Wallis Islands and Futuna,262,1346.32
2017-12-29,Yemen,263,1344.8
2017-12-29,Belize,264,1341.66
2017-12-29,Barbados,265,1341.13
2017-12-29,Faroe Islands,266,1337.97
2017-12-29,Nicaragua,267,1335.63
2017-12-29,Saint Vincent and the Grenadines,268,1327.92
2017-12-29,Afghanistan,269,1326.39
2017-12-29,Samoa,270,1325.17
2017-12-29,Cook Islands,271,1322.28
2017-12-29,Malta,272,1318.32
2017-12-29,Grenada,273,1317.05
2017-12-29,Frøya,274,1312.15
2017-12-29,Malaysia,275,1311.86
2017-12-29,Turks and Caicos Islands,276,1309.73
2017-12-29,São Tomé and Príncipe,277,1308.07
2017-12-29,South Sudan,278,1306.61
2017-12-29,Saint Lucia,279,1299.15
2017-12-29,Falkland Islands,280,1298.55
2017-12-29,Saint Martin,281,1294.69
2017-12-29,Comoros,282,1287.06
2017-12-29,Puerto Rico,283,1283.95
2017-12-29,Singapore,284,1277.69
2017-12-29,Taiwan,285,1276.38
2017-12-29,Dominica,286,1272.88
2017-12-29,Aruba,287,1264.97
2017-12-29,Eritrea,288,1260.94
2017-12-29,Liechtenstein,289,1260.62
2017-12-29,Mauritius,290,1260.27
2017-12-29,Cayman Islands,291,1252.22
2017-12-29,Tonga,292,1242.99
2017-12-29,Guam,293,1236.29
2017-12-29,Montserrat,294,1227.73
2017-12-29,American Samoa,295,1219.58
2017-12-29,Maldives,296,1214.0
2017-12-29,Pakistan,297,1207.52
2017-12-29,United States Virgin Islands,298,1197.66
2017-12-29,Nepal,299,1187.42
2017-12-29,Seychelles,300,1176.26
2017-12-29,Northern Mariana Islands,301,1149.44
2017-12-29,Mongolia,302,1148.28
2017-12-29,Bangladesh,303,1145.06
2017-12-29,Cambodia,304,1139.68
2017-12-29,Laos,305,1131.88
2017-12-29,Andorra,306,1131.15
2017-12-29,Alderney,307,1130.41
2017-12-29,British Virgin Islands,308,1124.37
2017-12-29,Anguilla,309,1098.23
2017-12-29,Macau,310,1094.26
2017-12-29,Somalia,311,1091.84
2017-12-29,Djibouti,312,1073.33
2017-12-29,San Marino,313,1057.18
2017-12-29,Sri Lanka,314,1035.07
2017-12-29,Brunei,315,1012.4
2017-12-29,Timor-Leste,316,1006.33
2017-12-29,Bhutan,317,997.81
2018-12-31,Brazil,1,2078.6
2018-12-31,France,2,2008.48
2018-12-31,Belgium,3,1971.72
2018-12-31,Spain,4,1968.22
2018-12-31,England,5,1947.59
2018-12-31,Argentina,6,1923.51
2018-12-31,Portugal,7,1911.36
2018-12-31,Germany,8,1910.69
2018-12-31,Netherlands,9,1906.07
2018-12-31,Colombia,10,1900.79
2018-12-31,Croatia,11,1875.49
2018-12-31,Italy,12,1858.84
2018-12-31,Switzerland,13,1840.93
2018-12-31,Iran,14,1835.86
2018-12-31,Uruguay,15,1829.62
2018-12-31,Denmark,16,1826.92
2018-12-31,Chile,17,1815.53
2018-12-31,Peru,18,1808.55
2018-12-31,Ukraine,19,1798.44
2018-12-31,Sweden,20,1787.32
2018-12-31,Mexico,21,1781.24
2018-12-31,Basque Country,22,1779.88
2018-12-31,Japan,23,1779.53
2018-12-31,Austria,24,1778.01
2018-12-31,Bosnia and Herzegovina,25,1776.79
2018-12-31,United States,26,1776.43
2018-12-31,Romania,27,1772.89
2018-12-31,Australia,28,1770.76
2018-12-31,Russia,29,1767.19
2018-12-31,Serbia,30,1763.16
2018-12-31,Morocco,31,1763.08
2018-12-31,Ecuador,32,1761.81
2018-12-31,South Korea,33,1759.5
2018-12-31,Poland,34,1755.57
2018-12-31,Senegal,35,1752.32
2018-12-31,Slovakia,36,1735.1
2018-12-31,Czech Republic,37,1732.58
2018-12-31,Yugoslavia,38,1732.26
2018-12-31,Turkey,39,1723.95
2018-12-31,Republic of Ireland,40,1717.29
2018-12-31,Costa Rica,41,1716.38
2018-12-31,Venezuela,42,1713.39
2018-12-31,Jersey,43,1709.53
2018-12-31,Guernsey,44,1707.8
2018-12-31,Czechoslovakia,45,1705.97
2018-12-31,Scotland,46,1700.65
2018-12-31,German DR,47,1699.83
2018-12-31,Wales,48,1697.92
2018-12-31,Nigeria,49,1696.76
2018-12-31,Tunisia,50,1692.92
2018-12-31,Catalonia,51,1688.13
2018-12-31,Norway,52,1683.25
2018-12-31,Paraguay,53,1679.87
2018-12-31,Egypt,54,1677.19
2018-12-31,Iceland,55,1666.86
2018-12-31,Iraq,56,1665.13
2018-12-31,Padania,57,1664.29
2018-12-31,Isle of Man,58,1653.99
2018-12-31,Greece,59,1652.12
2018-12-31,Uzbekistan,60,1648.85
2018-12-31,Ivory Coast,61,1647.98
2018-12-31,Ghana,62,1647.88
2018-12-31,Finland,63,1647.74
2018-12-31,Saudi Arabia,64,1646.08
2018-12-31,Bulgaria,65,1644.56
2018-12-31,Qatar,66,1641.13
2018-12-31,Cameroon,67,1637.67
2018-12-31,Occitania,68,1636.89
2018-12-31,Northern Ireland,69,1634.6
2018-12-31,Honduras,70,1634.46
2018-12-31,Northern Cyprus,71,1632.03
2018-12-31,Andalusia,72,1630.68
2018-12-31,Syria,73,1624.21
2018-12-31,Oman,74,1622.01
2018-12-31,Algeria,75,1621.96
2018-12-31,Hungary,76,1614.21
2018-12-31,Canada,77,1613.57
2018-12-31,South Africa,78,1610.48
2018-12-31,Réunion,79,1609.17
2018-12-31,China,80,1604.73
2018-12-31,Panama,81,1599.44
2018-12-31,Bolivia,82,1599.16
2018-12-31,Iraqi Kurdistan,83,1597.18
2018-12-31,Isle of Wight,84,1594.63
2018-12-31,Jamaica,85,1593.27
2018-12-31,United Arab Emirates,86,1590.57
2018-12-31,Abkhazia,87,1588.67
2018-12-31,Georgia,88,1588.35
2018-12-31,New Zealand,89,1587.06
2018-12-31,Kernow,90,1584.65
2018-12-31,Montenegro,91,1582.81
2018-12-31,Belarus,92,1581.17
2018-12-31,North Macedonia,93,1578.8
2018-12-31,Corsica,94,1577.15
2018-12-31,Rhodes,95,1576.25
2018-12-31,County of Nice,96,1572.68
2018-12-31,DR Congo,97,1570.99
2018-12-31,Kosovo,98,1570.56
2018-12-31,Bahrain,99,1570.14
2018-12-31,Kárpátalja,100,1570.08
2018-12-31,Albania,101,1568.9
2018-12-31,Haiti,102,1568.21
2018-12-31,Mali,103,1566.43
2018-12-31,Israel,104,1565.62
2018-12-31,Thailand,105,1565.57
2018-12-31,Guinea,106,1565.16
2018-12-31,Slovenia,107,1565.09
2018-12-31,Burkina Faso,108,1564.08
2018-12-31,Galicia,109,1563.93
2018-12-31,Menorca,110,1563.18
2018-12-31,Vanuatu,111,1559.1
2018-12-31,El Salvador,112,1556.55
2018-12-31,Ellan Vannin,113,1555.4
2018-12-31,North Korea,114,1549.73
2018-12-31,Kurdistan,115,1549.57
2018-12-31,Vietnam,116,1547.31
2018-12-31,Kuwait,117,1544.52
2018-12-31,Martinique,118,1543.89
2018-12-31,Uganda,119,1539.91
2018-12-31,Estonia,120,1539.49
2018-12-31,Zimbabwe,121,1537.04
2018-12-31,Arameans Suryoye,122,1536.84
2018-12-31,Åland Islands,123,1534.96
2018-12-31,Jordan,124,1533.43
2018-12-31,Lebanon,125,1533.25
2018-12-31,Yorkshire,126,1529.36
2018-12-31,Brittany,127,1529.0
2018-12-31,Kenya,128,1527.57
2018-12-31,Canary Islands,129,1522.59
2018-12-31,Panjab,130,1521.13
2018-12-31,New Caledonia,131,1520.63
2018-12-31,Tahiti,132,1520.62
2018-12-31,Libya,133,1520.08
2018-12-31,Cascadia,134,1518.61
2018-12-31,Ynys Môn,135,1518.1
2018-12-31,Cape Verde,136,1517.84
2018-12-31,Asturias,137,1517.44
2018-12-31,Parishes of Jersey,138,1517.36
2018-12-31,Silesia,139,1515.73
2018-12-31,Zambia,140,1514.53
2018-12-31,Surrey,141,1514.42
2018-12-31,Artsakh,142,1512.87
2018-12-31,Guatemala,143,1511.56
2018-12-31,Donetsk PR,144,1509.06
2018-12-31,Quebec,145,1508.55
2018-12-31,Crimea,146,1507.28
2018-12-31,Felvidék,147,1506.12
2018-12-31,Sápmi,148,1504.49
2018-12-31,Trinidad and Tobago,149,1502.42
2018-12-31,Benin,150,1502.07
2018-12-31,Central Spain,151,1501.37
2018-12-31,Curaçao,152,1500.8
2018-12-31,Matabeleland,153,1500.26
2018-12-31,Palestine,154,1499.16
2018-12-31,Saugeais,155,1497.88
2018-12-31,Armenia,156,1497.65
2018-12-31,Somaliland,157,1497.52
2018-12-31,Délvidék,158,1496.09
2018-12-31,United Koreans in Japan,159,1496.04
2018-12-31,Sealand,160,1494.22
2018-12-31,Western Armenia,161,1493.76
2018-12-31,Solomon Islands,162,1493.67
2018-12-31,Székely Land,163,1492.87
2018-12-31,Franconia,164,1492.61
2018-12-31,Namibia,165,1491.15
2018-12-31,Madrid,166,1489.32
2018-12-31,Kyrgyzstan,167,1486.97
2018-12-31,Cilento,168,1484.99
2018-12-31,Ryūkyū,169,1483.63
2018-12-31,Luhansk PR,170,1483.49
2018-12-31,Seborga,171,1482.95
2018-12-31,French Guiana,172,1482.51
2018-12-31,Togo,173,1481.65
2018-12-31,Greenland,174,1480.6
2018-12-31,Republic of St. Pauli,175,1478.8
2018-12-31,Zanzibar,176,1477.78
2018-12-31,Niue,177,1474.97
2018-12-31,South Yemen,178,1473.5
2018-12-31,Two Sicilies,179,1473.18
2018-12-31,Gabon,180,1471.25
2018-12-31,Congo,181,1471.06
2018-12-31,Kabylia,182,1470.79
2018-12-31,Mauritania,183,1469.77
2018-12-31,Chechnya,184,1469.56
2018-12-31,Luxembourg,185,1466.56
2018-12-31,Romani people,186,1466.05
2018-12-31,Fiji,187,1464.64
2018-12-31,Azerbaijan,188,1463.82
2018-12-31,Monaco,189,1463.77
2018-12-31,Cyprus,190,1463.25
2018-12-31,North Vietnam,191,1463.0
2018-12-31,Gozo,192,1462.98
2018-12-31,Angola,193,1460.56
2018-12-31,Sierra Leone,194,1459.85
2018-12-31,Liberia,195,1459.43
2018-12-31,Tamil Eelam,196,1456.54
2018-12-31,Shetland,197,1456.1
2018-12-31,Palau,198,1455.82
2018-12-31,Dominican Republic,199,1454.04
2018-12-31,Găgăuzia,200,1453.55
2018-12-31,Manchukuo,201,1451.84
2018-12-31,Saarland,202,1449.76
2018-12-31,Western Sahara,203,1449.73
2018-12-31,India,204,1449.42
2018-12-31,Western Isles,205,1447.93
2018-12-31,Provence,206,1447.75
2018-12-31,Mozambique,207,1445.92
2018-12-31,Madagascar,208,1442.67
2018-12-31,Burundi,209,1439.67
2018-12-31,Barawa,210,1437.99
2018-12-31,Sark,211,1437.57
2018-12-31,Saint Kitts and Nevis,212,1435.45
2018-12-31,Niger,213,1435.01
2018-12-31,Gotland,214,1434.33
2018-12-31,Botswana,215,1433.44
2018-12-31,Suriname,216,1432.67
2018-12-31,Gambia,217,1432.14
2018-12-31,Mayotte,218,1431.97
2018-12-31,Cuba,219,1431.47
2018-12-31,Kazakhstan,220,1431.35
2018-12-31,Bermuda,221,1430.74
2018-12-31,Vatican City,222,1429.62
2018-12-31,Saint Barthélemy,223,1428.17
2018-12-31,Guadeloupe,224,1427.26
2018-12-31,Indonesia,225,1425.31
2018-12-31,Ambazonia,226,1425.01
2018-12-31,Central African Republic,227,1421.66
2018-12-31,Rwanda,228,1421.09
2018-12-31,Hong Kong,229,1420.14
2018-12-31,Chagos Islands,230,1419.98
2018-12-31,Tanzania,231,1419.5
2018-12-31,Ethiopia,232,1418.83
2018-12-31,Vietnam Republic,233,1416.37
2018-12-31,South Ossetia,234,1414.43
2018-12-31,Philippines,235,1413.57
2018-12-31,Micronesia,236,1412.66
2018-12-31,Guinea-Bissau,237,1411.84
2018-12-31,Western Australia,238,1409.92
2018-12-31,Turkmenistan,239,1407.85
2018-12-31,Guyana,240,1406.87
2018-12-31,Papua New Guinea,241,1403.15
2018-12-31,Orkney,242,1402.43
2018-12-31,Darfur,243,1401.51
2018-12-31,Yemen DPR,244,1400.88
2018-12-31,Lithuania,245,1395.38
2018-12-31,Equatorial Guinea,246,1395.2
2018-12-31,Saint Pierre and Miquelon,247,1393.06
2018-12-31,Antigua and Barbuda,248,1392.32
2018-12-31,Malawi,249,1392.23
2018-12-31,Moldova,250,1389.9
2018-12-31,Lesotho,251,1389.11
2018-12-31,Chad,252,1385.89
2018-12-31,Raetia,253,1385.7
2018-12-31,Hitra,254,1384.73
2018-12-31,Latvia,255,1384.64
2018-12-31,Tajikistan,256,1379.63
2018-12-31,Belize,257,1375.77
2018-12-31,Gibraltar,258,1374.93
2018-12-31,Nicaragua,259,1370.62
2018-12-31,Bonaire,260,1367.16
2018-12-31,Malaysia,261,1363.85
2018-12-31,Kiribati,262,1360.97
2018-12-31,Saare County,263,1359.7
2018-12-31,Sudan,264,1358.69
2018-12-31,Eswatini,265,1348.31
2018-12-31,Wallis Islands and Futuna,266,1346.32
2018-12-31,Tibet,267,1344.94
2018-12-31,Faroe Islands,268,1342.77
2018-12-31,Tuvalu,269,1340.96
2018-12-31,Yemen,270,1337.42
2018-12-31,Sint Maarten,271,1333.28
2018-12-31,Singapore,272,1326.3
2018-12-31,Myanmar,273,1326.02
2018-12-31,Samoa,274,1325.17
2018-12-31,Bahamas,275,1324.57
2018-12-31,Cook Islands,276,1322.28
2018-12-31,Afghanistan,277,1321.8
2018-12-31,Comoros,278,1319.12
2018-12-31,Barbados,279,1318.62
2018-12-31,Saint Vincent and the Grenadines,280,1318.15
2018-12-31,Frøya,281,1312.15
2018-12-31,Saint Lucia,282,1310.67
2018-12-31,São Tomé and Príncipe,283,1301.31
2018-12-31,Falkland Islands,284,1298.55
2018-12-31,Malta,285,1297.74
2018-12-31,Dominica,286,1295.31
2018-12-31,Turks and Caicos Islands,287,1295.15
2018-12-31,Grenada,288,1293.41
2018-12-31,Taiwan,289,1283.64
2018-12-31,Aruba,290,1276.22
2018-12-31,South Sudan,291,1273.84
2018-12-31,Mauritius,292,1272.53
2018-12-31,Montserrat,293,1264.66
2018-12-31,Eritrea,294,1260.94
2018-12-31,Saint Martin,295,1260.22
2018-12-31,Puerto Rico,296,1256.31
2018-12-31,Cayman Islands,297,1244.04
2018-12-31,Tonga,298,1242.99
2018-12-31,Liechtenstein,299,1238.1
2018-12-31,Maldives,300,1225.05
2018-12-31,Guam,301,1222.2
2018-12-31,American Samoa,302,1219.58
2018-12-31,Andorra,303,1211.28
2018-12-31,Seychelles,304,1198.68
2018-12-31,Pakistan,305,1193.41
2018-12-31,United States Virgin Islands,306,1178.84
2018-12-31,Nepal,307,1171.21
2018-12-31,Mongolia,308,1157.43
2018-12-31,British Virgin Islands,309,1143.88
2018-12-31,Bangladesh,310,1137.76
2018-12-31,Alderney,311,1129.39
2018-12-31,Anguilla,312,1126.75
2018-12-31,Northern Mariana Islands,313,1120.68
2018-12-31,Cambodia,314,1119.99
2018-12-31,Somalia,315,1091.84
2018-12-31,Macau,316,1089.23
2018-12-31,Djibouti,317,1073.33
2018-12-31,Laos,318,1071.0
2018-12-31,Sri Lanka,319,1053.85
2018-12-31,San Marino,320,1040.81
2018-12-31,Brunei,321,1013.34
2018-12-31,Timor-Leste,322,1000.67
2018-12-31,Bhutan,323,960.92
2019-12-29,Brazil,1,2005.06
2019-12-29,Belgium,2,2002.49
2019-12-29,France,3,1991.68
2019-12-29,Spain,4,1977.65
2019-12-29,Argentina,5,1942.0
2019-12-29,England,6,1931.34
2019-12-29,Germany,7,1930.71
2019-12-29,Portugal,8,1923.91
2019-12-29,Netherlands,9,1921.2
2019-12-29,Colombia,10,1920.15
2019-12-29,Italy,11,1912.11
2019-12-29,Uruguay,12,1881.23
2019-12-29,Mexico,13,1878.54
2019-12-29,Croatia,14,1856.26
2019-12-29,Ukraine,15,1847.65
2019-12-29,Switzerland,16,1838.69
2019-12-29,Denmark,17,1831.13
2019-12-29,South Korea,18,1804.26
2019-12-29,Sweden,19,1793.84
2019-12-29,Russia,20,1793.43
2019-12-29,Poland,21,1792.62
2019-12-29,Iran,22,1791.58
2019-12-29,Peru,23,1790.46
2019-12-29,Senegal,24,1790.15
2019-12-29,Chile,25,1786.63
2019-12-29,Japan,26,1786.27
2019-12-29,Turkey,27,1783.88
2019-12-29,Serbia,28,1783.61
2019-12-29,Venezuela,29,1780.75
2019-12-29,Basque Country,30,1772.45
2019-12-29,United States,31,1772.44
2019-12-29,Algeria,32,1761.24
2019-12-29,Austria,33,1752.73
2019-12-29,Republic of Ireland,34,1746.83
2019-12-29,Australia,35,1742.1
2019-12-29,Nigeria,36,1736.87
2019-12-29,Wales,37,1734.93
2019-12-29,Yugoslavia,38,1732.26
2019-12-29,Slovakia,39,1732.18
2019-12-29,Romania,40,1731.71
2019-12-29,Ecuador,41,1727.62
2019-12-29,Czech Republic,42,1724.72
2019-12-29,Norway,43,1715.17
2019-12-29,Guernsey,44,1711.71
2019-12-29,Qatar,45,1709.25
2019-12-29,Catalonia,46,1706.41
2019-12-29,Bosnia and Herzegovina,47,1706.1
2019-12-29,Czechoslovakia,48,1705.97
2019-12-29,Jersey,49,1701.93
2019-12-29,German DR,50,1699.83
2019-12-29,Northern Ireland,51,1698.23
2019-12-29,Iraq,52,1692.53
2019-12-29,Paraguay,53,1687.02
2019-12-29,Iceland,54,1685.42
2019-12-29,Ghana,55,1682.32
2019-12-29,Morocco,56,1678.08
2019-12-29,Tunisia,57,1676.42
2019-12-29,Egypt,58,1673.72
2019-12-29,Scotland,59,1667.57
2019-12-29,Costa Rica,60,1663.83
2019-12-29,Honduras,61,1663.07
2019-12-29,Ivory Coast,62,1660.05
2019-12-29,Finland,63,1659.5
2019-12-29,Uzbekistan,64,1659.09
2019-12-29,Isle of Man,65,1655.82
2019-12-29,Canada,66,1644.26
2019-12-29,Cameroon,67,1640.15
2019-12-29,Greece,68,1639.93
2019-12-29,Occitania,69,1636.89
2019-12-29,Northern Cyprus,70,1632.03
2019-12-29,Andalusia,71,1630.68
2019-12-29,Bahrain,72,1630.28
2019-12-29,Jamaica,73,1630.14
2019-12-29,Padania,74,1627.81
2019-12-29,Saudi Arabia,75,1627.5
2019-12-29,Kosovo,76,1622.22
2019-12-29,Oman,77,1617.91
2019-12-29,El Salvador,78,1614.1
2019-12-29,Ynys Môn,79,1611.45
2019-12-29,Hungary,80,1610.97
2019-12-29,South Africa,81,1607.81
2019-12-29,China,82,1601.83
2019-12-29,Bulgaria,83,1600.95
2019-12-29,Abkhazia,84,1598.46
2019-12-29,United Arab Emirates,85,1597.75
2019-12-29,Iraqi Kurdistan,86,1597.18
2019-12-29,Isle of Wight,87,1594.63
2019-12-29,Kernow,88,1594.27
2019-12-29,North Macedonia,89,1593.02
2019-12-29,Georgia,90,1592.13
2019-12-29,Réunion,91,1585.8
2019-12-29,Montenegro,92,1580.28
2019-12-29,Slovenia,93,1579.2
2019-12-29,Corsica,94,1577.15
2019-12-29,Burkina Faso,95,1576.86
2019-12-29,Rhodes,96,1576.25
2019-12-29,Haiti,97,1574.28
2019-12-29,Vietnam,98,1573.87
2019-12-29,County of Nice,99,1572.68
2019-12-29,Kárpátalja,100,1570.08
2019-12-29,Panama,101,1570.01
2019-12-29,Jordan,102,1566.27
2019-12-29,Syria,103,1565.33
2019-12-29,Benin,104,1564.55
2019-12-29,Albania,105,1563.94
2019-12-29,Galicia,106,1563.93
2019-12-29,Menorca,107,1563.18
2019-12-29,Mali,108,1562.88
2019-12-29,Uganda,109,1559.6
2019-12-29,Yorkshire,110,1558.68
2019-12-29,Bolivia,111,1557.07
2019-12-29,Ellan Vannin,112,1555.4
2019-12-29,New Zealand,113,1553.07
2019-12-29,Artsakh,114,1550.29
2019-12-29,Kurdistan,115,1549.57
2019-12-29,Israel,116,1548.08
2019-12-29,Thailand,117,1544.9
2019-12-29,Guatemala,118,1541.1
2019-12-29,New Caledonia,119,1539.31
2019-12-29,Arameans Suryoye,120,1536.84
2019-12-29,Martinique,121,1535.26
2019-12-29,Åland Islands,122,1534.96
2019-12-29,Kuwait,123,1532.94
2019-12-29,Belarus,124,1531.96
2019-12-29,Gabon,125,1531.93
2019-12-29,DR Congo,126,1531.66
2019-12-29,Panjab,127,1531.63
2019-12-29,Cascadia,128,1530.18
2019-12-29,Brittany,129,1529.0
2019-12-29,Cape Verde,130,1528.81
2019-12-29,North Korea,131,1527.8
2019-12-29,Vanuatu,132,1523.05
2019-12-29,Zambia,133,1522.68
2019-12-29,Canary Islands,134,1522.59
2019-12-29,Chameria,135,1521.62
2019-12-29,Estonia,136,1518.46
2019-12-29,Asturias,137,1517.44
2019-12-29,Libya,138,1517.4
2019-12-29,Silesia,139,1515.73
2019-12-29,Surrey,140,1514.42
2019-12-29,Parishes of Jersey,141,1514.34
2019-12-29,Curaçao,142,1513.41
2019-12-29,Zimbabwe,143,1512.48
2019-12-29,Kenya,144,1510.81
2019-12-29,Lebanon,145,1509.7
2019-12-29,Donetsk PR,146,1509.06
2019-12-29,Quebec,147,1508.55
2019-12-29,Guinea,148,1507.56
2019-12-29,Crimea,149,1507.28
2019-12-29,Felvidék,150,1506.12
2019-12-29,Franconia,151,1503.92
2019-12-29,Fiji,152,1503.61
2019-12-29,Tahiti,153,1502.44
2019-12-29,Central Spain,154,1501.37
2019-12-29,Matabeleland,155,1500.26
2019-12-29,Armenia,156,1498.41
2019-12-29,Saugeais,157,1497.88
2019-12-29,East Turkestan,158,1497.29
2019-12-29,Délvidék,159,1496.09
2019-12-29,United Koreans in Japan,160,1496.04
2019-12-29,Sealand,161,1494.22
2019-12-29,Madrid,162,1489.32
2019-12-29,Palestine,163,1487.97
2019-12-29,Cilento,164,1484.99
2019-12-29,Luhansk PR,165,1484.7
2019-12-29,Western Armenia,166,1484.47
2019-12-29,West Papua,167,1484.0
2019-12-29,Ryūkyū,168,1483.63
2019-12-29,Somaliland,169,1482.98
2019-12-29,Seborga,170,1482.95
2019-12-29,Greenland,171,1480.6
2019-12-29,Mozambique,172,1479.98
2019-12-29,Solomon Islands,173,1479.72
2019-12-29,South Ossetia,174,1479.31
2019-12-29,Republic of St. Pauli,175,1478.8
2019-12-29,Zanzibar,176,1477.78
2019-12-29,Angola,177,1476.74
2019-12-29,Tamil Eelam,178,1475.25
2019-12-29,Mauritania,179,1475.24
2019-12-29,Niue,180,1474.97
2019-12-29,South Yemen,181,1473.5
2019-12-29,Two Sicilies,182,1473.18
2019-12-29,Congo,183,1472.5
2019-12-29,Kabylia,184,1470.79
2019-12-29,Sápmi,185,1470.62
2019-12-29,Chechnya,186,1469.56
2019-12-29,Madagascar,187,1469.48
2019-12-29,Romani people,188,1466.05
2019-12-29,Suriname,189,1464.0
2019-12-29,Monaco,190,1463.77
2019-12-29,North Vietnam,191,1463.0
2019-12-29,Gozo,192,1462.98
2019-12-29,Malawi,193,1460.18
2019-12-29,Guadeloupe,194,1458.91
2019-12-29,Cyprus,195,1458.07
2019-12-29,Palau,196,1455.82
2019-12-29,Bermuda,197,1455.53
2019-12-29,Găgăuzia,198,1453.55
2019-12-29,Kyrgyzstan,199,1453.2
2019-12-29,Azerbaijan,200,1452.61
2019-12-29,Manchukuo,201,1451.84
2019-12-29,Namibia,202,1451.36
2019-12-29,Saarland,203,1449.76
2019-12-29,Western Sahara,204,1449.73
2019-12-29,Shetland,205,1447.83
2019-12-29,Provence,206,1447.75
2019-12-29,French Guiana,207,1446.93
2019-12-29,Papua New Guinea,208,1446.88
2019-12-29,Sierra Leone,209,1445.04
2019-12-29,Malaysia,210,1444.4
2019-12-29,Trinidad and Tobago,211,1443.79
2019-12-29,Saint Helena,212,1443.06
2019-12-29,Central African Republic,213,1442.5
2019-12-29,Luxembourg,214,1442.44
2019-12-29,Kazakhstan,215,1439.94
2019-12-29,Gambia,216,1439.84
2019-12-29,Togo,217,1438.55
2019-12-29,Székely Land,218,1437.58
2019-12-29,Sark,219,1437.57
2019-12-29,Gotland,220,1434.33
2019-12-29,Saint Barthélemy,221,1432.88
2019-12-29,Western Isles,222,1430.74
2019-12-29,Barawa,223,1428.37
2019-12-29,Vatican City,224,1427.61
2019-12-29,Rwanda,225,1425.31
2019-12-29,Mayotte,226,1425.05
2019-12-29,Ambazonia,227,1425.01
2019-12-29,Liberia,228,1424.91
2019-12-29,Guyana,229,1421.2
2019-12-29,Tanzania,230,1420.48
2019-12-29,Ethiopia,231,1418.49
2019-12-29,Turkmenistan,232,1418.27
2019-12-29,Vietnam Republic,233,1416.37
2019-12-29,Guinea-Bissau,234,1413.92
2019-12-29,Micronesia,235,1412.66
2019-12-29,Botswana,236,1411.18
2019-12-29,Western Australia,237,1409.92
2019-12-29,Dominican Republic,238,1408.62
2019-12-29,Cuba,239,1407.19
2019-12-29,India,240,1402.14
2019-12-29,Darfur,241,1401.51
2019-12-29,Yemen DPR,242,1400.88
2019-12-29,Lithuania,243,1400.71
2019-12-29,Lesotho,244,1396.99
2019-12-29,Niger,245,1395.02
2019-12-29,Saint Pierre and Miquelon,246,1393.06
2019-12-29,Saint Kitts and Nevis,247,1391.74
2019-12-29,Antigua and Barbuda,248,1390.86
2019-12-29,Equatorial Guinea,249,1389.83
2019-12-29,Philippines,250,1389.72
2019-12-29,Burundi,251,1389.66
2019-12-29,Comoros,252,1388.79
2019-12-29,Indonesia,253,1386.4
2019-12-29,Chagos Islands,254,1386.13
2019-12-29,Hong Kong,255,1382.21
2019-12-29,Grenada,256,1380.86
2019-12-29,Hitra,257,1380.37
2019-12-29,Tajikistan,258,1379.65
2019-12-29,Orkney,259,1379.33
2019-12-29,Raetia,260,1376.4
2019-12-29,Singapore,261,1376.13
2019-12-29,Saint Vincent and the Grenadines,262,1375.87
2019-12-29,Sudan,263,1369.27
2019-12-29,Latvia,264,1362.07
2019-12-29,Kiribati,265,1360.97
2019-12-29,Saare County,266,1359.7
2019-12-29,Yemen,267,1359.36
2019-12-29,Belize,268,1358.32
2019-12-29,Chad,269,1354.85
2019-12-29,Bahamas,270,1353.52
2019-12-29,Bonaire,271,1353.0
2019-12-29,Wallis Islands and Futuna,272,1346.32
2019-12-29,Tibet,273,1344.94
2019-12-29,Gibraltar,274,1333.29
2019-12-29,Nicaragua,275,1330.33
2019-12-29,Moldova,276,1329.94
2019-12-29,Barbados,277,1325.65
2019-12-29,Faroe Islands,278,1323.04
2019-12-29,Cook Islands,279,1322.28
2019-12-29,Myanmar,280,1321.23
2019-12-29,Samoa,281,1317.48
2019-12-29,Montserrat,282,1316.66
2019-12-29,Afghanistan,283,1314.92
2019-12-29,Frøya,284,1312.15
2019-12-29,Saint Lucia,285,1307.85
2019-12-29,Tuvalu,286,1302.12
2019-12-29,Falkland Islands,287,1298.55
2019-12-29,São Tomé and Príncipe,288,1293.71
2019-12-29,Eswatini,289,1292.77
2019-12-29,Turks and Caicos Islands,290,1291.91
2019-12-29,Sint Maarten,291,1289.78
2019-12-29,Malta,292,1284.26
2019-12-29,Dominica,293,1277.22
2019-12-29,South Sudan,294,1274.33
2019-12-29,Taiwan,295,1267.63
2019-12-29,Mauritius,296,1261.36
2019-12-29,Cayman Islands,297,1257.98
2019-12-29,Puerto Rico,298,1247.66
2019-12-29,Saint Martin,299,1246.05
2019-12-29,Eritrea,300,1245.43
2019-12-29,Liechtenstein,301,1243.02
2019-12-29,Andorra,302,1226.97
2019-12-29,Aruba,303,1217.93
2019-12-29,Tonga,304,1217.53
2019-12-29,Maldives,305,1216.58
2019-12-29,American Samoa,306,1202.84
2019-12-29,Nepal,307,1186.65
2019-12-29,Bangladesh,308,1174.97
2019-12-29,Seychelles,309,1159.74
2019-12-29,Pakistan,310,1155.19
2019-12-29,United States Virgin Islands,311,1150.5
2019-12-29,Guam,312,1148.64
2019-12-29,Alderney,313,1147.76
2019-12-29,Mongolia,314,1146.36
2019-12-29,Cambodia,315,1142.59
2019-12-29,Djibouti,316,1131.61
2019-12-29,Northern Mariana Islands,317,1120.68
2019-12-29,Somalia,318,1118.06
2019-12-29,British Virgin Islands,319,1113.47
2019-12-29,Anguilla,320,1083.79
2019-12-29,Macau,321,1083.57
2019-12-29,Laos,322,1075.42
2019-12-29,Sri Lanka,323,1030.65
2019-12-29,San Marino,324,1027.57
2019-12-29,Brunei,325,1026.64
2019-12-29,Timor-Leste,326,994.48
2019-12-29,Bhutan,327,963.0
2020-12-09,Brazil,1,2030.28
2020-12-09,Belgium,2,2022.34
2020-12-09,France,3,2017.9
2020-12-09,Spain,4,1974.99
2020-12-09,Portugal,5,1957.63
2020-12-09,Argentina,6,1951.0
2020-12-09,England,7,1938.18
2020-12-09,Italy,8,1936.39
2020-12-09,Germany,9,1931.11
2020-12-09,Mexico,10,1914.32
2020-12-09,Netherlands,11,1913.5
2020-12-09,Colombia,12,1882.27
2020-12-09,Uruguay,13,1877.88
2020-12-09,Denmark,14,1871.97
2020-12-09,Switzerland,15,1824.83
2020-12-09,Croatia,16,1819.88
2020-12-09,Poland,17,1814.5
2020-12-09,Iran,18,1813.1
2020-12-09,Ukraine,19,1807.76
2020-12-09,South Korea,20,1803.49
2020-12-09,United States,21,1798.68
2020-12-09,Austria,22,1796.79
2020-12-09,Japan,23,1788.01
2020-12-09,Wales,24,1784.41
2020-12-09,Basque Country,25,1781.78
2020-12-09,Sweden,26,1781.4
2020-12-09,Chile,27,1779.09
2020-12-09,Senegal,28,1776.36
2020-12-09,Algeria,29,1776.22
2020-12-09,Ecuador,30,1774.35
2020-12-09,Serbia,31,1770.65
2020-12-09,Turkey,32,1768.66
2020-12-09,Venezuela,33,1763.87
2020-12-09,Peru,34,1754.58
2020-12-09,Russia,35,1746.04
2020-12-09,Australia,36,1742.1
2020-12-09,Czech Republic,37,1735.75
2020-12-09,Yugoslavia,38,1732.26
2020-12-09,Romania,39,1720.98
2020-12-09,Norway,40,1720.75
2020-12-09,Paraguay,41,1713.33
2020-12-09,Guernsey,42,1711.71
2020-12-09,Finland,43,1711.41
2020-12-09,Hungary,44,1709.83
2020-12-09,Catalonia,45,1706.41
2020-12-09,Czechoslovakia,46,1705.97
2020-12-09,Morocco,47,1703.38
2020-12-09,Jersey,48,1701.93
2020-12-09,Iraq,49,1700.91
2020-12-09,German DR,50,1699.83
2020-12-09,Nigeria,51,1698.01
2020-12-09,Slovakia,52,1687.54
2020-12-09,Egypt,53,1686.28
2020-12-09,Qatar,54,1678.11
2020-12-09,Republic of Ireland,55,1677.49
2020-12-09,Tunisia,56,1677.35
2020-12-09,Scotland,57,1675.1
2020-12-09,Bosnia and Herzegovina,58,1672.71
2020-12-09,Iceland,59,1670.49
2020-12-09,Bahrain,60,1660.28
2020-12-09,Ivory Coast,61,1659.92
2020-12-09,Ghana,62,1656.27
2020-12-09,Isle of Man,63,1655.82
2020-12-09,Cameroon,64,1650.73
2020-12-09,Greece,65,1650.34
2020-12-09,Canada,66,1638.38
2020-12-09,Northern Ireland,67,1637.41
2020-12-09,Occitania,68,1636.89
2020-12-09,Northern Cyprus,69,1632.03
2020-12-09,Jamaica,70,1631.38
2020-12-09,Andalusia,71,1630.68
2020-12-09,Honduras,72,1630.08
2020-12-09,Uzbekistan,73,1628.26
2020-12-09,Padania,74,1627.81
2020-12-09,Saudi Arabia,75,1626.26
2020-12-09,Oman,76,1617.91
2020-12-09,Slovenia,77,1617.85
2020-12-09,North Macedonia,78,1617.74
2020-12-09,Ynys Môn,79,1611.45
2020-12-09,Costa Rica,80,1609.07
2020-12-09,Mali,81,1604.22
2020-12-09,Burkina Faso,82,1603.59
2020-12-09,China,83,1601.83
2020-12-09,Abkhazia,84,1598.46
2020-12-09,Iraqi Kurdistan,85,1597.18
2020-12-09,Isle of Wight,86,1594.63
2020-12-09,Kernow,87,1594.27
2020-12-09,El Salvador,88,1593.9
2020-12-09,South Africa,89,1591.35
2020-12-09,Panama,90,1591.19
2020-12-09,Israel,91,1590.03
2020-12-09,Jordan,92,1588.47
2020-12-09,Albania,93,1585.83
2020-12-09,Réunion,94,1585.8
2020-12-09,Benin,95,1579.09
2020-12-09,United Arab Emirates,96,1577.96
2020-12-09,Corsica,97,1577.15
2020-12-09,Rhodes,98,1576.25
2020-12-09,Montenegro,99,1576.23
2020-12-09,Haiti,100,1574.28
2020-12-09,Vietnam,101,1573.87
2020-12-09,County of Nice,102,1572.68
2020-12-09,Georgia,103,1571.5
2020-12-09,Kárpátalja,104,1570.08
2020-12-09,Syria,105,1569.06
2020-12-09,Bulgaria,106,1564.28
2020-12-09,Galicia,107,1563.93
2020-12-09,Menorca,108,1563.18
2020-12-09,Yorkshire,109,1558.68
2020-12-09,Ellan Vannin,110,1555.4
2020-12-09,Guatemala,111,1553.71
2020-12-09,New Zealand,112,1553.07
2020-12-09,Bolivia,113,1551.37
2020-12-09,Artsakh,114,1550.29
2020-12-09,Kurdistan,115,1549.57
2020-12-09,Armenia,116,1548.1
2020-12-09,Thailand,117,1544.9
2020-12-09,New Caledonia,118,1539.31
2020-12-09,Kosovo,119,1539.28
2020-12-09,DR Congo,120,1538.54
2020-12-09,Uganda,121,1538.34
2020-12-09,Arameans Suryoye,122,1536.84
2020-12-09,Martinique,123,1535.26
2020-12-09,Åland Islands,124,1534.96
2020-12-09,Kuwait,125,1532.94
2020-12-09,Panjab,126,1531.63
2020-12-09,Cascadia,127,1530.18
2020-12-09,Brittany,128,1529.0
2020-12-09,North Korea,129,1527.8
2020-12-09,Zambia,130,1526.37
2020-12-09,Guinea,131,1524.66
2020-12-09,Vanuatu,132,1523.05
2020-12-09,Canary Islands,133,1522.59
2020-12-09,Chameria,134,1521.62
2020-12-09,Asturias,135,1517.44
2020-12-09,Belarus,136,1517.04
2020-12-09,Silesia,137,1515.73
2020-12-09,Zimbabwe,138,1514.72
2020-12-09,Surrey,139,1514.42
2020-12-09,Parishes of Jersey,140,1514.34
2020-12-09,Curaçao,141,1513.41
2020-12-09,Gabon,142,1510.78
2020-12-09,Donetsk PR,143,1509.06
2020-12-09,Quebec,144,1508.55
2020-12-09,Cape Verde,145,1508.44
2020-12-09,Crimea,146,1507.28
2020-12-09,Felvidék,147,1506.12
2020-12-09,Franconia,148,1503.92
2020-12-09,Fiji,149,1503.61
2020-12-09,Tahiti,150,1502.44
2020-12-09,Central Spain,151,1501.37
2020-12-09,Kenya,152,1500.28
2020-12-09,Matabeleland,153,1500.26
2020-12-09,Lebanon,154,1499.29
2020-12-09,Saugeais,155,1497.88
2020-12-09,East Turkestan,156,1497.29
2020-12-09,Délvidék,157,1496.09
2020-12-09,United Koreans in Japan,158,1496.04
2020-12-09,Sealand,159,1494.22
2020-12-09,Madrid,160,1489.32
2020-12-09,Palestine,161,1487.97
2020-12-09,Cilento,162,1484.99
2020-12-09,Luhansk PR,163,1484.7
2020-12-09,Western Armenia,164,1484.47
2020-12-09,West Papua,165,1484.0
2020-12-09,Ryūkyū,166,1483.63
2020-12-09,Somaliland,167,1482.98
2020-12-09,Seborga,168,1482.95
2020-12-09,Greenland,169,1480.6
2020-12-09,Angola,170,1479.74
2020-12-09,Solomon Islands,171,1479.72
2020-12-09,South Ossetia,172,1479.31
2020-12-09,Republic of St. Pauli,173,1478.8
2020-12-09,Zanzibar,174,1477.78
2020-12-09,Libya,175,1475.97
2020-12-09,Tamil Eelam,176,1475.25
2020-12-09,Niue,177,1474.97
2020-12-09,South Yemen,178,1473.5
2020-12-09,Two Sicilies,179,1473.18
2020-12-09,Kabylia,180,1470.79
2020-12-09,Estonia,181,1470.64
2020-12-09,Sápmi,182,1470.62
2020-12-09,Chechnya,183,1469.56
2020-12-09,Mauritania,184,1466.7
2020-12-09,Romani people,185,1466.05
2020-12-09,Suriname,186,1464.0
2020-12-09,Gambia,187,1463.99
2020-12-09,Monaco,188,1463.77
2020-12-09,North Vietnam,189,1463.0
2020-12-09,Gozo,190,1462.98
2020-12-09,Madagascar,191,1460.13
2020-12-09,Guadeloupe,192,1458.91
2020-12-09,Congo,193,1456.4
2020-12-09,Palau,194,1455.82
2020-12-09,Bermuda,195,1455.53
2020-12-09,Lithuania,196,1454.09
2020-12-09,Găgăuzia,197,1453.55
2020-12-09,Azerbaijan,198,1453.28
2020-12-09,Kyrgyzstan,199,1453.2
2020-12-09,Manchukuo,200,1451.84
2020-12-09,Saarland,201,1449.76
2020-12-09,Western Sahara,202,1449.73
2020-12-09,Malawi,203,1447.83
2020-12-09,Shetland,204,1447.83
2020-12-09,Provence,205,1447.75
2020-12-09,Mozambique,206,1446.98
2020-12-09,French Guiana,207,1446.93
2020-12-09,Papua New Guinea,208,1446.88
2020-12-09,Malaysia,209,1444.4
2020-12-09,Trinidad and Tobago,210,1443.79
2020-12-09,Saint Helena,211,1443.06
2020-12-09,Luxembourg,212,1441.24
2020-12-09,Namibia,213,1438.07
2020-12-09,Székely Land,214,1437.58
2020-12-09,Sark,215,1437.57
2020-12-09,Sierra Leone,216,1435.55
2020-12-09,Gotland,217,1434.33
2020-12-09,Rwanda,218,1433.14
2020-12-09,Saint Barthélemy,219,1432.88
2020-12-09,Equatorial Guinea,220,1431.27
2020-12-09,Western Isles,221,1430.74
2020-12-09,Central African Republic,222,1430.51
2020-12-09,Burundi,223,1430.23
2020-12-09,Barawa,224,1428.37
2020-12-09,Vatican City,225,1427.61
2020-12-09,Mayotte,226,1425.05
2020-12-09,Ambazonia,227,1425.01
2020-12-09,Liberia,228,1424.91
2020-12-09,Niger,229,1423.82
2020-12-09,Botswana,230,1423.22
2020-12-09,Togo,231,1422.64
2020-12-09,Guyana,232,1421.2
2020-12-09,Ethiopia,233,1418.52
2020-12-09,Turkmenistan,234,1418.27
2020-12-09,Comoros,235,1416.47
2020-12-09,Vietnam Republic,236,1416.37
2020-12-09,Cyprus,237,1413.34
2020-12-09,Kazakhstan,238,1413.3
2020-12-09,Micronesia,239,1412.66
2020-12-09,Western Australia,240,1409.92
2020-12-09,Tanzania,241,1408.68
2020-12-09,Dominican Republic,242,1408.62
2020-12-09,Cuba,243,1407.19
2020-12-09,Guinea-Bissau,244,1406.73
2020-12-09,India,245,1402.14
2020-12-09,Darfur,246,1401.51
2020-12-09,Yemen DPR,247,1400.88
2020-12-09,Lesotho,248,1396.95
2020-12-09,Sudan,249,1393.23
2020-12-09,Saint Pierre and Miquelon,250,1393.06
2020-12-09,Saint Kitts and Nevis,251,1391.74
2020-12-09,Antigua and Barbuda,252,1390.86
2020-12-09,Philippines,253,1389.72
2020-12-09,Indonesia,254,1386.4
2020-12-09,Chagos Islands,255,1386.13
2020-12-09,Hong Kong,256,1382.21
2020-12-09,Grenada,257,1380.86
2020-12-09,Hitra,258,1380.37
2020-12-09,Orkney,259,1379.33
2020-12-09,Raetia,260,1376.4
2020-12-09,Singapore,261,1376.13
2020-12-09,Saint Vincent and the Grenadines,262,1375.87
2020-12-09,Tajikistan,263,1366.2
2020-12-09,Kiribati,264,1360.97
2020-12-09,Saare County,265,1359.7
2020-12-09,Yemen,266,1359.36
2020-12-09,Belize,267,1358.32
2020-12-09,Latvia,268,1356.06
2020-12-09,Bahamas,269,1353.52
2020-12-09,Bonaire,270,1353.0
2020-12-09,Nicaragua,271,1350.71
2020-12-09,Wallis Islands and Futuna,272,1346.32
2020-12-09,Faroe Islands,273,1344.95
2020-12-09,Tibet,274,1344.94
2020-12-09,Chad,275,1340.79
2020-12-09,Malta,276,1333.59
2020-12-09,Moldova,277,1323.11
2020-12-09,Cook Islands,278,1322.28
2020-12-09,Myanmar,279,1321.23
2020-12-09,Samoa,280,1317.48
2020-12-09,Barbados,281,1317.02
2020-12-09,Montserrat,282,1316.66
2020-12-09,Afghanistan,283,1314.92
2020-12-09,Frøya,284,1312.15
2020-12-09,Gibraltar,285,1311.42
2020-12-09,South Sudan,286,1308.22
2020-12-09,Saint Lucia,287,1307.85
2020-12-09,Tuvalu,288,1302.12
2020-12-09,Falkland Islands,289,1298.55
2020-12-09,Turks and Caicos Islands,290,1291.91
2020-12-09,Eswatini,291,1291.37
2020-12-09,Sint Maarten,292,1289.78
2020-12-09,São Tomé and Príncipe,293,1283.7
2020-12-09,Dominica,294,1277.22
2020-12-09,Taiwan,295,1267.63
2020-12-09,Mauritius,296,1261.36
2020-12-09,Cayman Islands,297,1257.98
2020-12-09,Puerto Rico,298,1247.66
2020-12-09,Saint Martin,299,1246.05
2020-12-09,Eritrea,300,1245.43
2020-12-09,Liechtenstein,301,1240.79
2020-12-09,Aruba,302,1217.93
2020-12-09,Tonga,303,1217.53
2020-12-09,Maldives,304,1216.58
2020-12-09,American Samoa,305,1202.84
2020-12-09,Andorra,306,1188.96
2020-12-09,Bangladesh,307,1188.68
2020-12-09,Nepal,308,1171.1
2020-12-09,Seychelles,309,1159.74
2020-12-09,Pakistan,310,1155.19
2020-12-09,United States Virgin Islands,311,1150.5
2020-12-09,Guam,312,1148.64
2020-12-09,Alderney,313,1147.76
2020-12-09,Mongolia,314,1146.36
2020-12-09,Cambodia,315,1142.59
2020-12-09,Djibouti,316,1131.61
2020-12-09,Northern Mariana Islands,317,1120.68
2020-12-09,Somalia,318,1118.06
2020-12-09,British Virgin Islands,319,1113.47
2020-12-09,Anguilla,320,1083.79
2020-12-09,Macau,321,1083.57
2020-12-09,Laos,322,1075.42
2020-12-09,San Marino,323,1031.32
2020-12-09,Sri Lanka,324,1030.65
2020-12-09,Brunei,325,1026.64
2020-12-09,Timor-Leste,326,994.48
2020-12-09,Bhutan,327,963.0
2021-12-31,Brazil,1,2061.23
2021-12-31,France,2,2033.15
2021-12-31,Argentina,3,2010.79
2021-12-31,Belgium,4,1993.36
2021-12-31,England,5,1993.27
2021-12-31,Italy,6,1972.38
2021-12-31,Spain,7,1971.18
2021-12-31,Germany,8,1929.1
2021-12-31,Portugal,9,1924.18
2021-12-31,Netherlands,10,1899.66
2021-12-31,Switzerland,11,1892.38
2021-12-31,Denmark,12,1888.61
2021-12-31,United States,13,1879.37
2021-12-31,Iran,14,1868.53
2021-12-31,Colombia,15,1862.1
2021-12-31,South Korea,16,1822.9
2021-12-31,Uruguay,17,1822.21
2021-12-31,Mexico,18,1820.31
2021-12-31,Japan,19,1819.89
2021-12-31,Algeria,20,1817.47
2021-12-31,Sweden,21,1814.61
2021-12-31,Croatia,22,1813.14
2021-12-31,Serbia,23,1811.13
2021-12-31,Wales,24,1799.82
2021-12-31,Ukraine,25,1797.1
2021-12-31,Ecuador,26,1791.37
2021-12-31,Morocco,27,1787.09
2021-12-31,Peru,28,1786.21
2021-12-31,Basque Country,29,1781.78
2021-12-31,Czech Republic,30,1779.77
2021-12-31,Chile,31,1779.56
2021-12-31,Poland,32,1773.34
2021-12-31,Russia,33,1765.8
2021-12-31,Canada,34,1763.75
2021-12-31,Australia,35,1762.77
2021-12-31,Senegal,36,1749.66
2021-12-31,Turkey,37,1748.32
2021-12-31,Austria,38,1745.3
2021-12-31,Scotland,39,1740.15
2021-12-31,Yugoslavia,40,1732.26
2021-12-31,Hungary,41,1717.51
2021-12-31,Norway,42,1711.85
2021-12-31,Guernsey,43,1711.71
2021-12-31,Egypt,44,1711.18
2021-12-31,Tunisia,45,1709.91
2021-12-31,Catalonia,46,1706.41
2021-12-31,Czechoslovakia,47,1705.97
2021-12-31,Paraguay,48,1702.83
2021-12-31,Jersey,49,1701.93
2021-12-31,Qatar,50,1700.11
2021-12-31,German DR,51,1699.83
2021-12-31,Saudi Arabia,52,1696.18
2021-12-31,Greece,53,1695.2
2021-12-31,Romania,54,1692.45
2021-12-31,Ivory Coast,55,1688.97
2021-12-31,Finland,56,1688.75
2021-12-31,Republic of Ireland,57,1683.6
2021-12-31,Cameroon,58,1676.09
2021-12-31,Nigeria,59,1675.61
2021-12-31,Venezuela,60,1673.67
2021-12-31,Slovakia,61,1673.27
2021-12-31,Panama,62,1661.4
2021-12-31,Ghana,63,1660.52
2021-12-31,Isle of Man,64,1655.82
2021-12-31,North Macedonia,65,1649.88
2021-12-31,Iraq,66,1649.02
2021-12-31,Bosnia and Herzegovina,67,1646.0
2021-12-31,Northern Ireland,68,1638.56
2021-12-31,South Africa,69,1638.0
2021-12-31,Occitania,70,1636.89
2021-12-31,Costa Rica,71,1634.23
2021-12-31,Northern Cyprus,72,1632.03
2021-12-31,Andalusia,73,1630.68
2021-12-31,Padania,74,1627.81
2021-12-31,Jamaica,75,1627.39
2021-12-31,Bahrain,76,1627.1
2021-12-31,Bolivia,77,1626.19
2021-12-31,Mali,78,1624.68
2021-12-31,United Arab Emirates,79,1624.48
2021-12-31,China,80,1619.08
2021-12-31,Slovenia,81,1618.84
2021-12-31,Iceland,82,1617.8
2021-12-31,Oman,83,1617.36
2021-12-31,Israel,84,1615.9
2021-12-31,Albania,85,1611.61
2021-12-31,Ynys Môn,86,1611.45
2021-12-31,Jordan,87,1606.08
2021-12-31,Georgia,88,1599.48
2021-12-31,New Zealand,89,1599.05
2021-12-31,Abkhazia,90,1598.46
2021-12-31,Iraqi Kurdistan,91,1597.18
2021-12-31,Burkina Faso,92,1595.75
2021-12-31,Isle of Wight,93,1594.63
2021-12-31,Kernow,94,1594.27
2021-12-31,Uzbekistan,95,1590.5
2021-12-31,Bulgaria,96,1589.65
2021-12-31,Haiti,97,1586.51
2021-12-31,Réunion,98,1585.8
2021-12-31,Corsica,99,1577.15
2021-12-31,Rhodes,100,1576.25
2021-12-31,County of Nice,101,1572.68
2021-12-31,Guatemala,102,1572.44
2021-12-31,Kárpátalja,103,1570.08
2021-12-31,Honduras,104,1565.05
2021-12-31,El Salvador,105,1564.66
2021-12-31,Galicia,106,1563.93
2021-12-31,Menorca,107,1563.18
2021-12-31,Montenegro,108,1561.12
2021-12-31,Yorkshire,109,1558.68
2021-12-31,Cape Verde,110,1557.93
2021-12-31,Ellan Vannin,111,1555.4
2021-12-31,Armenia,112,1554.28
2021-12-31,Artsakh,113,1550.29
2021-12-31,Kurdistan,114,1549.57
2021-12-31,DR Congo,115,1545.07
2021-12-31,Thailand,116,1543.26
2021-12-31,New Caledonia,117,1539.31
2021-12-31,Kosovo,118,1538.86
2021-12-31,Benin,119,1537.76
2021-12-31,Arameans Suryoye,120,1536.84
2021-12-31,Åland Islands,121,1534.96
2021-12-31,Panjab,122,1531.63
2021-12-31,Cascadia,123,1530.18
2021-12-31,Brittany,124,1529.0
2021-12-31,North Korea,125,1527.8
2021-12-31,Uganda,126,1523.47
2021-12-31,Vanuatu,127,1523.05
2021-12-31,Canary Islands,128,1522.59
2021-12-31,Chameria,129,1521.62
2021-12-31,Kenya,130,1519.91
2021-12-31,Asturias,131,1517.44
2021-12-31,Silesia,132,1515.73
2021-12-31,Syria,133,1515.59
2021-12-31,Surrey,134,1514.42
2021-12-31,Parishes of Jersey,135,1514.34
2021-12-31,Vietnam,136,1514.25
2021-12-31,Zambia,137,1513.44
2021-12-31,Donetsk PR,138,1509.06
2021-12-31,Quebec,139,1508.55
2021-12-31,Guinea,140,1508.27
2021-12-31,Martinique,141,1507.58
2021-12-31,Crimea,142,1507.28
2021-12-31,Felvidék,143,1506.12
2021-12-31,Curaçao,144,1505.95
2021-12-31,Franconia,145,1503.92
2021-12-31,Fiji,146,1503.61
2021-12-31,Tahiti,147,1502.44
2021-12-31,Estonia,148,1501.84
2021-12-31,Palestine,149,1501.45
2021-12-31,Central Spain,150,1501.37
2021-12-31,Gabon,151,1500.41
2021-12-31,Matabeleland,152,1500.26
2021-12-31,Saugeais,153,1497.88
2021-12-31,East Turkestan,154,1497.29
2021-12-31,Equatorial Guinea,155,1497.14
2021-12-31,Belarus,156,1496.41
2021-12-31,Délvidék,157,1496.09
2021-12-31,United Koreans in Japan,158,1496.04
2021-12-31,Sealand,159,1494.22
2021-12-31,Madrid,160,1489.32
2021-12-31,Lebanon,161,1487.47
2021-12-31,Cilento,162,1484.99
2021-12-31,Luhansk PR,163,1484.7
2021-12-31,Western Armenia,164,1484.47
2021-12-31,West Papua,165,1484.0
2021-12-31,Ryūkyū,166,1483.63
2021-12-31,Somaliland,167,1482.98
2021-12-31,Seborga,168,1482.95
2021-12-31,Greenland,169,1480.6
2021-12-31,Solomon Islands,170,1479.72
2021-12-31,Suriname,171,1479.63
2021-12-31,South Ossetia,172,1479.31
2021-12-31,Republic of St. Pauli,173,1478.8
2021-12-31,Zanzibar,174,1477.78
2021-12-31,Ethiopia,175,1476.36
2021-12-31,Tamil Eelam,176,1475.25
2021-12-31,Trinidad and Tobago,177,1475.17
2021-12-31,Niue,178,1474.97
2021-12-31,Mauritania,179,1474.81
2021-12-31,South Yemen,180,1473.5
2021-12-31,Kuwait,181,1473.43
2021-12-31,Two Sicilies,182,1473.18
2021-12-31,Kabylia,183,1470.79
2021-12-31,Sápmi,184,1470.62
2021-12-31,Chechnya,185,1469.56
2021-12-31,Namibia,186,1468.81
2021-12-31,Luxembourg,187,1466.51
2021-12-31,Angola,188,1466.42
2021-12-31,Romani people,189,1466.05
2021-12-31,Monaco,190,1463.77
2021-12-31,North Vietnam,191,1463.0
2021-12-31,Gozo,192,1462.98
2021-12-31,Kyrgyzstan,193,1462.05
2021-12-31,French Guiana,194,1461.43
2021-12-31,Gambia,195,1460.45
2021-12-31,Palau,196,1455.82
2021-12-31,Găgăuzia,197,1453.55
2021-12-31,Togo,198,1452.98
2021-12-31,Manchukuo,199,1451.84
2021-12-31,Saarland,200,1449.76
2021-12-31,Western Sahara,201,1449.73
2021-12-31,Shetland,202,1447.83
2021-12-31,Provence,203,1447.75
2021-12-31,Sierra Leone,204,1447.47
2021-12-31,Guinea-Bissau,205,1447.07
2021-12-31,Papua New Guinea,206,1446.88
2021-12-31,Zimbabwe,207,1446.19
2021-12-31,Saint Helena,208,1443.06
2021-12-31,Guadeloupe,209,1439.85
2021-12-31,Székely Land,210,1437.58
2021-12-31,Sark,211,1437.57
2021-12-31,Kazakhstan,212,1436.47
2021-12-31,Congo,213,1435.98
2021-12-31,Mozambique,214,1435.53
2021-12-31,Gotland,215,1434.33
2021-12-31,Turkmenistan,216,1434.2
2021-12-31,Saint Barthélemy,217,1432.88
2021-12-31,Bermuda,218,1431.27
2021-12-31,Western Isles,219,1430.74
2021-12-31,Barawa,220,1428.37
2021-12-31,Libya,221,1428.13
2021-12-31,Vatican City,222,1427.61
2021-12-31,Tanzania,223,1426.09
2021-12-31,Mayotte,224,1425.05
2021-12-31,Ambazonia,225,1425.01
2021-12-31,Rwanda,226,1424.21
2021-12-31,Burundi,227,1423.77
2021-12-31,Comoros,228,1423.4
2021-12-31,Malawi,229,1421.5
2021-12-31,Vietnam Republic,230,1416.37
2021-12-31,Liberia,231,1415.93
2021-12-31,Madagascar,232,1415.53
2021-12-31,Micronesia,233,1412.66
2021-12-31,Azerbaijan,234,1412.34
2021-12-31,Western Australia,235,1409.92
2021-12-31,Indonesia,236,1407.81
2021-12-31,India,237,1405.13
2021-12-31,Lithuania,238,1403.66
2021-12-31,Latvia,239,1401.9
2021-12-31,Darfur,240,1401.51
2021-12-31,Dominican Republic,241,1401.48
2021-12-31,Tajikistan,242,1401.44
2021-12-31,Malaysia,243,1401.37
2021-12-31,Antigua and Barbuda,244,1401.11
2021-12-31,Yemen DPR,245,1400.88
2021-12-31,Saint Kitts and Nevis,246,1400.59
2021-12-31,Botswana,247,1399.75
2021-12-31,Nicaragua,248,1393.91
2021-12-31,Saint Pierre and Miquelon,249,1393.06
2021-12-31,Niger,250,1392.45
2021-12-31,Cyprus,251,1388.84
2021-12-31,Chagos Islands,252,1386.13
2021-12-31,Sudan,253,1384.0
2021-12-31,Hitra,254,1380.37
2021-12-31,Orkney,255,1379.33
2021-12-31,Central African Republic,256,1377.2
2021-12-31,Raetia,257,1376.4
2021-12-31,Guyana,258,1373.97
2021-12-31,Cuba,259,1373.61
2021-12-31,Hong Kong,260,1370.34
2021-12-31,Philippines,261,1368.67
2021-12-31,Lesotho,262,1361.85
2021-12-31,Kiribati,263,1360.97
2021-12-31,Eswatini,264,1360.1
2021-12-31,Saare County,265,1359.7
2021-12-31,Bonaire,266,1353.0
2021-12-31,Singapore,267,1352.29
2021-12-31,Belize,268,1347.53
2021-12-31,Wallis Islands and Futuna,269,1346.32
2021-12-31,Afghanistan,270,1345.64
2021-12-31,Tibet,271,1344.94
2021-12-31,Montserrat,272,1344.36
2021-12-31,Saint Vincent and the Grenadines,273,1342.64
2021-12-31,Faroe Islands,274,1339.24
2021-12-31,Grenada,275,1333.07
2021-12-31,Malta,276,1331.82
2021-12-31,Yemen,277,1330.53
2021-12-31,Chad,278,1323.18
2021-12-31,Cook Islands,279,1322.28
2021-12-31,Samoa,280,1317.48
2021-12-31,Frøya,281,1312.15
2021-12-31,Barbados,282,1309.18
2021-12-31,Saint Lucia,283,1307.85
2021-12-31,Bahamas,284,1304.26
2021-12-31,Moldova,285,1304.17
2021-12-31,Puerto Rico,286,1303.48
2021-12-31,Tuvalu,287,1302.12
2021-12-31,Falkland Islands,288,1298.55
2021-12-31,Sint Maarten,289,1289.78
2021-12-31,South Sudan,290,1283.91
2021-12-31,Dominica,291,1272.99
2021-12-31,São Tomé and Príncipe,292,1269.36
2021-12-31,Mauritius,293,1261.36
2021-12-31,Turks and Caicos Islands,294,1261.1
2021-12-31,Gibraltar,295,1256.8
2021-12-31,Myanmar,296,1247.2
2021-12-31,Saint Martin,297,1246.05
2021-12-31,Eritrea,298,1245.43
2021-12-31,Cayman Islands,299,1238.21
2021-12-31,Aruba,300,1220.74
2021-12-31,Liechtenstein,301,1219.53
2021-12-31,Taiwan,302,1219.17
2021-12-31,Tonga,303,1217.53
2021-12-31,Nepal,304,1206.21
2021-12-31,American Samoa,305,1202.84
2021-12-31,Andorra,306,1198.29
2021-12-31,Maldives,307,1187.01
2021-12-31,Mongolia,308,1166.69
2021-12-31,Cambodia,309,1164.38
2021-12-31,Bangladesh,310,1160.35
2021-12-31,Pakistan,311,1155.19
2021-12-31,Seychelles,312,1154.95
2021-12-31,Alderney,313,1147.76
2021-12-31,United States Virgin Islands,314,1127.24
2021-12-31,Djibouti,315,1124.49
2021-12-31,Northern Mariana Islands,316,1120.68
2021-12-31,Guam,317,1106.86
2021-12-31,Somalia,318,1101.13
2021-12-31,British Virgin Islands,319,1097.67
2021-12-31,Macau,320,1083.57
2021-12-31,Anguilla,321,1063.48
2021-12-31,Laos,322,1052.89
2021-12-31,Sri Lanka,323,1041.66
2021-12-31,Brunei,324,1026.64
2021-12-31,San Marino,325,1007.31
2021-12-31,Timor-Leste,326,980.68
2021-12-31,Bhutan,327,963.0
2022-12-30,Brazil,1,2064.95
2022-12-30,Argentina,2,2040.52
2022-12-30,France,3,1994.94
2022-12-30,Netherlands,4,1993.07
2022-12-30,Spain,5,1958.74
2022-12-30,England,6,1942.96
2022-12-30,Italy,7,1935.64
2022-12-30,Portugal,8,1927.2
2022-12-30,Belgium,9,1925.72
2022-12-30,Germany,10,1919.85
2022-12-30,Croatia,11,1902.06
2022-12-30,Colombia,12,1892.27
2022-12-30,Uruguay,13,1876.51
2022-12-30,Denmark,14,1867.84
2022-12-30,Switzerland,15,1858.93
2022-12-30,Japan,16,1853.84
2022-12-30,United States,17,1838.24
2022-12-30,South Korea,18,1837.09
2022-12-30,Morocco,19,1834.62
2022-12-30,Iran,20,1824.85
2022-12-30,Peru,21,1822.06
2022-12-30,Serbia,22,1813.39
2022-12-30,Poland,23,1807.66
2022-12-30,Ecuador,24,1800.77
2022-12-30,Mexico,25,1799.9
2022-12-30,Australia,26,1796.33
2022-12-30,Ukraine,27,1791.57
2022-12-30,Hungary,28,1787.04
2022-12-30,Algeria,29,1785.32
2022-12-30,Sweden,30,1784.85
2022-12-30,Basque Country,31,1781.78
2022-12-30,Costa Rica,32,1761.39
2022-12-30,Tunisia,33,1761.29
2022-12-30,Senegal,34,1756.17
2022-12-30,Norway,35,1756.15
2022-12-30,Russia,36,1753.98
2022-12-30,Wales,37,1753.64
2022-12-30,Austria,38,1753.62
2022-12-30,Turkey,39,1744.59
2022-12-30,Czech Republic,40,1744.01
2022-12-30,Scotland,41,1743.77
2022-12-30,Jersey,42,1734.57
2022-12-30,Yugoslavia,43,1732.26
2022-12-30,Canada,44,1730.84
2022-12-30,Egypt,45,1730.47
2022-12-30,Paraguay,46,1708.57
2022-12-30,Cameroon,47,1707.77
2022-12-30,Catalonia,48,1706.41
2022-12-30,Czechoslovakia,49,1705.97
2022-12-30,Qatar,50,1704.1
2022-12-30,Saudi Arabia,51,1702.03
2022-12-30,German DR,52,1699.83
2022-12-30,Chile,53,1695.47
2022-12-30,Ivory Coast,54,1693.88
2022-12-30,Venezuela,55,1689.68
2022-12-30,Greece,56,1686.92
2022-12-30,Slovenia,57,1683.32
2022-12-30,Guernsey,58,1681.52
2022-12-30,Republic of Ireland,59,1680.7
2022-12-30,Panama,60,1676.58
2022-12-30,Iraq,61,1675.72
2022-12-30,Bosnia and Herzegovina,62,1662.43
2022-12-30,Finland,63,1659.81
2022-12-30,Jordan,64,1659.05
2022-12-30,Mali,65,1657.95
2022-12-30,Ghana,66,1656.86
2022-12-30,Georgia,67,1656.22
2022-12-30,Uzbekistan,68,1655.86
2022-12-30,Isle of Man,69,1655.82
2022-12-30,Burkina Faso,70,1650.88
2022-12-30,Oman,71,1650.36
2022-12-30,South Africa,72,1644.43
2022-12-30,Nigeria,73,1642.44
2022-12-30,Romania,74,1642.24
2022-12-30,Occitania,75,1636.89
2022-12-30,Northern Cyprus,76,1632.03
2022-12-30,Andalusia,77,1630.68
2022-12-30,Padania,78,1627.81
2022-12-30,Bahrain,79,1618.01
2022-12-30,United Arab Emirates,80,1615.92
2022-12-30,Ynys Môn,81,1611.45
2022-12-30,Slovakia,82,1611.23
2022-12-30,Jamaica,83,1606.39
2022-12-30,Israel,84,1603.74
2022-12-30,New Zealand,85,1599.3
2022-12-30,Abkhazia,86,1598.46
2022-12-30,Iraqi Kurdistan,87,1597.18
2022-12-30,Isle of Wight,88,1594.63
2022-12-30,Kernow,89,1594.27
2022-12-30,China,90,1591.9
2022-12-30,Northern Ireland,91,1589.78
2022-12-30,Iceland,92,1588.95
2022-12-30,Haiti,93,1588.43
2022-12-30,North Macedonia,94,1586.31
2022-12-30,Réunion,95,1585.8
2022-12-30,Bulgaria,96,1585.54
2022-12-30,Bolivia,97,1585.15
2022-12-30,Albania,98,1584.14
2022-12-30,Cape Verde,99,1579.8
2022-12-30,Corsica,100,1577.15
2022-12-30,Guatemala,101,1577.06
2022-12-30,Rhodes,102,1576.25
2022-12-30,County of Nice,103,1572.68
2022-12-30,Kárpátalja,104,1570.08
2022-12-30,Vietnam,105,1566.99
2022-12-30,Galicia,106,1563.93
2022-12-30,Menorca,107,1563.18
2022-12-30,Montenegro,108,1562.86
2022-12-30,Kosovo,109,1562.23
2022-12-30,Yorkshire,110,1558.68
2022-12-30,Gabon,111,1556.69
2022-12-30,Honduras,112,1556.07
2022-12-30,Ellan Vannin,113,1555.4
2022-12-30,Artsakh,114,1550.29
2022-12-30,Kurdistan,115,1549.57
2022-12-30,Thailand,116,1548.37
2022-12-30,Arameans Suryoye,117,1536.84
2022-12-30,Åland Islands,118,1534.96
2022-12-30,Panjab,119,1531.63
2022-12-30,Maule Sur,120,1530.5
2022-12-30,Cascadia,121,1530.18
2022-12-30,Brittany,122,1529.0
2022-12-30,North Korea,123,1527.8
2022-12-30,Armenia,124,1527.1
2022-12-30,Canary Islands,125,1522.59
2022-12-30,Palestine,126,1522.54
2022-12-30,Fiji,127,1521.72
2022-12-30,Chameria,128,1521.62
2022-12-30,Zambia,129,1521.24
2022-12-30,El Salvador,130,1520.39
2022-12-30,Kenya,131,1519.91
2022-12-30,Mauritania,132,1519.03
2022-12-30,Biafra,133,1517.46
2022-12-30,Asturias,134,1517.44
2022-12-30,Silesia,135,1515.73
2022-12-30,Surrey,136,1514.42
2022-12-30,Parishes of Jersey,137,1514.34
2022-12-30,Estonia,138,1510.96
2022-12-30,Elba Island,139,1510.54
2022-12-30,Donetsk PR,140,1509.06
2022-12-30,Quebec,141,1508.55
2022-12-30,Angola,142,1507.85
2022-12-30,Crimea,143,1507.28
2022-12-30,Solomon Islands,144,1506.53
2022-12-30,Felvidék,145,1506.12
2022-12-30,Equatorial Guinea,146,1505.36
2022-12-30,Franconia,147,1503.92
2022-12-30,Gambia,148,1502.98
2022-12-30,Central Spain,149,1501.37
2022-12-30,Mapuche,150,1500.74
2022-12-30,DR Congo,151,1500.3
2022-12-30,Luxembourg,152,1499.99
2022-12-30,Martinique,153,1499.69
2022-12-30,Matabeleland,154,1499.53
2022-12-30,Saugeais,155,1497.88
2022-12-30,French Guiana,156,1497.53
2022-12-30,East Turkestan,157,1497.29
2022-12-30,Papua New Guinea,158,1496.55
2022-12-30,Délvidék,159,1496.09
2022-12-30,United Koreans in Japan,160,1496.04
2022-12-30,Sealand,161,1494.22
2022-12-30,Guinea,162,1489.4
2022-12-30,Benin,163,1489.38
2022-12-30,Madrid,164,1489.32
2022-12-30,Suriname,165,1488.68
2022-12-30,Vanuatu,166,1487.47
2022-12-30,Belarus,167,1486.52
2022-12-30,Cilento,168,1484.99
2022-12-30,Luhansk PR,169,1484.7
2022-12-30,Western Armenia,170,1484.47
2022-12-30,Ryūkyū,171,1483.63
2022-12-30,Yoruba Nation,172,1483.28
2022-12-30,Somaliland,173,1482.98
2022-12-30,Seborga,174,1482.95
2022-12-30,Greenland,175,1480.6
2022-12-30,Namibia,176,1480.04
2022-12-30,South Ossetia,177,1479.31
2022-12-30,Republic of St. Pauli,178,1478.8
2022-12-30,West Papua,179,1478.72
2022-12-30,Zanzibar,180,1477.78
2022-12-30,Tahiti,181,1475.61
2022-12-30,Tamil Eelam,182,1475.25
2022-12-30,Niue,183,1474.97
2022-12-30,Indonesia,184,1474.15
2022-12-30,South Yemen,185,1473.5
2022-12-30,Two Sicilies,186,1473.18
2022-12-30,Kabylia,187,1470.79
2022-12-30,Sápmi,188,1470.62
2022-12-30,Chechnya,189,1469.56
2022-12-30,Azerbaijan,190,1468.81
2022-12-30,Aymara,191,1468.77
2022-12-30,Romani people,192,1466.05
2022-12-30,Kazakhstan,193,1465.65
2022-12-30,Curaçao,194,1465.39
2022-12-30,Libya,195,1464.96
2022-12-30,Tajikistan,196,1464.71
2022-12-30,Uganda,197,1464.46
2022-12-30,Syria,198,1464.22
2022-12-30,Monaco,199,1463.77
2022-12-30,North Vietnam,200,1463.0
2022-12-30,Gozo,201,1462.98
2022-12-30,New Caledonia,202,1460.84
2022-12-30,Palau,203,1455.82
2022-12-30,Trinidad and Tobago,204,1455.82
2022-12-30,Găgăuzia,205,1453.55
2022-12-30,Togo,206,1453.45
2022-12-30,Manchukuo,207,1451.84
2022-12-30,Saarland,208,1449.76
2022-12-30,Western Sahara,209,1449.73
2022-12-30,Kyrgyzstan,210,1448.89
2022-12-30,Kuwait,211,1448.46
2022-12-30,Cyprus,212,1448.32
2022-12-30,Shetland,213,1447.83
2022-12-30,Provence,214,1447.75
2022-12-30,Ethiopia,215,1447.36
2022-12-30,Malaysia,216,1446.35
2022-12-30,Lebanon,217,1445.19
2022-12-30,Saint Helena,218,1443.06
2022-12-30,Guadeloupe,219,1442.19
2022-12-30,Zimbabwe,220,1441.92
2022-12-30,Rwanda,221,1441.66
2022-12-30,Székely Land,222,1437.58
2022-12-30,Sark,223,1437.57
2022-12-30,Guinea-Bissau,224,1437.45
2022-12-30,Sierra Leone,225,1436.75
2022-12-30,Gotland,226,1434.33
2022-12-30,Latvia,227,1433.27
2022-12-30,Saint Barthélemy,228,1432.88
2022-12-30,Tanzania,229,1432.13
2022-12-30,Western Isles,230,1430.74
2022-12-30,Barawa,231,1428.37
2022-12-30,Vatican City,232,1427.61
2022-12-30,Botswana,233,1427.21
2022-12-30,Cuba,234,1426.79
2022-12-30,Nicaragua,235,1425.56
2022-12-30,Mayotte,236,1425.05
2022-12-30,Ambazonia,237,1425.01
2022-12-30,Malawi,238,1424.11
2022-12-30,Burundi,239,1422.83
2022-12-30,Mozambique,240,1422.36
2022-12-30,Vietnam Republic,241,1416.37
2022-12-30,Madagascar,242,1413.7
2022-12-30,Micronesia,243,1412.66
2022-12-30,Eswatini,244,1410.01
2022-12-30,Western Australia,245,1409.92
2022-12-30,Congo,246,1409.39
2022-12-30,Turkmenistan,247,1407.36
2022-12-30,Comoros,248,1405.19
2022-12-30,India,249,1402.78
2022-12-30,Darfur,250,1401.51
2022-12-30,Yemen DPR,251,1400.88
2022-12-30,Bermuda,252,1399.08
2022-12-30,Guyana,253,1394.87
2022-12-30,Antigua and Barbuda,254,1394.15
2022-12-30,Saint Pierre and Miquelon,255,1393.06
2022-12-30,Faroe Islands,256,1389.71
2022-12-30,Dominican Republic,257,1387.74
2022-12-30,Malta,258,1386.51
2022-12-30,Chagos Islands,259,1386.13
2022-12-30,Singapore,260,1383.94
2022-12-30,Sudan,261,1382.43
2022-12-30,Lesotho,262,1380.86
2022-12-30,Hitra,263,1380.37
2022-12-30,Saint Kitts and Nevis,264,1379.37
2022-12-30,Orkney,265,1379.33
2022-12-30,Bonaire,266,1375.87
2022-12-30,Raetia,267,1370.18
2022-12-30,Liberia,268,1369.29
2022-12-30,Central African Republic,269,1363.92
2022-12-30,Niger,270,1361.23
2022-12-30,Kiribati,271,1360.97
2022-12-30,Saare County,272,1359.7
2022-12-30,Hong Kong,273,1355.95
2022-12-30,Lithuania,274,1351.11
2022-12-30,Wallis Islands and Futuna,275,1346.32
2022-12-30,Tibet,276,1345.9
2022-12-30,Montserrat,277,1343.72
2022-12-30,Moldova,278,1332.2
2022-12-30,Chad,279,1323.85
2022-12-30,Puerto Rico,280,1323.46
2022-12-30,Samoa,281,1317.48
2022-12-30,Saint Lucia,282,1314.26
2022-12-30,Cook Islands,283,1313.07
2022-12-30,Frøya,284,1312.15
2022-12-30,Grenada,285,1309.24
2022-12-30,Philippines,286,1304.91
2022-12-30,Belize,287,1304.31
2022-12-30,Afghanistan,288,1302.63
2022-12-30,Tuvalu,289,1302.12
2022-12-30,Falkland Islands,290,1298.55
2022-12-30,Yemen,291,1298.42
2022-12-30,South Sudan,292,1286.39
2022-12-30,Bahamas,293,1284.56
2022-12-30,Gibraltar,294,1284.07
2022-12-30,Sint Maarten,295,1280.42
2022-12-30,Saint Vincent and the Grenadines,296,1280.3
2022-12-30,Dominica,297,1275.04
2022-12-30,Taiwan,298,1247.46
2022-12-30,Eritrea,299,1245.43
2022-12-30,Andorra,300,1241.69
2022-12-30,Nepal,301,1241.45
2022-12-30,São Tomé and Príncipe,302,1240.06
2022-12-30,Barbados,303,1239.67
2022-12-30,Turks and Caicos Islands,304,1239.01
2022-12-30,Saint Martin,305,1234.66
2022-12-30,Aruba,306,1228.97
2022-12-30,Tonga,307,1217.53
2022-12-30,Mauritius,308,1214.53
2022-12-30,Cayman Islands,309,1213.91
2022-12-30,Maldives,310,1206.17
2022-12-30,American Samoa,311,1202.84
2022-12-30,Myanmar,312,1188.07
2022-12-30,Cambodia,313,1170.38
2022-12-30,Mongolia,314,1158.08
2022-12-30,Bangladesh,315,1146.26
2022-12-30,Alderney,316,1145.31
2022-12-30,Pakistan,317,1142.53
2022-12-30,United States Virgin Islands,318,1141.04
2022-12-30,Seychelles,319,1136.02
2022-12-30,Liechtenstein,320,1135.88
2022-12-30,Northern Mariana Islands,321,1120.68
2022-12-30,Guam,322,1106.86
2022-12-30,Djibouti,323,1106.57
2022-12-30,British Virgin Islands,324,1101.99
2022-12-30,Somalia,325,1089.69
2022-12-30,Macau,326,1083.57
2022-12-30,Anguilla,327,1075.74
2022-12-30,Laos,328,1055.2
2022-12-30,Sri Lanka,329,1029.89
2022-12-30,San Marino,330,1004.91
2022-12-30,Brunei,331,997.24
2022-12-30,Timor-Leste,332,973.86
2022-12-30,Bhutan,333,963.0
2023-12-16,Argentina,1,2059.12
2023-12-16,France,2,2009.93
2023-12-16,Spain,3,1983.47
2023-12-16,England,4,1983.42
2023-12-16,Belgium,5,1964.81
2023-12-16,Brazil,6,1959.45
2023-12-16,Portugal,7,1957.87
2023-12-16,Colombia,8,1953.11
2023-12-16,Netherlands,9,1949.79
2023-12-16,Uruguay,10,1933.05
2023-12-16,Italy,11,1912.02
2023-12-16,Japan,12,1899.85
2023-12-16,Croatia,13,1889.53
2023-12-16,Germany,14,1851.02
2023-12-16,Ecuador,15,1850.56
2023-12-16,Iran,16,1845.23
2023-12-16,Denmark,17,1837.33
2023-12-16,South Korea,18,1831.92
2023-12-16,Morocco,19,1829.46
2023-12-16,United States,20,1827.2
2023-12-16,Austria,21,1814.57
2023-12-16,Ukraine,22,1811.57
2023-12-16,Hungary,23,1808.07
2023-12-16,Algeria,24,1804.56
2023-12-16,Australia,25,1796.77
2023-12-16,Mexico,26,1795.71
2023-12-16,Switzerland,27,1794.83
2023-12-16,Serbia,28,1790.62
2023-12-16,Turkey,29,1789.94
2023-12-16,Basque Country,30,1781.78
2023-12-16,Jersey,31,1774.49
2023-12-16,Scotland,32,1772.05
2023-12-16,Russia,33,1771.52
2023-12-16,Sweden,34,1765.69
2023-12-16,Venezuela,35,1761.49
2023-12-16,Tunisia,36,1760.23
2023-12-16,Norway,37,1759.6
2023-12-16,Poland,38,1759.16
2023-12-16,Senegal,39,1756.55
2023-12-16,Egypt,40,1753.77
2023-12-16,Panama,41,1753.55
2023-12-16,Peru,42,1751.91
2023-12-16,Wales,43,1748.67
2023-12-16,Czech Republic,44,1743.3
2023-12-16,Yugoslavia,45,1732.26
2023-12-16,Canada,46,1719.89
2023-12-16,Uzbekistan,47,1717.52
2023-12-16,Greece,48,1717.52
2023-12-16,Slovenia,49,1712.75
2023-12-16,Chile,50,1709.2
2023-12-16,Catalonia,51,1706.41
2023-12-16,Czechoslovakia,52,1705.97
2023-12-16,Iraq,53,1702.89
2023-12-16,German DR,54,1699.83
2023-12-16,Ivory Coast,55,1697.91
2023-12-16,Romania,56,1697.78
2023-12-16,Paraguay,57,1689.86
2023-12-16,Guernsey,58,1685.11
2023-12-16,Slovakia,59,1668.55
2023-12-16,Mali,60,1667.33
2023-12-16,Georgia,61,1660.99
2023-12-16,Qatar,62,1660.07
2023-12-16,Cameroon,63,1655.89
2023-12-16,United Arab Emirates,64,1649.63
2023-12-16,Oman,65,1643.95
2023-12-16,Jamaica,66,1642.97
2023-12-16,Costa Rica,67,1642.17
2023-12-16,Republic of Ireland,68,1641.1
2023-12-16,Occitania,69,1636.89
2023-12-16,Albania,70,1633.63
2023-12-16,Finland,71,1632.21
2023-12-16,Northern Cyprus,72,1632.03
2023-12-16,Andalusia,73,1630.68
2023-12-16,Ynys Môn,74,1630.56
2023-12-16,Padania,75,1627.81
2023-12-16,Nigeria,76,1625.76
2023-12-16,Burkina Faso,77,1625.6
2023-12-16,Isle of Wight,78,1625.01
2023-12-16,Isle of Man,79,1624.99
2023-12-16,Ghana,80,1624.26
2023-12-16,North Macedonia,81,1622.57
2023-12-16,South Africa,82,1621.99
2023-12-16,Saudi Arabia,83,1618.4
2023-12-16,Jordan,84,1605.46
2023-12-16,Kernow,85,1604.81
2023-12-16,Israel,86,1602.05
2023-12-16,Abkhazia,87,1598.46
2023-12-16,Iraqi Kurdistan,88,1597.18
2023-12-16,Bahrain,89,1594.17
2023-12-16,Honduras,90,1586.37
2023-12-16,New Zealand,91,1586.24
2023-12-16,Montenegro,92,1585.69
2023-12-16,China,93,1582.47
2023-12-16,Guatemala,94,1581.62
2023-12-16,Bolivia,95,1579.54
2023-12-16,Corsica,96,1577.15
2023-12-16,Rhodes,97,1576.25
2023-12-16,Solomon Islands,98,1574.41
2023-12-16,Bosnia and Herzegovina,99,1573.3
2023-12-16,County of Nice,100,1572.68
2023-12-16,Kárpátalja,101,1570.08
2023-12-16,Haiti,102,1564.97
2023-12-16,Galicia,103,1563.93
2023-12-16,Cape Verde,104,1562.82
2023-12-16,Yorkshire,105,1558.68
2023-12-16,Zambia,106,1557.53
2023-12-16,Trinidad and Tobago,107,1556.83
2023-12-16,Ellan Vannin,108,1555.4
2023-12-16,Vietnam,109,1553.73
2023-12-16,Kosovo,110,1552.77
2023-12-16,Réunion,111,1552.17
2023-12-16,Artsakh,112,1550.29
2023-12-16,Kurdistan,113,1549.57
2023-12-16,Iceland,114,1540.31
2023-12-16,Malaysia,115,1540.26
2023-12-16,Gabon,116,1536.92
2023-12-16,Arameans Suryoye,117,1536.84
2023-12-16,Luxembourg,118,1536.24
2023-12-16,DR Congo,119,1535.88
2023-12-16,Northern Ireland,120,1533.03
2023-12-16,Panjab,121,1531.63
2023-12-16,Bulgaria,122,1531.35
2023-12-16,Maule Sur,123,1530.5
2023-12-16,Cascadia,124,1530.18
2023-12-16,Brittany,125,1529.0
2023-12-16,Thailand,126,1528.86
2023-12-16,Armenia,127,1527.98
2023-12-16,Kazakhstan,128,1527.7
2023-12-16,Martinique,129,1527.36
2023-12-16,Menorca,130,1523.99
2023-12-16,Canary Islands,131,1522.59
2023-12-16,Azerbaijan,132,1521.06
2023-12-16,Tahiti,133,1518.62
2023-12-16,Biafra,134,1517.46
2023-12-16,Asturias,135,1517.44
2023-12-16,Tamil Eelam,136,1517.23
2023-12-16,Chameria,137,1516.51
2023-12-16,Silesia,138,1515.73
2023-12-16,Surrey,139,1514.42
2023-12-16,Parishes of Jersey,140,1514.34
2023-12-16,North Korea,141,1514.2
2023-12-16,New Caledonia,142,1512.18
2023-12-16,Guinea,143,1512.1
2023-12-16,Belarus,144,1511.5
2023-12-16,Elba Island,145,1510.54
2023-12-16,Equatorial Guinea,146,1509.42
2023-12-16,Donetsk PR,147,1509.06
2023-12-16,Namibia,148,1508.59
2023-12-16,Quebec,149,1508.55
2023-12-16,Crimea,150,1507.28
2023-12-16,Togo,151,1507.02
2023-12-16,Felvidék,152,1506.12
2023-12-16,Mauritania,153,1505.41
2023-12-16,Franconia,154,1503.92
2023-12-16,Central Spain,155,1501.37
2023-12-16,Mapuche,156,1500.74
2023-12-16,Matabeleland,157,1499.53
2023-12-16,Saugeais,158,1497.88
2023-12-16,East Turkestan,159,1497.29
2023-12-16,Kuwait,160,1496.68
2023-12-16,Délvidék,161,1496.09
2023-12-16,United Koreans in Japan,162,1496.04
2023-12-16,Palestine,163,1495.34
2023-12-16,Fiji,164,1495.05
2023-12-16,Sealand,165,1494.22
2023-12-16,Gambia,166,1490.25
2023-12-16,Madrid,167,1489.32
2023-12-16,Shetland,168,1489.04
2023-12-16,Kenya,169,1487.34
2023-12-16,Syria,170,1487.29
2023-12-16,Guadeloupe,171,1485.49
2023-12-16,Cilento,172,1484.99
2023-12-16,Indonesia,173,1484.74
2023-12-16,Luhansk PR,174,1484.7
2023-12-16,Western Armenia,175,1484.47
2023-12-16,Angola,176,1484.32
2023-12-16,Estonia,177,1484.24
2023-12-16,Gozo,178,1484.23
2023-12-16,Åland Islands,179,1483.8
2023-12-16,Ryūkyū,180,1483.63
2023-12-16,Yoruba Nation,181,1483.28
2023-12-16,Somaliland,182,1482.98
2023-12-16,Seborga,183,1482.95
2023-12-16,South Ossetia,184,1479.31
2023-12-16,Republic of St. Pauli,185,1478.8
2023-12-16,West Papua,186,1478.72
2023-12-16,Zanzibar,187,1477.78
2023-12-16,Hmong,188,1477.27
2023-12-16,Tajikistan,189,1477.05
2023-12-16,Niue,190,1474.97
2023-12-16,South Yemen,191,1473.5
2023-12-16,Székely Land,192,1473.43
2023-12-16,Libya,193,1471.72
2023-12-16,Guinea-Bissau,194,1471.3
2023-12-16,Nicaragua,195,1470.86
2023-12-16,Kabylia,196,1470.79
2023-12-16,Chechnya,197,1469.56
2023-12-16,El Salvador,198,1469.13
2023-12-16,Aymara,199,1468.77
2023-12-16,Greenland,200,1468.46
2023-12-16,Suriname,201,1467.54
2023-12-16,Romani people,202,1466.05
2023-12-16,Monaco,203,1463.77
2023-12-16,French Guiana,204,1463.18
2023-12-16,North Vietnam,205,1463.0
2023-12-16,Malawi,206,1462.07
2023-12-16,Tanzania,207,1461.99
2023-12-16,Sápmi,208,1460.09
2023-12-16,Ticino,209,1458.39
2023-12-16,Western Isles,210,1457.52
2023-12-16,Palau,211,1455.82
2023-12-16,Curaçao,212,1455.77
2023-12-16,Găgăuzia,213,1453.55
2023-12-16,Rwanda,214,1452.77
2023-12-16,Manchukuo,215,1451.84
2023-12-16,India,216,1449.99
2023-12-16,Saarland,217,1449.76
2023-12-16,Western Sahara,218,1449.73
2023-12-16,Vanuatu,219,1449.55
2023-12-16,Mozambique,220,1449.42
2023-12-16,Zimbabwe,221,1449.3
2023-12-16,Provence,222,1447.75
2023-12-16,Botswana,223,1447.18
2023-12-16,Two Sicilies,224,1442.45
2023-12-16,Benin,225,1442.05
2023-12-16,Madagascar,226,1441.24
2023-12-16,Guyana,227,1439.87
2023-12-16,Papua New Guinea,228,1439.29
2023-12-16,Sark,229,1437.57
2023-12-16,Comoros,230,1435.62
2023-12-16,Burundi,231,1434.66
2023-12-16,Gotland,232,1434.33
2023-12-16,Ethiopia,233,1433.08
2023-12-16,Cyprus,234,1432.71
2023-12-16,Lebanon,235,1430.41
2023-12-16,Mayotte,236,1430.4
2023-12-16,Uganda,237,1429.86
2023-12-16,Cuba,238,1429.15
2023-12-16,Barawa,239,1428.37
2023-12-16,Vatican City,240,1427.61
2023-12-16,Ambazonia,241,1425.01
2023-12-16,Sudan,242,1422.13
2023-12-16,Kyrgyzstan,243,1418.22
2023-12-16,Sierra Leone,244,1417.96
2023-12-16,Saint Barthélemy,245,1417.71
2023-12-16,Vietnam Republic,246,1416.37
2023-12-16,Latvia,247,1414.79
2023-12-16,Moldova,248,1414.78
2023-12-16,Micronesia,249,1412.66
2023-12-16,Raetia,250,1411.8
2023-12-16,Western Australia,251,1409.92
2023-12-16,Darfur,252,1401.51
2023-12-16,Yemen DPR,253,1400.88
2023-12-16,Dominican Republic,254,1400.19
2023-12-16,Saint Pierre and Miquelon,255,1393.06
2023-12-16,Malta,256,1392.59
2023-12-16,Saint Helena,257,1391.98
2023-12-16,Congo,258,1391.18
2023-12-16,Orkney,259,1389.24
2023-12-16,Chagos Islands,260,1386.13
2023-12-16,Lithuania,261,1386.13
2023-12-16,Singapore,262,1382.83
2023-12-16,Hitra,263,1380.37
2023-12-16,Central African Republic,264,1377.79
2023-12-16,Eswatini,265,1376.62
2023-12-16,Turkmenistan,266,1375.68
2023-12-16,Bermuda,267,1368.73
2023-12-16,Puerto Rico,268,1367.5
2023-12-16,Liberia,269,1366.4
2023-12-16,Lesotho,270,1364.29
2023-12-16,Kiribati,271,1360.97
2023-12-16,Saare County,272,1359.7
2023-12-16,Niger,273,1358.57
2023-12-16,Faroe Islands,274,1353.67
2023-12-16,Montserrat,275,1348.29
2023-12-16,Wallis Islands and Futuna,276,1346.32
2023-12-16,Saint Lucia,277,1343.29
2023-12-16,Saint Kitts and Nevis,278,1336.36
2023-12-16,Samoa,279,1328.47
2023-12-16,Tibet,280,1326.66
2023-12-16,Antigua and Barbuda,281,1320.45
2023-12-16,Philippines,282,1314.8
2023-12-16,South Sudan,283,1314.55
2023-12-16,Frøya,284,1312.26
2023-12-16,Bonaire,285,1308.54
2023-12-16,Tuvalu,286,1304.72
2023-12-16,Hong Kong,287,1304.4
2023-12-16,Saint Martin,288,1301.42
2023-12-16,Chad,289,1296.44
2023-12-16,Grenada,290,1295.52
2023-12-16,Saint Vincent and the Grenadines,291,1294.54
2023-12-16,Dominica,292,1293.14
2023-12-16,Yemen,293,1292.92
2023-12-16,Belize,294,1292.5
2023-12-16,Falkland Islands,295,1290.69
2023-12-16,Sint Maarten,296,1290.56
2023-12-16,Afghanistan,297,1283.94
2023-12-16,Mauritius,298,1279.88
2023-12-16,Cook Islands,299,1274.8
2023-12-16,Aruba,300,1269.0
2023-12-16,Taiwan,301,1265.7
2023-12-16,Gibraltar,302,1257.43
2023-12-16,Eritrea,303,1245.43
2023-12-16,Andorra,304,1236.42
2023-12-16,Bahamas,305,1234.86
2023-12-16,São Tomé and Príncipe,306,1222.8
2023-12-16,Bangladesh,307,1219.94
2023-12-16,Turks and Caicos Islands,308,1214.0
2023-12-16,Myanmar,309,1209.81
2023-12-16,Barbados,310,1205.88
2023-12-16,Tonga,311,1202.46
2023-12-16,Nepal,312,1198.04
2023-12-16,Cayman Islands,313,1183.73
2023-12-16,Maldives,314,1183.59
2023-12-16,American Samoa,315,1153.74
2023-12-16,Cambodia,316,1145.56
2023-12-16,Alderney,317,1145.31
2023-12-16,Djibouti,318,1138.03
2023-12-16,Mongolia,319,1135.73
2023-12-16,Northern Mariana Islands,320,1124.3
2023-12-16,British Virgin Islands,321,1120.18
2023-12-16,Liechtenstein,322,1117.01
2023-12-16,Seychelles,323,1105.57
2023-12-16,Pakistan,324,1099.98
2023-12-16,Guam,325,1096.41
2023-12-16,United States Virgin Islands,326,1090.65
2023-12-16,Somalia,327,1074.94
2023-12-16,Laos,328,1048.08
2023-12-16,Anguilla,329,1042.3
2023-12-16,Macau,330,1034.71
2023-12-16,Sri Lanka,331,1034.45
2023-12-16,San Marino,332,995.88
2023-12-16,Bhutan,333,993.66
2023-12-16,Brunei,334,989.69
2023-12-16,Timor-Leste,335,964.0
2024-12-31,Spain,1,2071.91
2024-12-31,Argentina,2,2042.34
2024-12-31,France,3,1990.98
2024-12-31,Brazil,4,1955.54
2024-12-31,England,5,1947.28
2024-12-31,Portugal,6,1946.46
2024-12-31,Colombia,7,1945.25
2024-12-31,Germany,8,1943.02
2024-12-31,Italy,9,1927.15
2024-12-31,Netherlands,10,1915.94
2024-12-31,Japan,11,1900.86
2024-12-31,Uruguay,12,1884.3
2024-12-31,Croatia,13,1872.25
2024-12-31,Iran,14,1870.08
2024-12-31,Ecuador,15,1867.58
2024-12-31,Belgium,16,1855.79
2024-12-31,Denmark,17,1851.8
2024-12-31,Austria,18,1844.79
2024-12-31,Morocco,19,1828.91
2024-12-31,South Korea,20,1825.99
2024-12-31,Switzerland,21,1806.06
2024-12-31,Serbia,22,1799.65
2024-12-31,Senegal,23,1798.88
2024-12-31,United States,24,1793.94
2024-12-31,Canada,25,1793.08
2024-12-31,Hungary,26,1789.42
2024-12-31,Russia,27,1787.61
2024-12-31,Basque Country,28,1787.34
2024-12-31,Ukraine,29,1786.54
2024-12-31,Mexico,30,1786.12
2024-12-31,Sweden,31,1778.93
2024-12-31,Greece,32,1778.23
2024-12-31,Turkey,33,1777.94
2024-12-31,Jersey,34,1774.49
2024-12-31,Norway,35,1774.23
2024-12-31,Australia,36,1769.5
2024-12-31,Czech Republic,37,1769.19
2024-12-31,Algeria,38,1763.94
2024-12-31,Uzbekistan,39,1758.27
2024-12-31,Wales,40,1755.17
2024-12-31,Poland,41,1753.74
2024-12-31,Slovenia,42,1753.22
2024-12-31,Paraguay,43,1753.13
2024-12-31,Venezuela,44,1750.8
2024-12-31,Peru,45,1744.35
2024-12-31,Scotland,46,1742.12
2024-12-31,Egypt,47,1734.63
2024-12-31,Yugoslavia,48,1732.26
2024-12-31,Panama,49,1719.67
2024-12-31,Chile,50,1713.93
2024-12-31,Slovakia,51,1708.07
2024-12-31,Catalonia,52,1706.41
2024-12-31,Czechoslovakia,53,1705.97
2024-12-31,Romania,54,1701.49
2024-12-31,German DR,55,1699.83
2024-12-31,Iraq,56,1695.13
2024-12-31,Ivory Coast,57,1690.73
2024-12-31,Costa Rica,58,1688.84
2024-12-31,Georgia,59,1686.96
2024-12-31,Guernsey,60,1685.11
2024-12-31,Jordan,61,1685.04
2024-12-31,Tunisia,62,1679.09
2024-12-31,Mali,63,1667.97
2024-12-31,Qatar,64,1662.82
2024-12-31,Cameroon,65,1660.73
2024-12-31,New Zealand,66,1657.77
2024-12-31,Republic of Ireland,67,1655.25
2024-12-31,Oman,68,1647.71
2024-12-31,South Africa,69,1644.56
2024-12-31,Albania,70,1641.79
2024-12-31,Occitania,71,1636.89
2024-12-31,Northern Cyprus,72,1632.03
2024-12-31,United Arab Emirates,73,1631.78
2024-12-31,Jamaica,74,1631.16
2024-12-31,Andalusia,75,1630.68
2024-12-31,Ynys Môn,76,1630.56
2024-12-31,Padania,77,1627.81
2024-12-31,Isle of Wight,78,1625.01
2024-12-31,Isle of Man,79,1624.99
2024-12-31,North Macedonia,80,1621.43
2024-12-31,Bolivia,81,1617.84
2024-12-31,Iceland,82,1616.18
2024-12-31,Israel,83,1615.04
2024-12-31,Nigeria,84,1614.15
2024-12-31,Bahrain,85,1614.07
2024-12-31,Saudi Arabia,86,1612.91
2024-12-31,Haiti,87,1606.45
2024-12-31,Kernow,88,1604.81
2024-12-31,Abkhazia,89,1598.46
2024-12-31,Honduras,90,1598.01
2024-12-31,Iraqi Kurdistan,91,1597.18
2024-12-31,Angola,92,1592.82
2024-12-31,Kosovo,93,1585.83
2024-12-31,Northern Ireland,94,1584.5
2024-12-31,Burkina Faso,95,1580.84
2024-12-31,Corsica,96,1577.15
2024-12-31,Guatemala,97,1576.88
2024-12-31,Rhodes,98,1576.25
2024-12-31,DR Congo,99,1575.55
2024-12-31,Finland,100,1574.47
2024-12-31,County of Nice,101,1572.68
2024-12-31,Kárpátalja,102,1570.08
2024-12-31,Montenegro,103,1569.66
2024-12-31,Thailand,104,1566.48
2024-12-31,Bosnia and Herzegovina,105,1565.57
2024-12-31,Cape Verde,106,1562.61
2024-12-31,Bulgaria,107,1561.39
2024-12-31,Zambia,108,1560.31
2024-12-31,Yorkshire,109,1558.68
2024-12-31,Ellan Vannin,110,1555.4
2024-12-31,Galicia,111,1554.64
2024-12-31,Réunion,112,1552.17
2024-12-31,Guinea,113,1551.36
2024-12-31,Artsakh,114,1550.29
2024-12-31,Kurdistan,115,1549.57
2024-12-31,Trinidad and Tobago,116,1545.25
2024-12-31,China,117,1544.04
2024-12-31,Gabon,118,1541.98
2024-12-31,Arameans Suryoye,119,1536.84
2024-12-31,New Caledonia,120,1536.64
2024-12-31,Ghana,121,1536.13
2024-12-31,Panjab,122,1531.63
2024-12-31,Maule Sur,123,1530.5
2024-12-31,Cascadia,124,1530.18
2024-12-31,Brittany,125,1529.0
2024-12-31,Menorca,126,1523.99
2024-12-31,Fiji,127,1523.96
2024-12-31,Canary Islands,128,1522.59
2024-12-31,Equatorial Guinea,129,1522.44
2024-12-31,Tahiti,130,1521.9
2024-12-31,Martinique,131,1519.24
2024-12-31,Biafra,132,1517.46
2024-12-31,Asturias,133,1517.44
2024-12-31,Tamil Eelam,134,1517.23
2024-12-31,Mozambique,135,1516.57
2024-12-31,Chameria,136,1516.51
2024-12-31,Silesia,137,1515.73
2024-12-31,Comoros,138,1514.95
2024-12-31,Surrey,139,1514.42
2024-12-31,Parishes of Jersey,140,1514.34
2024-12-31,Libya,141,1512.91
2024-12-31,Elba Island,142,1510.54
2024-12-31,Donetsk PR,143,1509.06
2024-12-31,Quebec,144,1508.55
2024-12-31,Crimea,145,1507.28
2024-12-31,Felvidék,146,1506.12
2024-12-31,Syria,147,1504.71
2024-12-31,Franconia,148,1503.92
2024-12-31,North Korea,149,1503.55
2024-12-31,Tanzania,150,1502.95
2024-12-31,Central Spain,151,1501.37
2024-12-31,Kuwait,152,1500.8
2024-12-31,Mapuche,153,1500.74
2024-12-31,Benin,154,1499.8
2024-12-31,Matabeleland,155,1499.53
2024-12-31,Saugeais,156,1497.88
2024-12-31,East Turkestan,157,1497.29
2024-12-31,El Salvador,158,1496.52
2024-12-31,Délvidék,159,1496.09
2024-12-31,United Koreans in Japan,160,1496.04
2024-12-31,Palestine,161,1494.5
2024-12-31,Sealand,162,1494.22
2024-12-31,Mauritania,163,1493.93
2024-12-31,Nicaragua,164,1492.8
2024-12-31,Guadeloupe,165,1492.64
2024-12-31,Belarus,166,1491.65
2024-12-31,Vietnam,167,1491.09
2024-12-31,Suriname,168,1489.45
2024-12-31,Madrid,169,1489.32
2024-12-31,Shetland,170,1489.04
2024-12-31,Kenya,171,1486.81
2024-12-31,Luxembourg,172,1485.62
2024-12-31,Cilento,173,1484.99
2024-12-31,Luhansk PR,174,1484.7
2024-12-31,Western Armenia,175,1484.47
2024-12-31,Armenia,176,1484.38
2024-12-31,Gozo,177,1484.23
2024-12-31,Uganda,178,1484.03
2024-12-31,Åland Islands,179,1483.8
2024-12-31,Ryūkyū,180,1483.63
2024-12-31,Yoruba Nation,181,1483.28
2024-12-31,Somaliland,182,1482.98
2024-12-31,Seborga,183,1482.95
2024-12-31,Azerbaijan,184,1481.55
2024-12-31,Kazakhstan,185,1480.62
2024-12-31,Malaysia,186,1480.11
2024-12-31,South Ossetia,187,1479.31
2024-12-31,Republic of St. Pauli,188,1478.8
2024-12-31,West Papua,189,1478.72
2024-12-31,Zanzibar,190,1477.78
2024-12-31,Curaçao,191,1477.75
2024-12-31,Hmong,192,1477.27
2024-12-31,Rwanda,193,1475.74
2024-12-31,Botswana,194,1474.99
2024-12-31,Niue,195,1474.97
2024-12-31,Gambia,196,1474.96
2024-12-31,Togo,197,1474.56
2024-12-31,South Yemen,198,1473.5
2024-12-31,Székely Land,199,1473.43
2024-12-31,Kabylia,200,1470.79
2024-12-31,Chechnya,201,1469.56
2024-12-31,Dominican Republic,202,1468.99
2024-12-31,Aymara,203,1468.77
2024-12-31,Namibia,204,1466.76
2024-12-31,Romani people,205,1466.05
2024-12-31,Estonia,206,1464.49
2024-12-31,Indonesia,207,1464.12
2024-12-31,Monaco,208,1463.77
2024-12-31,Sudan,209,1463.69
2024-12-31,North Vietnam,210,1463.0
2024-12-31,Zimbabwe,211,1462.57
2024-12-31,Sápmi,212,1460.09
2024-12-31,Ticino,213,1458.39
2024-12-31,Western Isles,214,1457.52
2024-12-31,Palau,215,1455.82
2024-12-31,Kyrgyzstan,216,1453.84
2024-12-31,Găgăuzia,217,1453.55
2024-12-31,Solomon Islands,218,1452.52
2024-12-31,Manchukuo,219,1451.84
2024-12-31,Saarland,220,1449.76
2024-12-31,Western Sahara,221,1449.73
2024-12-31,Provence,222,1447.75
2024-12-31,Greenland,223,1447.72
2024-12-31,Malawi,224,1445.05
2024-12-31,Two Sicilies,225,1442.45
2024-12-31,Moldova,226,1439.33
2024-12-31,Sark,227,1437.57
2024-12-31,Tajikistan,228,1437.13
2024-12-31,Cuba,229,1437.11
2024-12-31,Papua New Guinea,230,1436.1
2024-12-31,Lebanon,231,1434.86
2024-12-31,Gotland,232,1434.33
2024-12-31,Mayotte,233,1430.4
2024-12-31,Barawa,234,1428.37
2024-12-31,Burundi,235,1427.71
2024-12-31,Vatican City,236,1427.61
2024-12-31,Guinea-Bissau,237,1426.29
2024-12-31,Ambazonia,238,1425.01
2024-12-31,Madagascar,239,1423.99
2024-12-31,Saint Barthélemy,240,1417.71
2024-12-31,Vietnam Republic,241,1416.37
2024-12-31,Cyprus,242,1414.91
2024-12-31,Sierra Leone,243,1414.02
2024-12-31,Micronesia,244,1412.66
2024-12-31,Raetia,245,1411.8
2024-12-31,Malta,246,1411.34
2024-12-31,Guyana,247,1410.3
2024-12-31,Western Australia,248,1409.92
2024-12-31,Ethiopia,249,1403.88
2024-12-31,French Guiana,250,1403.62
2024-12-31,Darfur,251,1401.51
2024-12-31,Vanuatu,252,1400.98
2024-12-31,Yemen DPR,253,1400.88
2024-12-31,Saint Pierre and Miquelon,254,1393.06
2024-12-31,Saint Helena,255,1391.98
2024-12-31,Orkney,256,1389.24
2024-12-31,India,257,1389.18
2024-12-31,Chagos Islands,258,1386.13
2024-12-31,Hitra,259,1380.37
2024-12-31,Liberia,260,1380.15
2024-12-31,Niger,261,1379.57
2024-12-31,Bermuda,262,1376.39
2024-12-31,Turkmenistan,263,1375.8
2024-12-31,Latvia,264,1374.94
2024-12-31,Central African Republic,265,1374.04
2024-12-31,Lesotho,266,1371.07
2024-12-31,Hong Kong,267,1370.1
2024-12-31,Lithuania,268,1365.47
2024-12-31,Congo,269,1363.08
2024-12-31,Kiribati,270,1360.97
2024-12-31,Saare County,271,1359.7
2024-12-31,Puerto Rico,272,1358.94
2024-12-31,Saint Kitts and Nevis,273,1358.53
2024-12-31,Faroe Islands,274,1356.11
2024-12-31,Saint Vincent and the Grenadines,275,1355.75
2024-12-31,Belize,276,1350.79
2024-12-31,Wallis Islands and Futuna,277,1346.32
2024-12-31,Singapore,278,1342.21
2024-12-31,Philippines,279,1331.85
2024-12-31,Saint Lucia,280,1329.24
2024-12-31,Tibet,281,1326.66
2024-12-31,Eswatini,282,1325.23
2024-12-31,Samoa,283,1316.05
2024-12-31,Frøya,284,1312.26
2024-12-31,Sint Maarten,285,1310.36
2024-12-31,Chad,286,1308.88
2024-12-31,Tuvalu,287,1304.72
2024-12-31,Yemen,288,1295.09
2024-12-31,Saint Martin,289,1293.86
2024-12-31,Falkland Islands,290,1290.69
2024-12-31,South Sudan,291,1290.02
2024-12-31,Grenada,292,1289.59
2024-12-31,Bonaire,293,1284.4
2024-12-31,Afghanistan,294,1283.01
2024-12-31,Montserrat,295,1282.51
2024-12-31,Gibraltar,296,1258.59
2024-12-31,Dominica,297,1256.24
2024-12-31,Cook Islands,298,1254.27
2024-12-31,Mauritius,299,1252.6
2024-12-31,Eritrea,300,1245.43
2024-12-31,Antigua and Barbuda,301,1242.91
2024-12-31,Taiwan,302,1240.27
2024-12-31,Barbados,303,1230.05
2024-12-31,Andorra,304,1218.72
2024-12-31,São Tomé and Príncipe,305,1214.41
2024-12-31,Nepal,306,1209.13
2024-12-31,Cayman Islands,307,1206.67
2024-12-31,Myanmar,308,1200.37
2024-12-31,Aruba,309,1200.09
2024-12-31,Bahamas,310,1192.32
2024-12-31,Tonga,311,1189.23
2024-12-31,Bangladesh,312,1183.65
2024-12-31,Maldives,313,1181.98
2024-12-31,Turks and Caicos Islands,314,1167.85
2024-12-31,Djibouti,315,1157.56
2024-12-31,Cambodia,316,1149.84
2024-12-31,Alderney,317,1145.31
2024-12-31,American Samoa,318,1144.92
2024-12-31,Northern Mariana Islands,319,1137.86
2024-12-31,Liechtenstein,320,1122.26
2024-12-31,Mongolia,321,1100.9
2024-12-31,Seychelles,322,1097.81
2024-12-31,Pakistan,323,1093.15
2024-12-31,Guam,324,1089.75
2024-12-31,British Virgin Islands,325,1075.24
2024-12-31,Somalia,326,1074.72
2024-12-31,Laos,327,1069.43
2024-12-31,United States Virgin Islands,328,1067.09
2024-12-31,Brunei,329,1055.87
2024-12-31,Sri Lanka,330,1053.77
2024-12-31,Anguilla,331,1047.42
2024-12-31,San Marino,332,1037.39
2024-12-31,Bhutan,333,995.68
2024-12-31,Macau,334,993.08
2024-12-31,Timor-Leste,335,983.97
2025-12-31,Spain,1,2071.53
2025-12-31,Argentina,2,2048.24
2025-12-31,France,3,1992.11
2025-12-31,England,4,1964.83
2025-12-31,Colombia,5,1955.88
2025-12-31,Portugal,6,1940.17
2025-12-31,Brazil,7,1934.43
2025-12-31,Netherlands,8,1926.88
2025-12-31,Germany,9,1921.31
2025-12-31,Croatia,10,1899.42
2025-12-31,Italy,11,1892.47
2025-12-31,Morocco,12,1886.97
2025-12-31,Ecuador,13,1886.23
2025-12-31,Japan,14,1885.48
2025-12-31,Switzerland,15,1864.37
2025-12-31,South Korea,16,1856.75
2025-12-31,Uruguay,17,1855.23
2025-12-31,Denmark,18,1853.08
2025-12-31,Belgium,19,1846.92
2025-12-31,Norway,20,1846.68
2025-12-31,Turkey,21,1841.88
2025-12-31,United States,22,1837.03
2025-12-31,Canada,23,1827.18
2025-12-31,Iran,24,1823.62
2025-12-31,Mexico,25,1822.76
2025-12-31,Senegal,26,1820.77
2025-12-31,Austria,27,1814.34
2025-12-31,Algeria,28,1804.07
2025-12-31,Russia,29,1801.29
2025-12-31,Australia,30,1797.75
2025-12-31,Paraguay,31,1794.39
2025-12-31,Basque Country,32,1792.83
2025-12-31,Poland,33,1782.51
2025-12-31,Ukraine,34,1782.02
2025-12-31,Uzbekistan,35,1781.53
2025-12-31,Serbia,36,1777.42
2025-12-31,Scotland,37,1765.97
2025-12-31,Greece,38,1763.77
2025-12-31,Chile,39,1752.06
2025-12-31,Czech Republic,40,1750.91
2025-12-31,Jersey,41,1746.41
2025-12-31,Slovenia,42,1745.91
2025-12-31,Panama,43,1743.07
2025-12-31,Hungary,44,1738.39
2025-12-31,Venezuela,45,1733.01
2025-12-31,Yugoslavia,46,1732.26
2025-12-31,Wales,47,1730.37
2025-12-31,Sweden,48,1727.54
2025-12-31,Ivory Coast,49,1708.95
2025-12-31,Kosovo,50,1707.09
2025-12-31,Egypt,51,1706.74
2025-12-31,Catalonia,52,1706.41
2025-12-31,Czechoslovakia,53,1705.97
2025-12-31,Republic of Ireland,54,1704.7
2025-12-31,Nigeria,55,1704.42
2025-12-31,German DR,56,1699.83
2025-12-31,Peru,57,1699.07
2025-12-31,Jordan,58,1694.66
2025-12-31,Slovakia,59,1692.33
2025-12-31,Iraq,60,1689.33
2025-12-31,Guernsey,61,1685.11
2025-12-31,Tunisia,62,1684.98
2025-12-31,Saudi Arabia,63,1683.94
2025-12-31,Costa Rica,64,1682.51
2025-12-31,Albania,65,1681.56
2025-12-31,DR Congo,66,1675.29
2025-12-31,Romania,67,1665.83
2025-12-31,Mali,68,1658.03
2025-12-31,Georgia,69,1657.71
2025-12-31,South Africa,70,1656.16
2025-12-31,Ynys Môn,71,1655.35
2025-12-31,Cameroon,72,1653.52
2025-12-31,Isle of Man,73,1648.54
2025-12-31,New Zealand,74,1647.26
2025-12-31,Bolivia,75,1644.4
2025-12-31,Burkina Faso,76,1644.01
2025-12-31,United Arab Emirates,77,1639.53
2025-12-31,Occitania,78,1636.89
2025-12-31,Cape Verde,79,1634.19
2025-12-31,Northern Cyprus,80,1632.03
2025-12-31,Andalusia,81,1630.68
2025-12-31,Jamaica,82,1629.42
2025-12-31,Padania,83,1627.81
2025-12-31,Israel,84,1626.63
2025-12-31,Isle of Wight,85,1625.01
2025-12-31,Honduras,86,1621.12
2025-12-31,Northern Ireland,87,1615.61
2025-12-31,Bosnia and Herzegovina,88,1614.54
2025-12-31,North Macedonia,89,1612.64
2025-12-31,Haiti,90,1609.83
2025-12-31,Kernow,91,1604.81
2025-12-31,Oman,92,1602.46
2025-12-31,Iceland,93,1600.41
2025-12-31,Abkhazia,94,1598.46
2025-12-31,Guatemala,95,1597.28
2025-12-31,Iraqi Kurdistan,96,1597.18
2025-12-31,Qatar,97,1592.75
2025-12-31,Corsica,98,1577.15
2025-12-31,Ghana,99,1576.77
2025-12-31,Rhodes,100,1576.25
2025-12-31,County of Nice,101,1572.68
2025-12-31,Kárpátalja,102,1570.08
2025-12-31,Finland,103,1562.09
2025-12-31,Yorkshire,104,1558.68
2025-12-31,Angola,105,1555.63
2025-12-31,Ellan Vannin,106,1555.4
2025-12-31,Galicia,107,1554.64
2025-12-31,Tamil Eelam,108,1553.74
2025-12-31,Réunion,109,1552.17
2025-12-31,Artsakh,110,1550.29
2025-12-31,Kurdistan,111,1549.57
2025-12-31,Thailand,112,1548.49
2025-12-31,Guinea,113,1546.7
2025-12-31,Suriname,114,1546.28
2025-12-31,New Caledonia,115,1545.59
2025-12-31,Syria,116,1544.99
2025-12-31,Curaçao,117,1542.81
2025-12-31,Libya,118,1538.13
2025-12-31,Arameans Suryoye,119,1536.84
2025-12-31,Montenegro,120,1535.92
2025-12-31,Malaysia,121,1532.18
2025-12-31,Panjab,122,1531.63
2025-12-31,Maule Sur,123,1530.5
2025-12-31,Cascadia,124,1530.18
2025-12-31,Bulgaria,125,1529.64
2025-12-31,Palestine,126,1529.24
2025-12-31,Brittany,127,1529.0
2025-12-31,Belarus,128,1528.1
2025-12-31,Bahrain,129,1527.67
2025-12-31,China,130,1526.62
2025-12-31,Vietnam,131,1526.12
2025-12-31,Trinidad and Tobago,132,1525.39
2025-12-31,Menorca,133,1523.99
2025-12-31,Gabon,134,1522.98
2025-12-31,Canary Islands,135,1522.59
2025-12-31,Zanzibar,136,1520.22
2025-12-31,Biafra,137,1517.46
2025-12-31,Asturias,138,1517.44
2025-12-31,Chameria,139,1516.51
2025-12-31,Silesia,140,1515.73
2025-12-31,Surrey,141,1514.42
2025-12-31,Parishes of Jersey,142,1514.34
2025-12-31,Zambia,143,1513.07
2025-12-31,Elba Island,144,1510.54
2025-12-31,Donetsk PR,145,1509.06
2025-12-31,Quebec,146,1508.55
2025-12-31,Crimea,147,1507.28
2025-12-31,Tahiti,148,1506.58
2025-12-31,Felvidék,149,1506.12
2025-12-31,Franconia,150,1503.92
2025-12-31,Gambia,151,1503.06
2025-12-31,Benin,152,1501.86
2025-12-31,Central Spain,153,1501.37
2025-12-31,Mapuche,154,1500.74
2025-12-31,Matabeleland,155,1499.53
2025-12-31,Saugeais,156,1497.88
2025-12-31,Délvidék,157,1496.09
2025-12-31,United Koreans in Japan,158,1496.04
2025-12-31,Sealand,159,1494.22
2025-12-31,Guadeloupe,160,1492.53
2025-12-31,Kuwait,161,1492.09
2025-12-31,Uganda,162,1491.08
2025-12-31,Madrid,163,1489.32
2025-12-31,Mozambique,164,1487.57
2025-12-31,North Korea,165,1486.91
2025-12-31,Cilento,166,1484.99
2025-12-31,Luhansk PR,167,1484.7
2025-12-31,Western Armenia,168,1484.47
2025-12-31,Åland Islands,169,1483.8
2025-12-31,Ryūkyū,170,1483.63
2025-12-31,Yoruba Nation,171,1483.28
2025-12-31,Somaliland,172,1482.98
2025-12-31,Seborga,173,1482.95
2025-12-31,Indonesia,174,1482.52
2025-12-31,Kyrgyzstan,175,1482.03
2025-12-31,Shetland,176,1479.7
2025-12-31,South Ossetia,177,1479.31
2025-12-31,Republic of St. Pauli,178,1478.8
2025-12-31,West Papua,179,1478.72
2025-12-31,Comoros,180,1478.67
2025-12-31,Gozo,181,1477.98
2025-12-31,East Turkestan,182,1477.75
2025-12-31,Hmong,183,1477.27
2025-12-31,Niue,184,1474.97
2025-12-31,South Yemen,185,1473.5
2025-12-31,Székely Land,186,1473.43
2025-12-31,Madagascar,187,1471.11
2025-12-31,Kabylia,188,1470.79
2025-12-31,Chechnya,189,1469.56
2025-12-31,Aymara,190,1468.77
2025-12-31,Papua New Guinea,191,1467.6
2025-12-31,Kenya,192,1467.57
2025-12-31,Dominican Republic,193,1467.16
2025-12-31,Kazakhstan,194,1466.46
2025-12-31,Romani people,195,1466.05
2025-12-31,Armenia,196,1465.88
2025-12-31,Luxembourg,197,1465.8
2025-12-31,Martinique,198,1464.98
2025-12-31,Monaco,199,1463.77
2025-12-31,North Vietnam,200,1463.0
2025-12-31,Nicaragua,201,1462.17
2025-12-31,Sápmi,202,1460.09
2025-12-31,Niger,203,1459.42
2025-12-31,Ticino,204,1458.39
2025-12-31,El Salvador,205,1456.04
2025-12-31,Palau,206,1455.82
2025-12-31,Togo,207,1454.57
2025-12-31,Sudan,208,1453.79
2025-12-31,Găgăuzia,209,1453.55
2025-12-31,Estonia,210,1452.5
2025-12-31,Manchukuo,211,1451.84
2025-12-31,Western Isles,212,1450.29
2025-12-31,Saarland,213,1449.76
2025-12-31,Western Sahara,214,1449.73
2025-12-31,Provence,215,1447.75
2025-12-31,Greenland,216,1447.72
2025-12-31,Mauritania,217,1445.43
2025-12-31,Malawi,218,1445.38
2025-12-31,Marshall Islands,219,1443.17
2025-12-31,Two Sicilies,220,1442.45
2025-12-31,Fiji,221,1441.25
2025-12-31,Equatorial Guinea,222,1439.71
2025-12-31,Tajikistan,223,1439.51
2025-12-31,Rwanda,224,1439.43
2025-12-31,Vanuatu,225,1438.6
2025-12-31,Sark,226,1437.57
2025-12-31,Guyana,227,1437.27
2025-12-31,Sierra Leone,228,1434.65
2025-12-31,Gotland,229,1434.33
2025-12-31,Faroe Islands,230,1434.33
2025-12-31,Azerbaijan,231,1434.29
2025-12-31,Zimbabwe,232,1431.04
2025-12-31,Mayotte,233,1430.4
2025-12-31,Orkney,234,1429.48
2025-12-31,Lebanon,235,1429.44
2025-12-31,Barawa,236,1428.37
2025-12-31,Vatican City,237,1427.61
2025-12-31,Ambazonia,238,1425.01
2025-12-31,Tanzania,239,1422.08
2025-12-31,Botswana,240,1420.99
2025-12-31,Solomon Islands,241,1419.06
2025-12-31,Saint Barthélemy,242,1417.71
2025-12-31,Namibia,243,1416.67
2025-12-31,Vietnam Republic,244,1416.37
2025-12-31,Micronesia,245,1412.66
2025-12-31,Raetia,246,1411.8
2025-12-31,Western Australia,247,1409.92
2025-12-31,Malta,248,1409.15
2025-12-31,Cyprus,249,1408.43
2025-12-31,French Guiana,250,1403.62
2025-12-31,Darfur,251,1401.51
2025-12-31,Yemen DPR,252,1400.88
2025-12-31,Burundi,253,1399.54
2025-12-31,Saint Vincent and the Grenadines,254,1397.24
2025-12-31,Liberia,255,1396.27
2025-12-31,Ethiopia,256,1395.42
2025-12-31,Turkmenistan,257,1395.07
2025-12-31,Saint Pierre and Miquelon,258,1393.06
2025-12-31,Moldova,259,1392.07
2025-12-31,Saint Helena,260,1391.98
2025-12-31,Cuba,261,1389.55
2025-12-31,Chagos Islands,262,1386.13
2025-12-31,Latvia,263,1385.97
2025-12-31,Hitra,264,1384.4
2025-12-31,Lesotho,265,1382.86
2025-12-31,Central African Republic,266,1372.18
2025-12-31,Lithuania,267,1369.64
2025-12-31,Hong Kong,268,1367.53
2025-12-31,Guinea-Bissau,269,1366.26
2025-12-31,Puerto Rico,270,1365.21
2025-12-31,Kiribati,271,1360.97
2025-12-31,Philippines,272,1359.89
2025-12-31,Saare County,273,1359.7
2025-12-31,Singapore,274,1357.37
2025-12-31,Bermuda,275,1356.31
2025-12-31,Congo,276,1352.78
2025-12-31,Belize,277,1350.9
2025-12-31,Grenada,278,1349.12
2025-12-31,Wallis Islands and Futuna,279,1346.32
2025-12-31,Eswatini,280,1325.42
2025-12-31,Sint Maarten,281,1324.33
2025-12-31,India,282,1320.32
2025-12-31,Saint Kitts and Nevis,283,1320.13
2025-12-31,Samoa,284,1316.05
2025-12-31,Yemen,285,1315.35
2025-12-31,Tibet,286,1309.68
2025-12-31,Tuvalu,287,1304.72
2025-12-31,Saint Lucia,288,1303.24
2025-12-31,South Sudan,289,1295.3
2025-12-31,Falkland Islands,290,1290.69
2025-12-31,Montserrat,291,1290.08
2025-12-31,Chad,292,1278.91
2025-12-31,Frøya,293,1270.57
2025-12-31,Saint Martin,294,1266.0
2025-12-31,Cook Islands,295,1254.27
2025-12-31,Mauritius,296,1251.65
2025-12-31,Eritrea,297,1245.43
2025-12-31,Bonaire,298,1245.28
2025-12-31,Afghanistan,299,1237.12
2025-12-31,Aruba,300,1229.68
2025-12-31,Dominica,301,1226.85
2025-12-31,Myanmar,302,1223.71
2025-12-31,Antigua and Barbuda,303,1222.17
2025-12-31,Barbados,304,1220.7
2025-12-31,São Tomé and Príncipe,305,1215.54
2025-12-31,Bangladesh,306,1215.41
2025-12-31,Andorra,307,1215.0
2025-12-31,Gibraltar,308,1214.89
2025-12-31,Nepal,309,1193.29
2025-12-31,Turks and Caicos Islands,310,1190.67
2025-12-31,Tonga,311,1189.23
2025-12-31,Taiwan,312,1186.53
2025-12-31,Cayman Islands,313,1183.64
2025-12-31,Alderney,314,1145.31
2025-12-31,American Samoa,315,1144.92
2025-12-31,Cambodia,316,1138.39
2025-12-31,Bahamas,317,1137.92
2025-12-31,Northern Mariana Islands,318,1137.86
2025-12-31,Djibouti,319,1130.63
2025-12-31,Maldives,320,1127.46
2025-12-31,Somalia,321,1121.51
2025-12-31,Sri Lanka,322,1113.04
2025-12-31,British Virgin Islands,323,1110.95
2025-12-31,Liechtenstein,324,1105.64
2025-12-31,United States Virgin Islands,325,1101.1
2025-12-31,Mongolia,326,1100.9
2025-12-31,Pakistan,327,1091.52
2025-12-31,Guam,328,1089.75
2025-12-31,Seychelles,329,1082.08
2025-12-31,Laos,330,1067.81
2025-12-31,Anguilla,331,1042.12
2025-12-31,Brunei,332,1036.22
2025-12-31,San Marino,333,1022.59
2025-12-31,Timor-Leste,334,992.9
2025-12-31,Macau,335,989.8
2025-12-31,Bhutan,336,975.79
2026-06-06,Argentina,1,2053.13
2026-06-06,Spain,2,2052.03
2026-06-06,France,3,1991.88
2026-06-06,Portugal,4,1954.47
2026-06-06,Brazil,5,1952.94
2026-06-06,Germany,6,1952.84
2026-06-06,England,7,1945.63
2026-06-06,Colombia,8,1930.48
2026-06-06,Japan,9,1919.64
2026-06-06,Morocco,10,1918.1
2026-06-06,Netherlands,11,1915.03
2026-06-06,Ecuador,12,1896.08
2026-06-06,Italy,13,1889.84
2026-06-06,Belgium,14,1887.98
2026-06-06,Croatia,15,1884.3
2026-06-06,Mexico,16,1884.01
2026-06-06,Turkey,17,1877.4
2026-06-06,Uruguay,18,1857.45
2026-06-06,Switzerland,19,1856.82
2026-06-06,Norway,20,1847.86
2026-06-06,Austria,21,1847.5
2026-06-06,Denmark,22,1847.3
2026-06-06,Iran,23,1827.94
2026-06-06,Senegal,24,1827.25
2026-06-06,Algeria,25,1826.09
2026-06-06,South Korea,26,1825.96
2026-06-06,Canada,27,1821.85
2026-06-06,United States,28,1817.21
2026-06-06,Australia,29,1801.97
2026-06-06,Paraguay,30,1801.31
2026-06-06,Basque Country,31,1792.83
2026-06-06,Ukraine,32,1791.35
2026-06-06,Russia,33,1789.53
2026-06-06,Czech Republic,34,1776.26
2026-06-06,Ivory Coast,35,1771.93
2026-06-06,Nigeria,36,1769.9
2026-06-06,Hungary,37,1763.07
2026-06-06,Uzbekistan,38,1761.64
2026-06-06,Poland,39,1760.26
2026-06-06,Scotland,40,1756.8
2026-06-06,Egypt,41,1756.54
2026-06-06,Sweden,42,1751.35
2026-06-06,Serbia,43,1749.86
2026-06-06,Greece,44,1749.53
2026-06-06,Jersey,45,1746.41
2026-06-06,Chile,46,1733.41
2026-06-06,Yugoslavia,47,1732.26
2026-06-06,Venezuela,48,1731.34
2026-06-06,Panama,49,1728.47
2026-06-06,Slovenia,50,1725.89
2026-06-06,Republic of Ireland,51,1721.42
2026-06-06,Iraq,52,1718.2
2026-06-06,Catalonia,53,1706.41
2026-06-06,Czechoslovakia,54,1705.97
2026-06-06,German DR,55,1699.83
2026-06-06,Peru,56,1698.6
2026-06-06,Kosovo,57,1697.96
2026-06-06,Wales,58,1694.09
2026-06-06,DR Congo,59,1691.8
2026-06-06,Slovakia,60,1690.92
2026-06-06,Jordan,61,1687.64
2026-06-06,Guernsey,62,1685.11
2026-06-06,Tunisia,63,1683.62
2026-06-06,Georgia,64,1671.12
2026-06-06,Costa Rica,65,1666.33
2026-06-06,Cameroon,66,1664.05
2026-06-06,Romania,67,1662.3
2026-06-06,Saudi Arabia,68,1656.97
2026-06-06,Ynys Môn,69,1655.35
2026-06-06,Isle of Man,70,1648.54
2026-06-06,Mali,71,1648.0
2026-06-06,Israel,72,1645.45
2026-06-06,South Africa,73,1640.2
2026-06-06,United Arab Emirates,74,1639.53
2026-06-06,Occitania,75,1636.89
2026-06-06,Bolivia,76,1636.41
2026-06-06,Bosnia and Herzegovina,77,1634.06
2026-06-06,Northern Cyprus,78,1632.03
2026-06-06,Andalusia,79,1630.68
2026-06-06,Padania,80,1627.81
2026-06-06,Northern Ireland,81,1627.25
2026-06-06,New Zealand,82,1626.38
2026-06-06,Isle of Wight,83,1625.01
2026-06-06,Honduras,84,1621.67
2026-06-06,Cape Verde,85,1617.5
2026-06-06,Albania,86,1617.36
2026-06-06,Burkina Faso,87,1616.78
2026-06-06,Jamaica,88,1609.72
2026-06-06,North Macedonia,89,1605.48
2026-06-06,Kernow,90,1604.81
2026-06-06,Haiti,91,1603.02
2026-06-06,Iceland,92,1598.59
2026-06-06,Abkhazia,93,1598.46
2026-06-06,Iraqi Kurdistan,94,1597.18
2026-06-06,Guatemala,95,1581.04
2026-06-06,Oman,96,1580.95
2026-06-06,Corsica,97,1577.15
2026-06-06,Qatar,98,1576.75
2026-06-06,Rhodes,99,1576.25
2026-06-06,County of Nice,100,1572.68
2026-06-06,Finland,101,1571.57
2026-06-06,Kárpátalja,102,1570.08
2026-06-06,Ghana,103,1568.46
2026-06-06,Belarus,104,1567.18
2026-06-06,Yorkshire,105,1558.68
2026-06-06,Montenegro,106,1555.68
2026-06-06,Ellan Vannin,107,1555.4
2026-06-06,Galicia,108,1554.64
2026-06-06,Tamil Eelam,109,1553.74
2026-06-06,Réunion,110,1552.17
2026-06-06,Angola,111,1550.68
2026-06-06,Artsakh,112,1550.29
2026-06-06,China,113,1549.82
2026-06-06,Kurdistan,114,1549.57
2026-06-06,Thailand,115,1545.92
2026-06-06,Arameans Suryoye,116,1536.84
2026-06-06,Suriname,117,1534.98
2026-06-06,New Caledonia,118,1533.61
2026-06-06,Malaysia,119,1532.18
2026-06-06,Panjab,120,1531.63
2026-06-06,Vietnam,121,1530.71
2026-06-06,Maule Sur,122,1530.5
2026-06-06,Cascadia,123,1530.18
2026-06-06,Bulgaria,124,1529.92
2026-06-06,Syria,125,1529.29
2026-06-06,Brittany,126,1529.0
2026-06-06,Libya,127,1528.06
2026-06-06,Palestine,128,1525.58
2026-06-06,Menorca,129,1523.99
2026-06-06,Canary Islands,130,1522.59
2026-06-06,Zanzibar,131,1520.22
2026-06-06,Benin,132,1520.13
2026-06-06,Curaçao,133,1519.77
2026-06-06,Bahrain,134,1517.52
2026-06-06,Biafra,135,1517.46
2026-06-06,Asturias,136,1517.44
2026-06-06,Chameria,137,1516.51
2026-06-06,Gabon,138,1516.37
2026-06-06,Silesia,139,1515.73
2026-06-06,Surrey,140,1514.42
2026-06-06,Parishes of Jersey,141,1514.34
2026-06-06,Guinea,142,1512.95
2026-06-06,Zambia,143,1511.67
2026-06-06,Elba Island,144,1510.54
2026-06-06,Donetsk PR,145,1509.06
2026-06-06,Quebec,146,1508.55
2026-06-06,Crimea,147,1507.28
2026-06-06,Tahiti,148,1506.58
2026-06-06,Felvidék,149,1506.12
2026-06-06,Franconia,150,1503.92
2026-06-06,Trinidad and Tobago,151,1503.26
2026-06-06,Central Spain,152,1501.37
2026-06-06,Mapuche,153,1500.74
2026-06-06,Matabeleland,154,1499.53
2026-06-06,Indonesia,155,1499.3
2026-06-06,Saugeais,156,1497.88
2026-06-06,Délvidék,157,1496.09
2026-06-06,United Koreans in Japan,158,1496.04
2026-06-06,Kuwait,159,1494.66
2026-06-06,Gambia,160,1494.57
2026-06-06,Sealand,161,1494.22
2026-06-06,Kazakhstan,162,1493.99
2026-06-06,Guadeloupe,163,1492.53
2026-06-06,Uganda,164,1491.08
2026-06-06,Madrid,165,1489.32
2026-06-06,North Korea,166,1486.91
2026-06-06,Luxembourg,167,1486.74
2026-06-06,Cilento,168,1484.99
2026-06-06,Luhansk PR,169,1484.7
2026-06-06,Western Armenia,170,1484.47
2026-06-06,Åland Islands,171,1483.8
2026-06-06,Ryūkyū,172,1483.63
2026-06-06,Yoruba Nation,173,1483.28
2026-06-06,Somaliland,174,1482.98
2026-06-06,Madagascar,175,1482.97
2026-06-06,Seborga,176,1482.95
2026-06-06,Mozambique,177,1480.43
2026-06-06,Shetland,178,1479.7
2026-06-06,South Ossetia,179,1479.31
2026-06-06,Republic of St. Pauli,180,1478.8
2026-06-06,West Papua,181,1478.72
2026-06-06,Gozo,182,1477.98
2026-06-06,East Turkestan,183,1477.75
2026-06-06,Hmong,184,1477.27
2026-06-06,Niue,185,1474.97
2026-06-06,El Salvador,186,1474.03
2026-06-06,South Yemen,187,1473.5
2026-06-06,Székely Land,188,1473.43
2026-06-06,Kenya,189,1472.73
2026-06-06,Kabylia,190,1470.79
2026-06-06,Togo,191,1470.31
2026-06-06,Chechnya,192,1469.56
2026-06-06,Aymara,193,1468.77
2026-06-06,Papua New Guinea,194,1467.6
2026-06-06,Rwanda,195,1467.23
2026-06-06,Romani people,196,1466.05
2026-06-06,Monaco,197,1463.77
2026-06-06,North Vietnam,198,1463.0
2026-06-06,Nicaragua,199,1461.44
2026-06-06,Sápmi,200,1460.09
2026-06-06,Comoros,201,1459.47
2026-06-06,Equatorial Guinea,202,1458.99
2026-06-06,Ticino,203,1458.39
2026-06-06,Dominican Republic,204,1457.57
2026-06-06,Palau,205,1455.82
2026-06-06,Guyana,206,1455.67
2026-06-06,Armenia,207,1455.15
2026-06-06,Vanuatu,208,1454.72
2026-06-06,Găgăuzia,209,1453.55
2026-06-06,Estonia,210,1453.1
2026-06-06,Zimbabwe,211,1452.38
2026-06-06,Kyrgyzstan,212,1452.07
2026-06-06,Manchukuo,213,1451.84
2026-06-06,Sudan,214,1450.34
2026-06-06,Western Isles,215,1450.29
2026-06-06,Niger,216,1450.26
2026-06-06,Saarland,217,1449.76
2026-06-06,Western Sahara,218,1449.73
2026-06-06,Tajikistan,219,1449.62
2026-06-06,Mauritania,220,1449.41
2026-06-06,Sierra Leone,221,1449.09
2026-06-06,Provence,222,1447.75
2026-06-06,Greenland,223,1447.72
2026-06-06,Martinique,224,1445.33
2026-06-06,Marshall Islands,225,1443.17
2026-06-06,Two Sicilies,226,1442.45
2026-06-06,Sark,227,1437.57
2026-06-06,Gotland,228,1434.33
2026-06-06,Mayotte,229,1430.4
2026-06-06,Orkney,230,1429.48
2026-06-06,Lebanon,231,1429.44
2026-06-06,Barawa,232,1428.37
2026-06-06,Vatican City,233,1427.61
2026-06-06,Azerbaijan,234,1426.23
2026-06-06,Fiji,235,1425.13
2026-06-06,Ambazonia,236,1425.01
2026-06-06,Cyprus,237,1424.42
2026-06-06,Botswana,238,1423.28
2026-06-06,Malta,239,1421.74
2026-06-06,Faroe Islands,240,1421.07
2026-06-06,Saint Barthélemy,241,1417.71
2026-06-06,Vietnam Republic,242,1416.37
2026-06-06,Ethiopia,243,1412.9
2026-06-06,Micronesia,244,1412.66
2026-06-06,Raetia,245,1411.8
2026-06-06,Malawi,246,1410.08
2026-06-06,Western Australia,247,1409.92
2026-06-06,Namibia,248,1406.38
2026-06-06,French Guiana,249,1403.62
2026-06-06,Darfur,250,1401.51
2026-06-06,Yemen DPR,251,1400.88
2026-06-06,Burundi,252,1397.97
2026-06-06,Cuba,253,1396.31
2026-06-06,Tanzania,254,1395.29
2026-06-06,Turkmenistan,255,1395.07
2026-06-06,Saint Pierre and Miquelon,256,1393.06
2026-06-06,Saint Helena,257,1391.98
2026-06-06,Solomon Islands,258,1387.64
2026-06-06,Lesotho,259,1387.09
2026-06-06,Chagos Islands,260,1386.13
2026-06-06,Latvia,261,1385.75
2026-06-06,Hitra,262,1384.4
2026-06-06,Saint Vincent and the Grenadines,263,1383.48
2026-06-06,Lithuania,264,1381.3
2026-06-06,Bermuda,265,1378.68
2026-06-06,Liberia,266,1377.18
2026-06-06,Central African Republic,267,1376.78
2026-06-06,Hong Kong,268,1373.05
2026-06-06,Puerto Rico,269,1371.28
2026-06-06,Guinea-Bissau,270,1371.11
2026-06-06,Moldova,271,1367.61
2026-06-06,Philippines,272,1365.8
2026-06-06,Kiribati,273,1360.97
2026-06-06,Saare County,274,1359.7
2026-06-06,Singapore,275,1354.87
2026-06-06,Congo,276,1352.78
2026-06-06,Wallis Islands and Futuna,277,1346.32
2026-06-06,Sint Maarten,278,1336.16
2026-06-06,Saint Kitts and Nevis,279,1331.46
2026-06-06,Eswatini,280,1325.42
2026-06-06,Belize,281,1322.62
2026-06-06,Grenada,282,1318.79
2026-06-06,Samoa,283,1316.05
2026-06-06,Yemen,284,1315.35
2026-06-06,Tibet,285,1309.68
2026-06-06,Tuvalu,286,1304.72
2026-06-06,Saint Martin,287,1295.37
2026-06-06,South Sudan,288,1295.3
2026-06-06,India,289,1295.21
2026-06-06,Saint Lucia,290,1293.0
2026-06-06,Falkland Islands,291,1290.69
2026-06-06,Montserrat,292,1290.08
2026-06-06,Chad,293,1278.91
2026-06-06,Frøya,294,1270.57
2026-06-06,Cook Islands,295,1254.27
2026-06-06,Mauritius,296,1251.65
2026-06-06,Afghanistan,297,1248.24
2026-06-06,Eritrea,298,1245.43
2026-06-06,Aruba,299,1241.82
2026-06-06,Gibraltar,300,1241.43
2026-06-06,Myanmar,301,1234.09
2026-06-06,Bonaire,302,1230.44
2026-06-06,Dominica,303,1224.91
2026-06-06,Antigua and Barbuda,304,1222.17
2026-06-06,Bangladesh,305,1219.1
2026-06-06,São Tomé and Príncipe,306,1215.54
2026-06-06,Andorra,307,1213.37
2026-06-06,Barbados,308,1197.96
2026-06-06,Nepal,309,1193.29
2026-06-06,Turks and Caicos Islands,310,1190.67
2026-06-06,Tonga,311,1189.23
2026-06-06,Taiwan,312,1186.53
2026-06-06,Cayman Islands,313,1179.02
2026-06-06,Cambodia,314,1147.4
2026-06-06,Alderney,315,1145.31
2026-06-06,Northern Mariana Islands,316,1137.86
2026-06-06,British Virgin Islands,317,1137.79
2026-06-06,Djibouti,318,1130.63
2026-06-06,Somalia,319,1121.51
2026-06-06,Sri Lanka,320,1113.04
2026-06-06,United States Virgin Islands,321,1113.02
2026-06-06,Liechtenstein,322,1109.33
2026-06-06,American Samoa,323,1108.96
2026-06-06,Pakistan,324,1108.66
2026-06-06,Bahamas,325,1104.47
2026-06-06,Maldives,326,1099.21
2026-06-06,Mongolia,327,1089.43
2026-06-06,Guam,328,1085.96
2026-06-06,Seychelles,329,1082.08
2026-06-06,Laos,330,1067.81
2026-06-06,Anguilla,331,1048.79
2026-06-06,Brunei,332,1036.22
2026-06-06,San Marino,333,1019.58
2026-06-06,Timor-Leste,334,992.9
2026-06-06,Macau,335,980.6
2026-06-06,Bhutan,336,966.78
